fold,max_depth,learning_rate,min_child_weight,subsample,colsample_bytree,reg_alpha,reg_lambda,best_iteration,n_estimators,validation_rmse,test_start,test_end,test_rows,test_signals,xgb_rmse,xgb_mae,xgb_r2,mean_ic,median_ic,ic_signals,dummy_rmse,dummy_mae,dummy_r2
1,4,0.05,0.0,1.0,0.8,0.0,1.0,74,75,0.0646650798108081,2021-11-04,2022-05-04,1250,25,0.06498421408689271,0.047729281573578614,-0.03913998717984968,0.0544524003593453,0.06262221098406477,25,0.06454794662386591,0.04762054947226941,-0.025234418652478885
2,3,0.05,0.0,1.0,0.4,0.0,0.1,11,12,0.06395817725209157,2022-05-04,2022-11-04,1250,25,0.07094898105389141,0.05163417652761402,-0.20492495871967464,-0.0806707774765141,-0.05952788869018555,24,0.06527584867779408,0.047684552894825094,-0.019935549119243667
3,4,0.03,5.0,1.0,0.6,0.0,1.0,0,1,0.06521922097458127,2022-11-04,2023-05-04,1248,25,0.07445420669574808,0.049034420668013716,-0.008157883168818936,,,0,0.0744695951104341,0.04908025718543993,-0.008574664315200042
4,5,0.05,0.0,1.0,0.8,0.0,10.0,139,140,0.07332457581612832,2023-05-04,2023-11-04,1250,25,0.0780701556212747,0.05197038880545304,-0.03909462227232563,0.02835534495849262,0.025945326947324168,25,0.07692294378962171,0.050796123417500304,-0.008780779940881667
5,4,0.05,5.0,1.0,0.6,0.0,0.1,8,9,0.07652148264356742,2023-11-04,2024-05-04,1197,24,0.07611426010406656,0.05151919694552023,-0.0062628346163104975,,,0,0.07606876959946429,0.051544166319605796,-0.005060386481996693
6,5,0.05,0.0,1.0,0.4,0.0,0.1,18,19,0.07596920186739331,2024-05-04,2024-11-04,1249,25,0.0816014758748266,0.056989540960311544,0.005192994119424199,-0.0856233910036305,-0.12144768979998811,16,0.08182784271667451,0.057120114311118804,-0.0003339565665045896
7,5,0.03,0.0,1.0,0.6,0.0,10.0,249,250,0.07975399434070589,2024-11-04,2025-05-04,1198,24,0.08549668480070279,0.0630578602183073,-0.035067288486311465,0.026213432713015503,0.017431170122226138,24,0.08403649305143392,0.06200813842344528,-1.352704465662491e-05
8,5,0.05,0.0,1.0,1.0,0.0,1.0,32,33,0.0828769174540528,2025-05-04,2025-11-04,1249,25,0.07965817060695819,0.05699291580092208,-0.05489750379280456,-0.038829432081569325,-0.028546747401419263,17,0.07927550919480637,0.05628148685004839,-0.04478682725678951
9,3,0.05,5.0,1.0,0.4,0.0,1.0,64,65,0.07867462640984198,2025-11-04,2026-05-04,1249,25,0.09955254174185636,0.06893432657140955,-0.02992236246057467,-0.04115514138364076,-0.06434618623412916,19,0.09964406365798913,0.06862530163402268,-0.031816915724609984
