date,base_rate,usdkrw,bond3y
2018-02-05,1.5,1088.5,2.287
2018-02-06,1.5,1091.5,2.253
2018-02-07,1.5,1086.6,2.248
2018-02-08,1.5,1087.9,2.272
2018-02-09,1.5,1092.1,2.278
2018-02-10,1.5,,
2018-02-11,1.5,,
2018-02-12,1.5,1084.6,2.302
2018-02-13,1.5,1084.5,2.278
2018-02-14,1.5,1077.2,2.265
2018-02-15,1.5,,
2018-02-16,1.5,,
2018-02-17,1.5,,
2018-02-18,1.5,,
2018-02-19,1.5,1067.6,2.302
2018-02-20,1.5,1073.5,2.316
2018-02-21,1.5,1076.2,2.306
2018-02-22,1.5,1084.3,2.303
2018-02-23,1.5,1079.0,2.285
2018-02-24,1.5,,
2018-02-25,1.5,,
2018-02-26,1.5,1073.4,2.263
2018-02-27,1.5,1071.3,2.258
2018-02-28,1.5,1082.8,2.266
2018-03-01,1.5,,
2018-03-02,1.5,1080.3,2.29
2018-03-03,1.5,,
2018-03-04,1.5,,
2018-03-05,1.5,1082.0,2.311
2018-03-06,1.5,1076.1,2.312
2018-03-07,1.5,1069.1,2.297
2018-03-08,1.5,1070.2,2.286
2018-03-09,1.5,1069.8,2.293
2018-03-10,1.5,,
2018-03-11,1.5,,
2018-03-12,1.5,1065.2,2.305
2018-03-13,1.5,1067.5,2.301
2018-03-14,1.5,1064.6,2.274
2018-03-15,1.5,1065.4,2.268
2018-03-16,1.5,1066.2,2.276
2018-03-17,1.5,,
2018-03-18,1.5,,
2018-03-19,1.5,1071.6,2.275
2018-03-20,1.5,1068.6,2.286
2018-03-21,1.5,1072.3,2.291
2018-03-22,1.5,1072.7,2.256
2018-03-23,1.5,1082.2,2.223
2018-03-24,1.5,,
2018-03-25,1.5,,
2018-03-26,1.5,1081.1,2.244
2018-03-27,1.5,1070.3,2.232
2018-03-28,1.5,1070.8,2.222
2018-03-29,1.5,1065.9,2.227
2018-03-30,1.5,1063.5,2.216
2018-03-31,1.5,,
2018-04-01,1.5,,
2018-04-02,1.5,1056.6,2.225
2018-04-03,1.5,1054.2,2.193
2018-04-04,1.5,1059.8,2.168
2018-04-05,1.5,1059.7,2.175
2018-04-06,1.5,1069.6,2.156
2018-04-07,1.5,,
2018-04-08,1.5,,
2018-04-09,1.5,1067.1,2.167
2018-04-10,1.5,1066.4,2.185
2018-04-11,1.5,1066.3,2.165
2018-04-12,1.5,1069.5,2.156
2018-04-13,1.5,1069.5,2.155
2018-04-14,1.5,,
2018-04-15,1.5,,
2018-04-16,1.5,1074.0,2.169
2018-04-17,1.5,1067.0,2.178
2018-04-18,1.5,1068.7,2.196
2018-04-19,1.5,1061.5,2.195
2018-04-20,1.5,1067.3,2.2
2018-04-21,1.5,,
2018-04-22,1.5,,
2018-04-23,1.5,1069.0,2.235
2018-04-24,1.5,1076.8,2.227
2018-04-25,1.5,1080.6,2.246
2018-04-26,1.5,1080.9,2.234
2018-04-27,1.5,1076.6,2.201
2018-04-28,1.5,,
2018-04-29,1.5,,
2018-04-30,1.5,1068.0,2.216
2018-05-01,1.5,,
2018-05-02,1.5,1076.1,2.237
2018-05-03,1.5,1076.3,2.246
2018-05-04,1.5,1077.2,2.28
2018-05-05,1.5,,
2018-05-06,1.5,,
2018-05-07,1.5,,
2018-05-08,1.5,1076.5,2.311
2018-05-09,1.5,1080.9,2.309
2018-05-10,1.5,1073.1,2.276
2018-05-11,1.5,1069.3,2.286
2018-05-12,1.5,,
2018-05-13,1.5,,
2018-05-14,1.5,1068.0,2.309
2018-05-15,1.5,1073.8,2.312
2018-05-16,1.5,1077.6,2.285
2018-05-17,1.5,1081.2,2.262
2018-05-18,1.5,1077.6,2.231
2018-05-19,1.5,,
2018-05-20,1.5,,
2018-05-21,1.5,1085.4,2.251
2018-05-22,1.5,,
2018-05-23,1.5,1080.7,2.235
2018-05-24,1.5,1079.6,2.191
2018-05-25,1.5,1078.0,2.198
2018-05-26,1.5,,
2018-05-27,1.5,,
2018-05-28,1.5,1074.2,2.208
2018-05-29,1.5,1076.8,2.189
2018-05-30,1.5,1080.9,2.192
2018-05-31,1.5,1077.7,2.195
2018-06-01,1.5,1075.0,2.193
2018-06-02,1.5,,
2018-06-03,1.5,,
2018-06-04,1.5,1071.9,2.213
2018-06-05,1.5,1070.7,2.201
2018-06-06,1.5,,
2018-06-07,1.5,1069.0,2.217
2018-06-08,1.5,1075.9,2.189
2018-06-09,1.5,,
2018-06-10,1.5,,
2018-06-11,1.5,1075.2,2.223
2018-06-12,1.5,1077.2,2.223
2018-06-13,1.5,,
2018-06-14,1.5,1083.1,2.227
2018-06-15,1.5,1097.7,2.186
2018-06-16,1.5,,
2018-06-17,1.5,,
2018-06-18,1.5,1104.8,2.178
2018-06-19,1.5,1109.1,2.164
2018-06-20,1.5,1105.1,2.163
2018-06-21,1.5,1112.8,2.149
2018-06-22,1.5,1107.4,2.147
2018-06-23,1.5,,
2018-06-24,1.5,,
2018-06-25,1.5,1117.2,2.143
2018-06-26,1.5,1114.8,2.148
2018-06-27,1.5,1117.6,2.122
2018-06-28,1.5,1124.2,2.115
2018-06-29,1.5,1114.5,2.122
2018-06-30,1.5,,
2018-07-01,1.5,,
2018-07-02,1.5,1120.0,2.123
2018-07-03,1.5,1118.7,2.138
2018-07-04,1.5,1114.5,2.116
2018-07-05,1.5,1118.6,2.093
2018-07-06,1.5,1115.9,2.101
2018-07-07,1.5,,
2018-07-08,1.5,,
2018-07-09,1.5,1112.2,2.107
2018-07-10,1.5,1116.0,2.095
2018-07-11,1.5,1120.0,2.054
2018-07-12,1.5,1125.9,2.09
2018-07-13,1.5,1123.5,2.105
2018-07-14,1.5,,
2018-07-15,1.5,,
2018-07-16,1.5,1129.2,2.088
2018-07-17,1.5,1124.1,2.094
2018-07-18,1.5,1132.3,2.087
2018-07-19,1.5,1133.2,2.089
2018-07-20,1.5,1133.7,2.077
2018-07-21,1.5,,
2018-07-22,1.5,,
2018-07-23,1.5,1131.4,2.077
2018-07-24,1.5,1135.2,2.092
2018-07-25,1.5,1126.3,2.079
2018-07-26,1.5,1119.3,2.071
2018-07-27,1.5,1118.1,2.112
2018-07-28,1.5,,
2018-07-29,1.5,,
2018-07-30,1.5,1120.2,2.128
2018-07-31,1.5,1118.7,2.123
2018-08-01,1.5,1120.6,2.124
2018-08-02,1.5,1126.1,2.113
2018-08-03,1.5,1127.6,2.108
2018-08-04,1.5,,
2018-08-05,1.5,,
2018-08-06,1.5,1124.0,2.097
2018-08-07,1.5,1123.8,2.082
2018-08-08,1.5,1119.9,2.07
2018-08-09,1.5,1117.2,2.05
2018-08-10,1.5,1128.9,2.04
2018-08-11,1.5,,
2018-08-12,1.5,,
2018-08-13,1.5,1133.9,2.051
2018-08-14,1.5,1127.9,2.063
2018-08-15,1.5,,
2018-08-16,1.5,1130.1,2.05
2018-08-17,1.5,1124.9,1.997
2018-08-18,1.5,,
2018-08-19,1.5,,
2018-08-20,1.5,1123.1,1.985
2018-08-21,1.5,1118.4,1.919
2018-08-22,1.5,1118.9,1.962
2018-08-23,1.5,1121.4,1.963
2018-08-24,1.5,1118.9,1.963
2018-08-25,1.5,,
2018-08-26,1.5,,
2018-08-27,1.5,1113.8,1.963
2018-08-28,1.5,1110.0,1.965
2018-08-29,1.5,1110.2,1.955
2018-08-30,1.5,1108.6,1.98
2018-08-31,1.5,1112.9,1.916
2018-09-01,1.5,,
2018-09-02,1.5,,
2018-09-03,1.5,1110.3,1.922
2018-09-04,1.5,1114.9,1.917
2018-09-05,1.5,1121.5,1.9
2018-09-06,1.5,1124.0,1.912
2018-09-07,1.5,1122.8,1.919
2018-09-08,1.5,,
2018-09-09,1.5,,
2018-09-10,1.5,1128.4,1.918
2018-09-11,1.5,1125.3,1.923
2018-09-12,1.5,1128.6,1.893
2018-09-13,1.5,1122.4,1.921
2018-09-14,1.5,1116.6,1.96
2018-09-15,1.5,,
2018-09-16,1.5,,
2018-09-17,1.5,1126.6,1.967
2018-09-18,1.5,1123.2,1.98
2018-09-19,1.5,1121.1,1.996
2018-09-20,1.5,1120.4,2.035
2018-09-21,1.5,1115.3,2.022
2018-09-22,1.5,,
2018-09-23,1.5,,
2018-09-24,1.5,,
2018-09-25,1.5,,
2018-09-26,1.5,,
2018-09-27,1.5,1112.5,2.006
2018-09-28,1.5,1109.3,2.005
2018-09-29,1.5,,
2018-09-30,1.5,,
2018-10-01,1.5,1111.8,2.022
2018-10-02,1.5,1119.2,2.015
2018-10-03,1.5,,
2018-10-04,1.5,1129.9,2.066
2018-10-05,1.5,1130.4,2.084
2018-10-06,1.5,,
2018-10-07,1.5,,
2018-10-08,1.5,1132.7,2.091
2018-10-09,1.5,,
2018-10-10,1.5,1134.0,2.059
2018-10-11,1.5,1144.4,2.012
2018-10-12,1.5,1131.4,2.05
2018-10-13,1.5,,
2018-10-14,1.5,,
2018-10-15,1.5,1134.3,2.051
2018-10-16,1.5,1128.0,2.048
2018-10-17,1.5,1126.5,2.023
2018-10-18,1.5,1135.2,1.981
2018-10-19,1.5,1132.1,1.989
2018-10-20,1.5,,
2018-10-21,1.5,,
2018-10-22,1.5,1128.4,2.009
2018-10-23,1.5,1137.6,1.989
2018-10-24,1.5,1132.3,2.007
2018-10-25,1.5,1138.0,1.982
2018-10-26,1.5,1141.9,1.968
2018-10-27,1.5,,
2018-10-28,1.5,,
2018-10-29,1.5,1141.4,1.894
2018-10-30,1.5,1139.2,1.931
2018-10-31,1.5,1139.6,1.939
2018-11-01,1.5,1138.1,1.942
2018-11-02,1.5,1121.6,1.982
2018-11-03,1.5,,
2018-11-04,1.5,,
2018-11-05,1.5,1123.5,1.982
2018-11-06,1.5,1123.8,1.984
2018-11-07,1.5,1123.3,1.964
2018-11-08,1.5,1117.3,1.966
2018-11-09,1.5,1128.3,1.96
2018-11-10,1.5,,
2018-11-11,1.5,,
2018-11-12,1.5,1133.9,1.945
2018-11-13,1.5,1133.3,1.94
2018-11-14,1.5,1134.3,1.922
2018-11-15,1.5,1129.2,1.943
2018-11-16,1.5,1128.5,1.947
2018-11-17,1.5,,
2018-11-18,1.5,,
2018-11-19,1.5,1128.6,1.942
2018-11-20,1.5,1125.8,1.94
2018-11-21,1.5,1131.6,1.946
2018-11-22,1.5,1129.2,1.942
2018-11-23,1.5,1130.5,1.914
2018-11-24,1.5,,
2018-11-25,1.5,,
2018-11-26,1.5,1128.9,1.914
2018-11-27,1.5,1129.4,1.908
2018-11-28,1.5,1126.5,1.92
2018-11-29,1.5,1119.2,1.889
2018-11-30,1.75,1121.2,1.897
2018-12-01,1.75,,
2018-12-02,1.75,,
2018-12-03,1.75,1110.7,1.924
2018-12-04,1.75,1105.3,1.914
2018-12-05,1.75,1114.1,1.901
2018-12-06,1.75,1120.3,1.839
2018-12-07,1.75,1119.8,1.834
2018-12-08,1.75,,
2018-12-09,1.75,,
2018-12-10,1.75,1126.5,1.803
2018-12-11,1.75,1130.1,1.792
2018-12-12,1.75,1128.5,1.803
2018-12-13,1.75,1123.4,1.795
2018-12-14,1.75,1130.8,1.781
2018-12-15,1.75,,
2018-12-16,1.75,,
2018-12-17,1.75,1131.3,1.795
2018-12-18,1.75,1129.6,1.795
2018-12-19,1.75,1123.5,1.783
2018-12-20,1.75,1127.8,1.8
2018-12-21,1.75,1122.4,1.838
2018-12-22,1.75,,
2018-12-23,1.75,,
2018-12-24,1.75,1125.2,1.846
2018-12-25,1.75,,
2018-12-26,1.75,1125.4,1.807
2018-12-27,1.75,1120.0,1.81
2018-12-28,1.75,1115.7,1.817
2018-12-29,1.75,,
2018-12-30,1.75,,
2018-12-31,1.75,,1.817
2019-01-01,1.75,,
2019-01-02,1.75,1119.0,1.802
2019-01-03,1.75,1127.7,1.796
2019-01-04,1.75,1124.5,1.797
2019-01-05,1.75,,
2019-01-06,1.75,,
2019-01-07,1.75,1118.6,1.807
2019-01-08,1.75,1124.1,1.81
2019-01-09,1.75,1122.1,1.809
2019-01-10,1.75,1118.3,1.796
2019-01-11,1.75,1116.4,1.804
2019-01-12,1.75,,
2019-01-13,1.75,,
2019-01-14,1.75,1123.0,1.797
2019-01-15,1.75,1120.7,1.797
2019-01-16,1.75,1120.1,1.803
2019-01-17,1.75,1122.5,1.795
2019-01-18,1.75,1121.9,1.814
2019-01-19,1.75,,
2019-01-20,1.75,,
2019-01-21,1.75,1128.1,1.821
2019-01-22,1.75,1130.5,1.803
2019-01-23,1.75,1127.3,1.803
2019-01-24,1.75,1128.6,1.81
2019-01-25,1.75,1121.3,1.812
2019-01-26,1.75,,
2019-01-27,1.75,,
2019-01-28,1.75,1117.7,1.82
2019-01-29,1.75,1116.5,1.823
2019-01-30,1.75,1116.3,1.827
2019-01-31,1.75,1112.7,1.809
2019-02-01,1.75,1118.8,1.803
2019-02-02,1.75,,
2019-02-03,1.75,,
2019-02-04,1.75,,
2019-02-05,1.75,,
2019-02-06,1.75,,
2019-02-07,1.75,1124.1,1.801
2019-02-08,1.75,1123.9,1.786
2019-02-09,1.75,,
2019-02-10,1.75,,
2019-02-11,1.75,1124.7,1.781
2019-02-12,1.75,1123.9,1.796
2019-02-13,1.75,1121.7,1.801
2019-02-14,1.75,1125.1,1.794
2019-02-15,1.75,1128.7,1.779
2019-02-16,1.75,,
2019-02-17,1.75,,
2019-02-18,1.75,1125.8,1.804
2019-02-19,1.75,1128.2,1.8
2019-02-20,1.75,1123.5,1.802
2019-02-21,1.75,1125.2,1.811
2019-02-22,1.75,1125.2,1.814
2019-02-23,1.75,,
2019-02-24,1.75,,
2019-02-25,1.75,1121.0,1.819
2019-02-26,1.75,1118.6,1.816
2019-02-27,1.75,1119.1,1.808
2019-02-28,1.75,1124.7,1.813
2019-03-01,1.75,,
2019-03-02,1.75,,
2019-03-03,1.75,,
2019-03-04,1.75,1124.9,1.834
2019-03-05,1.75,1125.5,1.836
2019-03-06,1.75,1128.8,1.828
2019-03-07,1.75,1129.0,1.817
2019-03-08,1.75,1136.2,1.802
2019-03-09,1.75,,
2019-03-10,1.75,,
2019-03-11,1.75,1133.7,1.81
2019-03-12,1.75,1129.8,1.81
2019-03-13,1.75,1132.6,1.795
2019-03-14,1.75,1134.8,1.793
2019-03-15,1.75,1137.3,1.803
2019-03-16,1.75,,
2019-03-17,1.75,,
2019-03-18,1.75,1132.1,1.812
2019-03-19,1.75,1130.6,1.81
2019-03-20,1.75,1130.4,1.813
2019-03-21,1.75,1127.7,1.793
2019-03-22,1.75,1130.1,1.8
2019-03-23,1.75,,
2019-03-24,1.75,,
2019-03-25,1.75,1134.2,1.77
2019-03-26,1.75,1133.4,1.763
2019-03-27,1.75,1134.5,1.722
2019-03-28,1.75,1136.8,1.679
2019-03-29,1.75,1135.1,1.69
2019-03-30,1.75,,
2019-03-31,1.75,,
2019-04-01,1.75,1133.7,1.726
2019-04-02,1.75,1136.4,1.706
2019-04-03,1.75,1134.3,1.72
2019-04-04,1.75,1136.3,1.72
2019-04-05,1.75,1136.6,1.735
2019-04-06,1.75,,
2019-04-07,1.75,,
2019-04-08,1.75,1144.7,1.723
2019-04-09,1.75,1142.1,1.725
2019-04-10,1.75,1138.6,1.731
2019-04-11,1.75,1139.4,1.732
2019-04-12,1.75,1139.4,1.733
2019-04-13,1.75,,
2019-04-14,1.75,,
2019-04-15,1.75,1133.1,1.761
2019-04-16,1.75,1135.7,1.765
2019-04-17,1.75,1134.8,1.778
2019-04-18,1.75,1136.9,1.741
2019-04-19,1.75,1136.9,1.756
2019-04-20,1.75,,
2019-04-21,1.75,,
2019-04-22,1.75,1141.5,1.769
2019-04-23,1.75,1141.8,1.768
2019-04-24,1.75,1150.9,1.749
2019-04-25,1.75,1160.5,1.724
2019-04-26,1.75,1161.0,1.72
2019-04-27,1.75,,
2019-04-28,1.75,,
2019-04-29,1.75,1158.5,1.712
2019-04-30,1.75,1168.2,1.699
2019-05-01,1.75,,
2019-05-02,1.75,1165.7,1.732
2019-05-03,1.75,1170.0,1.739
2019-05-04,1.75,,
2019-05-05,1.75,,
2019-05-06,1.75,,
2019-05-07,1.75,1166.5,1.723
2019-05-08,1.75,1169.4,1.717
2019-05-09,1.75,1179.8,1.708
2019-05-10,1.75,1177.0,1.719
2019-05-11,1.75,,
2019-05-12,1.75,,
2019-05-13,1.75,1187.5,1.721
2019-05-14,1.75,1189.4,1.711
2019-05-15,1.75,1188.6,1.71
2019-05-16,1.75,1191.5,1.675
2019-05-17,1.75,1195.7,1.67
2019-05-18,1.75,,
2019-05-19,1.75,,
2019-05-20,1.75,1194.2,1.681
2019-05-21,1.75,1194.0,1.663
2019-05-22,1.75,1192.8,1.667
2019-05-23,1.75,1189.2,1.648
2019-05-24,1.75,1188.4,1.643
2019-05-25,1.75,,
2019-05-26,1.75,,
2019-05-27,1.75,1184.5,1.652
2019-05-28,1.75,1185.8,1.654
2019-05-29,1.75,1193.9,1.619
2019-05-30,1.75,1188.8,1.626
2019-05-31,1.75,1190.9,1.587
2019-06-01,1.75,,
2019-06-02,1.75,,
2019-06-03,1.75,1182.1,1.575
2019-06-04,1.75,1182.8,1.57
2019-06-05,1.75,1178.6,1.542
2019-06-06,1.75,,
2019-06-07,1.75,1181.4,1.537
2019-06-08,1.75,,
2019-06-09,1.75,,
2019-06-10,1.75,1185.2,1.533
2019-06-11,1.75,1180.4,1.542
2019-06-12,1.75,1182.6,1.469
2019-06-13,1.75,1183.1,1.48
2019-06-14,1.75,1185.3,1.47
2019-06-15,1.75,,
2019-06-16,1.75,,
2019-06-17,1.75,1186.5,1.491
2019-06-18,1.75,1185.8,1.493
2019-06-19,1.75,1176.1,1.484
2019-06-20,1.75,1162.1,1.42
2019-06-21,1.75,1164.0,1.44
2019-06-22,1.75,,
2019-06-23,1.75,,
2019-06-24,1.75,1156.5,1.44
2019-06-25,1.75,1156.2,1.478
2019-06-26,1.75,1156.6,1.496
2019-06-27,1.75,1158.1,1.494
2019-06-28,1.75,1154.7,1.472
2019-06-29,1.75,,
2019-06-30,1.75,,
2019-07-01,1.75,1158.8,1.479
2019-07-02,1.75,1166.0,1.463
2019-07-03,1.75,1171.3,1.429
2019-07-04,1.75,1168.6,1.416
2019-07-05,1.75,1170.4,1.423
2019-07-06,1.75,,
2019-07-07,1.75,,
2019-07-08,1.75,1182.0,1.422
2019-07-09,1.75,1180.5,1.424
2019-07-10,1.75,1181.6,1.438
2019-07-11,1.75,1173.5,1.419
2019-07-12,1.75,1179.2,1.424
2019-07-13,1.75,,
2019-07-14,1.75,,
2019-07-15,1.75,1179.3,1.434
2019-07-16,1.75,1177.6,1.431
2019-07-17,1.75,1181.3,1.399
2019-07-18,1.5,1178.8,1.345
2019-07-19,1.5,1174.5,1.327
2019-07-20,1.5,,
2019-07-21,1.5,,
2019-07-22,1.5,1178.3,1.333
2019-07-23,1.5,1178.9,1.339
2019-07-24,1.5,1177.9,1.321
2019-07-25,1.5,1181.5,1.302
2019-07-26,1.5,1184.8,1.308
2019-07-27,1.5,,
2019-07-28,1.5,,
2019-07-29,1.5,1183.5,1.306
2019-07-30,1.5,1181.6,1.301
2019-07-31,1.5,1183.1,1.292
2019-08-01,1.5,1188.5,1.309
2019-08-02,1.5,1198.0,1.26
2019-08-03,1.5,,
2019-08-04,1.5,,
2019-08-05,1.5,1215.3,1.172
2019-08-06,1.5,1215.3,1.163
2019-08-07,1.5,1214.9,1.153
2019-08-08,1.5,1209.2,1.165
2019-08-09,1.5,1210.5,1.186
2019-08-10,1.5,,
2019-08-11,1.5,,
2019-08-12,1.5,1216.2,1.182
2019-08-13,1.5,1222.2,1.15
2019-08-14,1.5,1212.7,1.149
2019-08-15,1.5,,
2019-08-16,1.5,1210.8,1.095
2019-08-17,1.5,,
2019-08-18,1.5,,
2019-08-19,1.5,1211.0,1.093
2019-08-20,1.5,1208.3,1.101
2019-08-21,1.5,1202.5,1.156
2019-08-22,1.5,1207.4,1.13
2019-08-23,1.5,1210.6,1.169
2019-08-24,1.5,,
2019-08-25,1.5,,
2019-08-26,1.5,1217.8,1.121
2019-08-27,1.5,1211.2,1.171
2019-08-28,1.5,1213.9,1.18
2019-08-29,1.5,1216.4,1.167
2019-08-30,1.5,1211.2,1.168
2019-08-31,1.5,,
2019-09-01,1.5,,
2019-09-02,1.5,1210.8,1.233
2019-09-03,1.5,1215.6,1.228
2019-09-04,1.5,1208.2,1.241
2019-09-05,1.5,1200.2,1.259
2019-09-06,1.5,1196.9,1.265
2019-09-07,1.5,,
2019-09-08,1.5,,
2019-09-09,1.5,1193.0,1.235
2019-09-10,1.5,1193.3,1.242
2019-09-11,1.5,1191.0,1.258
2019-09-12,1.5,,
2019-09-13,1.5,,
2019-09-14,1.5,,
2019-09-15,1.5,,
2019-09-16,1.5,1183.1,1.348
2019-09-17,1.5,1190.7,1.315
2019-09-18,1.5,1191.3,1.309
2019-09-19,1.5,1193.6,1.329
2019-09-20,1.5,1188.0,1.332
2019-09-21,1.5,,
2019-09-22,1.5,,
2019-09-23,1.5,1194.0,1.331
2019-09-24,1.5,1195.7,1.325
2019-09-25,1.5,1198.8,1.304
2019-09-26,1.5,1198.8,1.301
2019-09-27,1.5,1199.9,1.301
2019-09-28,1.5,,
2019-09-29,1.5,,
2019-09-30,1.5,1196.2,1.297
2019-10-01,1.5,1199.0,1.323
2019-10-02,1.5,1206.0,1.303
2019-10-03,1.5,,
2019-10-04,1.5,1196.8,1.21
2019-10-05,1.5,,
2019-10-06,1.5,,
2019-10-07,1.5,1196.6,1.232
2019-10-08,1.5,1193.1,1.264
2019-10-09,1.5,,
2019-10-10,1.5,1196.2,1.276
2019-10-11,1.5,1188.8,1.281
2019-10-12,1.5,,
2019-10-13,1.5,,
2019-10-14,1.5,1184.9,1.281
2019-10-15,1.5,1185.2,1.281
2019-10-16,1.25,1187.8,1.32
2019-10-17,1.25,1187.0,1.375
2019-10-18,1.25,1181.5,1.375
2019-10-19,1.25,,
2019-10-20,1.25,,
2019-10-21,1.25,1172.0,1.408
2019-10-22,1.25,1169.7,1.379
2019-10-23,1.25,1172.4,1.388
2019-10-24,1.25,1172.9,1.396
2019-10-25,1.25,1173.0,1.435
2019-10-26,1.25,,
2019-10-27,1.25,,
2019-10-28,1.25,1170.7,1.523
2019-10-29,1.25,1163.0,1.499
2019-10-30,1.25,1168.1,1.481
2019-10-31,1.25,1163.4,1.466
2019-11-01,1.25,1165.6,1.467
2019-11-02,1.25,,
2019-11-03,1.25,,
2019-11-04,1.25,1159.2,1.55
2019-11-05,1.25,1157.5,1.522
2019-11-06,1.25,1156.9,1.53
2019-11-07,1.25,1159.3,1.541
2019-11-08,1.25,1157.5,1.518
2019-11-09,1.25,,
2019-11-10,1.25,,
2019-11-11,1.25,1166.8,1.5
2019-11-12,1.25,1160.8,1.564
2019-11-13,1.25,1167.8,1.51
2019-11-14,1.25,1169.7,1.515
2019-11-15,1.25,1166.6,1.513
2019-11-16,1.25,,
2019-11-17,1.25,,
2019-11-18,1.25,1164.5,1.518
2019-11-19,1.25,1167.6,1.485
2019-11-20,1.25,1170.1,1.45
2019-11-21,1.25,1178.1,1.462
2019-11-22,1.25,1178.9,1.456
2019-11-23,1.25,,
2019-11-24,1.25,,
2019-11-25,1.25,1176.0,1.475
2019-11-26,1.25,1176.7,1.475
2019-11-27,1.25,1177.2,1.456
2019-11-28,1.25,1179.0,1.43
2019-11-29,1.25,1181.2,1.385
2019-11-30,1.25,,
2019-12-01,1.25,,
2019-12-02,1.25,1183.1,1.425
2019-12-03,1.25,1187.2,1.46
2019-12-04,1.25,1194.3,1.406
2019-12-05,1.25,1190.2,1.423
2019-12-06,1.25,1189.6,1.43
2019-12-07,1.25,,
2019-12-08,1.25,,
2019-12-09,1.25,1189.9,1.412
2019-12-10,1.25,1191.3,1.39
2019-12-11,1.25,1194.7,1.381
2019-12-12,1.25,1186.8,1.382
2019-12-13,1.25,1171.7,1.402
2019-12-14,1.25,,
2019-12-15,1.25,,
2019-12-16,1.25,1172.3,1.369
2019-12-17,1.25,1166.2,1.363
2019-12-18,1.25,1168.8,1.357
2019-12-19,1.25,1165.6,1.383
2019-12-20,1.25,1160.6,1.392
2019-12-21,1.25,,
2019-12-22,1.25,,
2019-12-23,1.25,1164.3,1.38
2019-12-24,1.25,1163.9,1.37
2019-12-25,1.25,,
2019-12-26,1.25,1161.8,1.367
2019-12-27,1.25,1161.5,1.37
2019-12-28,1.25,,
2019-12-29,1.25,,
2019-12-30,1.25,1156.4,1.36
2019-12-31,1.25,,1.36
2020-01-01,1.25,,
2020-01-02,1.25,1158.1,1.327
2020-01-03,1.25,1167.1,1.27
2020-01-04,1.25,,
2020-01-05,1.25,,
2020-01-06,1.25,1172.1,1.277
2020-01-07,1.25,1166.4,1.331
2020-01-08,1.25,1170.8,1.363
2020-01-09,1.25,1159.1,1.416
2020-01-10,1.25,1161.3,1.425
2020-01-11,1.25,,
2020-01-12,1.25,,
2020-01-13,1.25,1156.0,1.418
2020-01-14,1.25,1156.1,1.386
2020-01-15,1.25,1157.0,1.391
2020-01-16,1.25,1161.1,1.426
2020-01-17,1.25,1159.4,1.433
2020-01-18,1.25,,
2020-01-19,1.25,,
2020-01-20,1.25,1158.1,1.455
2020-01-21,1.25,1167.0,1.395
2020-01-22,1.25,1164.6,1.437
2020-01-23,1.25,1168.7,1.424
2020-01-24,1.25,,
2020-01-25,1.25,,
2020-01-26,1.25,,
2020-01-27,1.25,,
2020-01-28,1.25,1176.7,1.352
2020-01-29,1.25,1177.2,1.33
2020-01-30,1.25,1185.0,1.301
2020-01-31,1.25,1191.8,1.303
2020-02-01,1.25,,
2020-02-02,1.25,,
2020-02-03,1.25,1195.0,1.291
2020-02-04,1.25,1187.4,1.331
2020-02-05,1.25,1191.5,1.307
2020-02-06,1.25,1179.8,1.311
2020-02-07,1.25,1186.5,1.28
2020-02-08,1.25,,
2020-02-09,1.25,,
2020-02-10,1.25,1187.1,1.296
2020-02-11,1.25,1181.6,1.299
2020-02-12,1.25,1179.5,1.297
2020-02-13,1.25,1182.8,1.275
2020-02-14,1.25,1183.0,1.33
2020-02-15,1.25,,
2020-02-16,1.25,,
2020-02-17,1.25,1183.9,1.32
2020-02-18,1.25,1189.5,1.271
2020-02-19,1.25,1189.3,1.284
2020-02-20,1.25,1198.7,1.234
2020-02-21,1.25,1209.2,1.182
2020-02-22,1.25,,
2020-02-23,1.25,,
2020-02-24,1.25,1220.2,1.139
2020-02-25,1.25,1210.3,1.171
2020-02-26,1.25,1216.9,1.135
2020-02-27,1.25,1217.2,1.194
2020-02-28,1.25,1213.7,1.104
2020-02-29,1.25,,
2020-03-01,1.25,,
2020-03-02,1.25,1193.7,1.128
2020-03-03,1.25,1195.2,1.11
2020-03-04,1.25,1187.8,1.029
2020-03-05,1.25,1181.2,1.051
2020-03-06,1.25,1192.3,1.078
2020-03-07,1.25,,
2020-03-08,1.25,,
2020-03-09,1.25,1204.2,1.038
2020-03-10,1.25,1193.2,1.082
2020-03-11,1.25,1193.0,1.086
2020-03-12,1.25,1206.5,1.062
2020-03-13,1.25,1219.3,1.149
2020-03-14,1.25,,
2020-03-15,1.25,,
2020-03-16,1.25,1226.0,1.099
2020-03-17,0.75,1243.5,1.03
2020-03-18,0.75,1245.7,1.05
2020-03-19,0.75,1285.7,1.193
2020-03-20,0.75,1246.5,1.107
2020-03-21,0.75,,
2020-03-22,0.75,,
2020-03-23,0.75,1266.5,1.153
2020-03-24,0.75,1249.6,1.127
2020-03-25,0.75,1229.9,1.131
2020-03-26,0.75,1232.8,1.067
2020-03-27,0.75,1210.6,1.06
2020-03-28,0.75,,
2020-03-29,0.75,,
2020-03-30,0.75,1224.4,1.098
2020-03-31,0.75,1217.4,1.07
2020-04-01,0.75,1230.5,1.092
2020-04-02,0.75,1228.3,1.059
2020-04-03,0.75,1230.9,1.066
2020-04-04,0.75,,
2020-04-05,0.75,,
2020-04-06,0.75,1229.3,1.052
2020-04-07,0.75,1221.2,1.047
2020-04-08,0.75,1220.9,1.024
2020-04-09,0.75,1219.5,0.986
2020-04-10,0.75,1208.8,0.97
2020-04-11,0.75,,
2020-04-12,0.75,,
2020-04-13,0.75,1217.9,0.996
2020-04-14,0.75,1217.3,0.996
2020-04-15,0.75,,
2020-04-16,0.75,1228.7,0.982
2020-04-17,0.75,1217.9,1.006
2020-04-18,0.75,,
2020-04-19,0.75,,
2020-04-20,0.75,1220.5,1.013
2020-04-21,0.75,1229.7,1.035
2020-04-22,0.75,1232.2,1.046
2020-04-23,0.75,1229.7,1.036
2020-04-24,0.75,1235.5,1.018
2020-04-25,0.75,,
2020-04-26,0.75,,
2020-04-27,0.75,1226.2,1.026
2020-04-28,0.75,1225.2,1.033
2020-04-29,0.75,1218.2,1.006
2020-04-30,0.75,,
2020-05-01,0.75,,
2020-05-02,0.75,,
2020-05-03,0.75,,
2020-05-04,0.75,1229.1,0.975
2020-05-05,0.75,,
2020-05-06,0.75,1222.1,0.96
2020-05-07,0.75,1225.0,0.946
2020-05-08,0.75,1219.9,0.914
2020-05-09,0.75,,
2020-05-10,0.75,,
2020-05-11,0.75,1220.5,0.926
2020-05-12,0.75,1224.8,0.886
2020-05-13,0.75,1223.8,0.856
2020-05-14,0.75,1228.0,0.869
2020-05-15,0.75,1231.0,0.874
2020-05-16,0.75,,
2020-05-17,0.75,,
2020-05-18,0.75,1232.4,0.887
2020-05-19,0.75,1225.3,0.876
2020-05-20,0.75,1230.3,0.868
2020-05-21,0.75,1230.9,0.856
2020-05-22,0.75,1237.0,0.837
2020-05-23,0.75,,
2020-05-24,0.75,,
2020-05-25,0.75,1244.2,0.815
2020-05-26,0.75,1234.3,0.839
2020-05-27,0.75,1234.4,0.863
2020-05-28,0.5,1239.6,0.818
2020-05-29,0.5,1238.5,0.826
2020-05-30,0.5,,
2020-05-31,0.5,,
2020-06-01,0.5,1225.0,0.831
2020-06-02,0.5,1225.4,0.851
2020-06-03,0.5,1216.8,0.866
2020-06-04,0.5,1218.7,0.886
2020-06-05,0.5,1207.1,0.894
2020-06-06,0.5,,
2020-06-07,0.5,,
2020-06-08,0.5,1204.8,0.902
2020-06-09,0.5,1197.7,0.861
2020-06-10,0.5,1191.2,0.84
2020-06-11,0.5,1196.4,0.837
2020-06-12,0.5,1203.8,0.841
2020-06-13,0.5,,
2020-06-14,0.5,,
2020-06-15,0.5,1216.0,0.861
2020-06-16,0.5,1207.0,0.86
2020-06-17,0.5,1213.9,0.874
2020-06-18,0.5,1208.0,0.842
2020-06-19,0.5,1209.6,0.844
2020-06-20,0.5,,
2020-06-21,0.5,,
2020-06-22,0.5,1215.8,0.846
2020-06-23,0.5,1208.8,0.827
2020-06-24,0.5,1199.4,0.819
2020-06-25,0.5,1204.7,0.817
2020-06-26,0.5,1200.6,0.811
2020-06-27,0.5,,
2020-06-28,0.5,,
2020-06-29,0.5,1198.6,0.842
2020-06-30,0.5,1203.0,0.842
2020-07-01,0.5,1203.4,0.847
2020-07-02,0.5,1200.0,0.831
2020-07-03,0.5,1198.6,0.838
2020-07-04,0.5,,
2020-07-05,0.5,,
2020-07-06,0.5,1195.8,0.854
2020-07-07,0.5,1195.7,0.843
2020-07-08,0.5,1195.5,0.839
2020-07-09,0.5,1195.5,0.84
2020-07-10,0.5,1204.5,0.849
2020-07-11,0.5,,
2020-07-12,0.5,,
2020-07-13,0.5,1200.9,0.86
2020-07-14,0.5,1205.7,0.854
2020-07-15,0.5,1200.5,0.847
2020-07-16,0.5,1205.6,0.829
2020-07-17,0.5,1205.1,0.812
2020-07-18,0.5,,
2020-07-19,0.5,,
2020-07-20,0.5,1203.2,0.801
2020-07-21,0.5,1197.8,0.818
2020-07-22,0.5,1195.3,0.81
2020-07-23,0.5,1197.3,0.798
2020-07-24,0.5,1201.5,0.799
2020-07-25,0.5,,
2020-07-26,0.5,,
2020-07-27,0.5,1196.1,0.803
2020-07-28,0.5,1196.9,0.813
2020-07-29,0.5,1193.1,0.811
2020-07-30,0.5,1194.4,0.799
2020-07-31,0.5,1191.3,0.796
2020-08-01,0.5,,
2020-08-02,0.5,,
2020-08-03,0.5,1193.4,0.799
2020-08-04,0.5,1194.1,0.802
2020-08-05,0.5,1188.8,0.795
2020-08-06,0.5,1183.5,0.807
2020-08-07,0.5,1184.7,0.81
2020-08-08,0.5,,
2020-08-09,0.5,,
2020-08-10,0.5,1185.6,0.83
2020-08-11,0.5,1185.6,0.818
2020-08-12,0.5,1185.3,0.827
2020-08-13,0.5,1183.3,0.815
2020-08-14,0.5,1184.6,0.828
2020-08-15,0.5,,
2020-08-16,0.5,,
2020-08-17,0.5,,
2020-08-18,0.5,1183.7,0.81
2020-08-19,0.5,1181.2,0.805
2020-08-20,0.5,1186.9,0.813
2020-08-21,0.5,1186.3,0.854
2020-08-22,0.5,,
2020-08-23,0.5,,
2020-08-24,0.5,1189.1,0.824
2020-08-25,0.5,1185.1,0.825
2020-08-26,0.5,1186.8,0.835
2020-08-27,0.5,1185.0,0.852
2020-08-28,0.5,1184.3,0.893
2020-08-29,0.5,,
2020-08-30,0.5,,
2020-08-31,0.5,1187.8,0.94
2020-09-01,0.5,1183.0,0.977
2020-09-02,0.5,1185.4,0.923
2020-09-03,0.5,1188.3,0.919
2020-09-04,0.5,1189.6,0.929
2020-09-05,0.5,,
2020-09-06,0.5,,
2020-09-07,0.5,1188.3,0.973
2020-09-08,0.5,1186.4,0.949
2020-09-09,0.5,1189.1,0.915
2020-09-10,0.5,1184.9,0.915
2020-09-11,0.5,1186.9,0.926
2020-09-12,0.5,,
2020-09-13,0.5,,
2020-09-14,0.5,1183.5,0.919
2020-09-15,0.5,1179.0,0.907
2020-09-16,0.5,1176.1,0.91
2020-09-17,0.5,1174.4,0.914
2020-09-18,0.5,1160.3,0.907
2020-09-19,0.5,,
2020-09-20,0.5,,
2020-09-21,0.5,1158.0,0.904
2020-09-22,0.5,1165.0,0.897
2020-09-23,0.5,1164.4,0.883
2020-09-24,0.5,1172.7,0.857
2020-09-25,0.5,1172.3,0.855
2020-09-26,0.5,,
2020-09-27,0.5,,
2020-09-28,0.5,1173.6,0.843
2020-09-29,0.5,1169.5,0.846
2020-09-30,0.5,,
2020-10-01,0.5,,
2020-10-02,0.5,,
2020-10-03,0.5,,
2020-10-04,0.5,,
2020-10-05,0.5,1163.4,0.881
2020-10-06,0.5,1161.0,0.905
2020-10-07,0.5,1158.2,0.91
2020-10-08,0.5,1153.3,0.907
2020-10-09,0.5,,
2020-10-10,0.5,,
2020-10-11,0.5,,
2020-10-12,0.5,1146.8,0.925
2020-10-13,0.5,1147.1,0.923
2020-10-14,0.5,1146.9,0.901
2020-10-15,0.5,1143.2,0.877
2020-10-16,0.5,1147.4,0.888
2020-10-17,0.5,,
2020-10-18,0.5,,
2020-10-19,0.5,1142.0,0.891
2020-10-20,0.5,1139.4,0.911
2020-10-21,0.5,1131.9,0.934
2020-10-22,0.5,1132.9,0.925
2020-10-23,0.5,1132.9,0.91
2020-10-24,0.5,,
2020-10-25,0.5,,
2020-10-26,0.5,1127.7,0.908
2020-10-27,0.5,1125.5,0.917
2020-10-28,0.5,1130.6,0.914
2020-10-29,0.5,1131.4,0.927
2020-10-30,0.5,1135.1,0.935
2020-10-31,0.5,,
2020-11-01,0.5,,
2020-11-02,0.5,1133.6,0.971
2020-11-03,0.5,1134.1,0.98
2020-11-04,0.5,1137.7,0.955
2020-11-05,0.5,1128.2,0.927
2020-11-06,0.5,1120.4,0.943
2020-11-07,0.5,,
2020-11-08,0.5,,
2020-11-09,0.5,1113.9,0.959
2020-11-10,0.5,1115.1,0.976
2020-11-11,0.5,1110.0,0.989
2020-11-12,0.5,1114.8,0.969
2020-11-13,0.5,1115.6,0.965
2020-11-14,0.5,,
2020-11-15,0.5,,
2020-11-16,0.5,1109.3,0.97
2020-11-17,0.5,1106.6,0.96
2020-11-18,0.5,1103.8,0.949
2020-11-19,0.5,1115.6,0.955
2020-11-20,0.5,1114.3,0.963
2020-11-21,0.5,,
2020-11-22,0.5,,
2020-11-23,0.5,1110.4,0.955
2020-11-24,0.5,1112.7,0.963
2020-11-25,0.5,1108.9,0.971
2020-11-26,0.5,1104.6,0.981
2020-11-27,0.5,1103.2,0.979
2020-11-28,0.5,,
2020-11-29,0.5,,
2020-11-30,0.5,1106.5,0.983
2020-12-01,0.5,1106.2,0.982
2020-12-02,0.5,1100.8,0.982
2020-12-03,0.5,1097.0,0.975
2020-12-04,0.5,1082.1,0.966
2020-12-05,0.5,,
2020-12-06,0.5,,
2020-12-07,0.5,1082.1,0.961
2020-12-08,0.5,1085.4,0.959
2020-12-09,0.5,1084.8,0.966
2020-12-10,0.5,1087.7,0.973
2020-12-11,0.5,1090.3,0.98
2020-12-12,0.5,,
2020-12-13,0.5,,
2020-12-14,0.5,1091.8,0.986
2020-12-15,0.5,1093.3,0.984
2020-12-16,0.5,1094.0,0.989
2020-12-17,0.5,1093.3,0.999
2020-12-18,0.5,1099.7,0.963
2020-12-19,0.5,,
2020-12-20,0.5,,
2020-12-21,0.5,1102.7,0.959
2020-12-22,0.5,1107.4,0.945
2020-12-23,0.5,1107.9,0.932
2020-12-24,0.5,1103.0,0.95
2020-12-25,0.5,,
2020-12-26,0.5,,
2020-12-27,0.5,,
2020-12-28,0.5,1096.7,0.958
2020-12-29,0.5,1092.1,0.973
2020-12-30,0.5,1086.3,0.978
2020-12-31,0.5,,0.976
2021-01-01,0.5,,
2021-01-02,0.5,,
2021-01-03,0.5,,
2021-01-04,0.5,1082.1,0.954
2021-01-05,0.5,1087.6,0.936
2021-01-06,0.5,1085.6,0.953
2021-01-07,0.5,1087.3,0.964
2021-01-08,0.5,1089.8,0.978
2021-01-09,0.5,,
2021-01-10,0.5,,
2021-01-11,0.5,1097.3,0.969
2021-01-12,0.5,1099.9,0.976
2021-01-13,0.5,1095.1,0.979
2021-01-14,0.5,1098.0,0.988
2021-01-15,0.5,1099.4,0.973
2021-01-16,0.5,,
2021-01-17,0.5,,
2021-01-18,0.5,1103.9,0.968
2021-01-19,0.5,1102.9,0.974
2021-01-20,0.5,1100.3,0.976
2021-01-21,0.5,1098.2,0.971
2021-01-22,0.5,1103.2,0.993
2021-01-23,0.5,,
2021-01-24,0.5,,
2021-01-25,0.5,1100.7,1.006
2021-01-26,0.5,1106.5,1.007
2021-01-27,0.5,1104.4,0.982
2021-01-28,0.5,1119.6,0.977
2021-01-29,0.5,1118.8,0.971
2021-01-30,0.5,,
2021-01-31,0.5,,
2021-02-01,0.5,1116.5,0.994
2021-02-02,0.5,1117.7,0.98
2021-02-03,0.5,1114.9,0.978
2021-02-04,0.5,1118.5,0.984
2021-02-05,0.5,1123.7,0.982
2021-02-06,0.5,,
2021-02-07,0.5,,
2021-02-08,0.5,1119.6,1.001
2021-02-09,0.5,1116.6,0.99
2021-02-10,0.5,1107.0,0.995
2021-02-11,0.5,,
2021-02-12,0.5,,
2021-02-13,0.5,,
2021-02-14,0.5,,
2021-02-15,0.5,1101.4,0.998
2021-02-16,0.5,1100.1,0.984
2021-02-17,0.5,1107.5,0.986
2021-02-18,0.5,1107.6,0.985
2021-02-19,0.5,1105.9,0.996
2021-02-20,0.5,,
2021-02-21,0.5,,
2021-02-22,0.5,1110.4,1.02
2021-02-23,0.5,1110.6,1.02
2021-02-24,0.5,1112.2,1.006
2021-02-25,0.5,1107.8,0.995
2021-02-26,0.5,1123.5,1.02
2021-02-27,0.5,,
2021-02-28,0.5,,
2021-03-01,0.5,,
2021-03-02,0.5,1124.0,1.021
2021-03-03,0.5,1120.3,1.019
2021-03-04,0.5,1125.1,1.03
2021-03-05,0.5,1126.1,1.066
2021-03-06,0.5,,
2021-03-07,0.5,,
2021-03-08,0.5,1133.2,1.139
2021-03-09,0.5,1140.3,1.206
2021-03-10,0.5,1142.7,1.182
2021-03-11,0.5,1135.9,1.179
2021-03-12,0.5,1133.8,1.223
2021-03-13,0.5,,
2021-03-14,0.5,,
2021-03-15,0.5,1136.3,1.238
2021-03-16,0.5,1129.7,1.177
2021-03-17,0.5,1130.2,1.177
2021-03-18,0.5,1123.7,1.133
2021-03-19,0.5,1130.6,1.146
2021-03-20,0.5,,
2021-03-21,0.5,,
2021-03-22,0.5,1128.4,1.13
2021-03-23,0.5,1129.7,1.132
2021-03-24,0.5,1133.6,1.115
2021-03-25,0.5,1133.3,1.089
2021-03-26,0.5,1129.3,1.117
2021-03-27,0.5,,
2021-03-28,0.5,,
2021-03-29,0.5,1131.7,1.119
2021-03-30,0.5,1133.6,1.155
2021-03-31,0.5,1131.8,1.133
2021-04-01,0.5,1131.9,1.138
2021-04-02,0.5,1127.5,1.151
2021-04-03,0.5,,
2021-04-04,0.5,,
2021-04-05,0.5,1127.7,1.202
2021-04-06,0.5,1119.6,1.181
2021-04-07,0.5,1116.3,1.181
2021-04-08,0.5,1117.2,1.152
2021-04-09,0.5,1121.2,1.168
2021-04-10,0.5,,
2021-04-11,0.5,,
2021-04-12,0.5,1124.9,1.14
2021-04-13,0.5,1125.9,1.138
2021-04-14,0.5,1116.6,1.102
2021-04-15,0.5,1117.6,1.147
2021-04-16,0.5,1116.3,1.154
2021-04-17,0.5,,
2021-04-18,0.5,,
2021-04-19,0.5,1117.2,1.129
2021-04-20,0.5,1112.3,1.134
2021-04-21,0.5,1118.6,1.11
2021-04-22,0.5,1117.3,1.105
2021-04-23,0.5,1117.8,1.12
2021-04-24,0.5,,
2021-04-25,0.5,,
2021-04-26,0.5,1113.2,1.119
2021-04-27,0.5,1110.4,1.097
2021-04-28,0.5,1113.0,1.105
2021-04-29,0.5,1108.2,1.121
2021-04-30,0.5,1112.3,1.141
2021-05-01,0.5,,
2021-05-02,0.5,,
2021-05-03,0.5,1124.0,1.149
2021-05-04,0.5,1122.6,1.158
2021-05-05,0.5,,
2021-05-06,0.5,1125.8,1.14
2021-05-07,0.5,1121.3,1.137
2021-05-08,0.5,,
2021-05-09,0.5,,
2021-05-10,0.5,1113.8,1.136
2021-05-11,0.5,1119.6,1.128
2021-05-12,0.5,1124.7,1.121
2021-05-13,0.5,1129.3,1.123
2021-05-14,0.5,1128.6,1.116
2021-05-15,0.5,,
2021-05-16,0.5,,
2021-05-17,0.5,1134.8,1.107
2021-05-18,0.5,1130.5,1.099
2021-05-19,0.5,,
2021-05-20,0.5,1132.0,1.103
2021-05-21,0.5,1127.0,1.095
2021-05-22,0.5,,
2021-05-23,0.5,,
2021-05-24,0.5,1127.1,1.116
2021-05-25,0.5,1122.0,1.142
2021-05-26,0.5,1116.9,1.161
2021-05-27,0.5,1118.1,1.124
2021-05-28,0.5,1115.5,1.162
2021-05-29,0.5,,
2021-05-30,0.5,,
2021-05-31,0.5,1110.9,1.227
2021-06-01,0.5,1105.9,1.213
2021-06-02,0.5,1113.3,1.206
2021-06-03,0.5,1113.6,1.191
2021-06-04,0.5,1116.5,1.22
2021-06-05,0.5,,
2021-06-06,0.5,,
2021-06-07,0.5,1112.9,1.201
2021-06-08,0.5,1114.2,1.174
2021-06-09,0.5,1115.4,1.137
2021-06-10,0.5,1115.8,1.282
2021-06-11,0.5,1110.8,1.276
2021-06-12,0.5,,
2021-06-13,0.5,,
2021-06-14,0.5,1116.7,1.287
2021-06-15,0.5,1117.0,1.307
2021-06-16,0.5,1117.2,1.286
2021-06-17,0.5,1130.4,1.327
2021-06-18,0.5,1132.3,1.313
2021-06-19,0.5,,
2021-06-20,0.5,,
2021-06-21,0.5,1134.7,1.351
2021-06-22,0.5,1131.9,1.331
2021-06-23,0.5,1137.7,1.338
2021-06-24,0.5,1134.9,1.384
2021-06-25,0.5,1127.7,1.441
2021-06-26,0.5,,
2021-06-27,0.5,,
2021-06-28,0.5,1130.3,1.47
2021-06-29,0.5,1128.5,1.459
2021-06-30,0.5,1126.1,1.448
2021-07-01,0.5,1133.1,1.469
2021-07-02,0.5,1135.0,1.484
2021-07-03,0.5,,
2021-07-04,0.5,,
2021-07-05,0.5,1131.8,1.462
2021-07-06,0.5,1129.7,1.465
2021-07-07,0.5,1138.1,1.41
2021-07-08,0.5,1145.0,1.358
2021-07-09,0.5,1149.1,1.375
2021-07-10,0.5,,
2021-07-11,0.5,,
2021-07-12,0.5,1147.0,1.384
2021-07-13,0.5,1145.4,1.424
2021-07-14,0.5,1148.5,1.39
2021-07-15,0.5,1141.5,1.497
2021-07-16,0.5,1139.5,1.451
2021-07-17,0.5,,
2021-07-18,0.5,,
2021-07-19,0.5,1147.8,1.459
2021-07-20,0.5,1150.4,1.41
2021-07-21,0.5,1154.0,1.383
2021-07-22,0.5,1149.9,1.397
2021-07-23,0.5,1150.8,1.393
2021-07-24,0.5,,
2021-07-25,0.5,,
2021-07-26,0.5,1155.0,1.369
2021-07-27,0.5,1150.1,1.38
2021-07-28,0.5,1154.6,1.419
2021-07-29,0.5,1146.5,1.431
2021-07-30,0.5,1150.3,1.417
2021-07-31,0.5,,
2021-08-01,0.5,,
2021-08-02,0.5,1150.9,1.435
2021-08-03,0.5,1148.3,1.442
2021-08-04,0.5,1143.6,1.418
2021-08-05,0.5,1143.7,1.414
2021-08-06,0.5,1142.1,1.433
2021-08-07,0.5,,
2021-08-08,0.5,,
2021-08-09,0.5,1144.3,1.436
2021-08-10,0.5,1149.8,1.432
2021-08-11,0.5,1156.4,1.419
2021-08-12,0.5,1161.2,1.413
2021-08-13,0.5,1169.0,1.407
2021-08-14,0.5,,
2021-08-15,0.5,,
2021-08-16,0.5,,
2021-08-17,0.5,1176.3,1.402
2021-08-18,0.5,1168.0,1.389
2021-08-19,0.5,1176.2,1.36
2021-08-20,0.5,1179.6,1.364
2021-08-21,0.5,,
2021-08-22,0.5,,
2021-08-23,0.5,1173.7,1.389
2021-08-24,0.5,1165.6,1.438
2021-08-25,0.5,1168.1,1.435
2021-08-26,0.75,1170.5,1.398
2021-08-27,0.75,1169.2,1.408
2021-08-28,0.75,,
2021-08-29,0.75,,
2021-08-30,0.75,1167.0,1.398
2021-08-31,0.75,1159.5,1.395
2021-09-01,0.75,1157.2,1.417
2021-09-02,0.75,1161.5,1.422
2021-09-03,0.75,1157.0,1.437
2021-09-04,0.75,,
2021-09-05,0.75,,
2021-09-06,0.75,1156.5,1.459
2021-09-07,0.75,1157.8,1.464
2021-09-08,0.75,1166.7,1.489
2021-09-09,0.75,1169.2,1.499
2021-09-10,0.75,1169.1,1.501
2021-09-11,0.75,,
2021-09-12,0.75,,
2021-09-13,0.75,1176.0,1.525
2021-09-14,0.75,1170.8,1.535
2021-09-15,0.75,1170.5,1.492
2021-09-16,0.75,1171.8,1.51
2021-09-17,0.75,1175.0,1.535
2021-09-18,0.75,,
2021-09-19,0.75,,
2021-09-20,0.75,,
2021-09-21,0.75,,
2021-09-22,0.75,,
2021-09-23,0.75,1175.5,1.558
2021-09-24,0.75,1176.5,1.575
2021-09-25,0.75,,
2021-09-26,0.75,,
2021-09-27,0.75,1176.8,1.566
2021-09-28,0.75,1184.4,1.609
2021-09-29,0.75,1181.8,1.603
2021-09-30,0.75,1184.0,1.593
2021-10-01,0.75,1188.7,1.633
2021-10-02,0.75,,
2021-10-03,0.75,,
2021-10-04,0.75,,
2021-10-05,0.75,1188.7,1.65
2021-10-06,0.75,1192.3,1.719
2021-10-07,0.75,1190.4,1.704
2021-10-08,0.75,1194.6,1.701
2021-10-09,0.75,,
2021-10-10,0.75,,
2021-10-11,0.75,,
2021-10-12,0.75,1198.8,1.815
2021-10-13,0.75,1193.8,1.824
2021-10-14,0.75,1186.8,1.813
2021-10-15,0.75,1182.4,1.795
2021-10-16,0.75,,
2021-10-17,0.75,,
2021-10-18,0.75,1187.6,1.875
2021-10-19,0.75,1178.7,1.866
2021-10-20,0.75,1174.2,1.847
2021-10-21,0.75,1177.2,1.836
2021-10-22,0.75,1177.1,1.889
2021-10-23,0.75,,
2021-10-24,0.75,,
2021-10-25,0.75,1168.4,1.919
2021-10-26,0.75,1167.6,1.947
2021-10-27,0.75,1170.0,2.044
2021-10-28,0.75,1169.7,2.017
2021-10-29,0.75,1168.6,2.103
2021-10-30,0.75,,
2021-10-31,0.75,,
2021-11-01,0.75,1176.5,2.108
2021-11-02,0.75,1174.4,2.038
2021-11-03,0.75,1181.6,2.036
2021-11-04,0.75,1182.6,2.04
2021-11-05,0.75,1185.2,1.944
2021-11-06,0.75,,
2021-11-07,0.75,,
2021-11-08,0.75,1183.1,1.906
2021-11-09,0.75,1177.2,1.865
2021-11-10,0.75,1180.9,1.877
2021-11-11,0.75,1180.8,1.913
2021-11-12,0.75,1179.6,1.968
2021-11-13,0.75,,
2021-11-14,0.75,,
2021-11-15,0.75,1178.4,1.912
2021-11-16,0.75,1179.9,1.963
2021-11-17,0.75,1182.5,1.974
2021-11-18,0.75,1180.4,1.953
2021-11-19,0.75,1185.3,1.966
2021-11-20,0.75,,
2021-11-21,0.75,,
2021-11-22,0.75,1185.1,2.018
2021-11-23,0.75,1189.7,2.031
2021-11-24,0.75,1186.5,2.013
2021-11-25,1.0,1190.2,1.933
2021-11-26,1.0,1193.3,1.863
2021-11-27,1.0,,
2021-11-28,1.0,,
2021-11-29,1.0,1193.0,1.844
2021-11-30,1.0,1187.9,1.799
2021-12-01,1.0,1179.2,1.813
2021-12-02,1.0,1175.9,1.845
2021-12-03,1.0,1180.1,1.9
2021-12-04,1.0,,
2021-12-05,1.0,,
2021-12-06,1.0,1183.0,1.865
2021-12-07,1.0,1179.5,1.872
2021-12-08,1.0,1175.9,1.831
2021-12-09,1.0,1174.5,1.794
2021-12-10,1.0,1181.3,1.805
2021-12-11,1.0,,
2021-12-12,1.0,,
2021-12-13,1.0,1180.8,1.79
2021-12-14,1.0,1182.6,1.784
2021-12-15,1.0,1185.2,1.808
2021-12-16,1.0,1183.9,1.766
2021-12-17,1.0,1180.9,1.767
2021-12-18,1.0,,
2021-12-19,1.0,,
2021-12-20,1.0,1190.8,1.74
2021-12-21,1.0,1192.9,1.72
2021-12-22,1.0,1192.0,1.757
2021-12-23,1.0,1187.9,1.805
2021-12-24,1.0,1186.6,1.798
2021-12-25,1.0,,
2021-12-26,1.0,,
2021-12-27,1.0,1186.8,1.776
2021-12-28,1.0,1188.0,1.786
2021-12-29,1.0,1186.5,1.783
2021-12-30,1.0,1188.8,1.799
2021-12-31,1.0,,1.798
2022-01-01,1.0,,
2022-01-02,1.0,,
2022-01-03,1.0,1191.8,1.855
2022-01-04,1.0,1194.1,1.868
2022-01-05,1.0,1196.9,1.913
2022-01-06,1.0,1200.9,2.013
2022-01-07,1.0,1201.5,2.015
2022-01-08,1.0,,
2022-01-09,1.0,,
2022-01-10,1.0,1199.1,2.058
2022-01-11,1.0,1194.8,2.038
2022-01-12,1.0,1190.5,1.998
2022-01-13,1.0,1187.5,1.953
2022-01-14,1.25,1187.3,2.044
2022-01-15,1.25,,
2022-01-16,1.25,,
2022-01-17,1.25,1192.7,2.148
2022-01-18,1.25,1190.1,2.127
2022-01-19,1.25,1191.7,2.073
2022-01-20,1.25,1192.4,2.119
2022-01-21,1.25,1194.0,2.132
2022-01-22,1.25,,
2022-01-23,1.25,,
2022-01-24,1.25,1196.1,2.112
2022-01-25,1.25,1198.6,2.174
2022-01-26,1.25,1197.7,2.156
2022-01-27,1.25,1202.8,2.217
2022-01-28,1.25,1205.5,2.189
2022-01-29,1.25,,
2022-01-30,1.25,,
2022-01-31,1.25,,
2022-02-01,1.25,,
2022-02-02,1.25,,
2022-02-03,1.25,1206.4,2.158
2022-02-04,1.25,1197.0,2.194
2022-02-05,1.25,,
2022-02-06,1.25,,
2022-02-07,1.25,1200.7,2.237
2022-02-08,1.25,1197.7,2.303
2022-02-09,1.25,1196.5,2.279
2022-02-10,1.25,1196.5,2.264
2022-02-11,1.25,1198.5,2.343
2022-02-12,1.25,,
2022-02-13,1.25,,
2022-02-14,1.25,1191.1,2.347
2022-02-15,1.25,1199.8,2.345
2022-02-16,1.25,1197.6,2.325
2022-02-17,1.25,1197.1,2.295
2022-02-18,1.25,1195.9,2.322
2022-02-19,1.25,,
2022-02-20,1.25,,
2022-02-21,1.25,1192.1,2.363
2022-02-22,1.25,1192.7,2.327
2022-02-23,1.25,1193.6,2.317
2022-02-24,1.25,1202.4,2.226
2022-02-25,1.25,1201.6,2.244
2022-02-26,1.25,,
2022-02-27,1.25,,
2022-02-28,1.25,1202.3,2.242
2022-03-01,1.25,,
2022-03-02,1.25,1206.1,2.187
2022-03-03,1.25,1204.6,2.195
2022-03-04,1.25,1214.2,2.214
2022-03-05,1.25,,
2022-03-06,1.25,,
2022-03-07,1.25,1227.1,2.288
2022-03-08,1.25,1237.0,2.287
2022-03-09,1.25,,
2022-03-10,1.25,1228.3,2.267
2022-03-11,1.25,1232.0,2.255
2022-03-12,1.25,,
2022-03-13,1.25,,
2022-03-14,1.25,1242.3,2.283
2022-03-15,1.25,1242.8,2.285
2022-03-16,1.25,1235.7,2.268
2022-03-17,1.25,1214.3,2.217
2022-03-18,1.25,1207.6,2.231
2022-03-19,1.25,,
2022-03-20,1.25,,
2022-03-21,1.25,1216.3,2.268
2022-03-22,1.25,1218.1,2.399
2022-03-23,1.25,1213.8,2.426
2022-03-24,1.25,1218.8,2.455
2022-03-25,1.25,1218.8,2.505
2022-03-26,1.25,,
2022-03-27,1.25,,
2022-03-28,1.25,1227.3,2.747
2022-03-29,1.25,1219.8,2.7
2022-03-30,1.25,1209.6,2.615
2022-03-31,1.25,1212.1,2.663
2022-04-01,1.25,1215.5,2.784
2022-04-02,1.25,,
2022-04-03,1.25,,
2022-04-04,1.25,1214.4,2.837
2022-04-05,1.25,1212.7,2.879
2022-04-06,1.25,1218.3,2.941
2022-04-07,1.25,1219.5,2.905
2022-04-08,1.25,1225.1,2.987
2022-04-09,1.25,,
2022-04-10,1.25,,
2022-04-11,1.25,1233.1,3.186
2022-04-12,1.25,1236.2,3.105
2022-04-13,1.25,1228.0,3.001
2022-04-14,1.5,1224.7,2.888
2022-04-15,1.5,1229.6,2.944
2022-04-16,1.5,,
2022-04-17,1.5,,
2022-04-18,1.5,1234.4,2.99
2022-04-19,1.5,1236.9,2.981
2022-04-20,1.5,1236.1,2.957
2022-04-21,1.5,1239.0,2.927
2022-04-22,1.5,1239.1,2.971
2022-04-23,1.5,,
2022-04-24,1.5,,
2022-04-25,1.5,1249.9,2.857
2022-04-26,1.5,1250.8,2.83
2022-04-27,1.5,1265.2,2.899
2022-04-28,1.5,1272.5,2.925
2022-04-29,1.5,1255.9,2.958
2022-04-30,1.5,,
2022-05-01,1.5,,
2022-05-02,1.5,1265.1,3.086
2022-05-03,1.5,1267.8,3.139
2022-05-04,1.5,1266.3,3.178
2022-05-05,1.5,,
2022-05-06,1.5,1272.7,3.146
2022-05-07,1.5,,
2022-05-08,1.5,,
2022-05-09,1.5,1274.0,3.062
2022-05-10,1.5,1276.4,3.046
2022-05-11,1.5,1275.5,2.928
2022-05-12,1.5,1288.6,2.9
2022-05-13,1.5,1284.2,2.911
2022-05-14,1.5,,
2022-05-15,1.5,,
2022-05-16,1.5,1284.1,3.046
2022-05-17,1.5,1275.0,3.031
2022-05-18,1.5,1266.6,3.069
2022-05-19,1.5,1277.7,3.046
2022-05-20,1.5,1268.1,3.011
2022-05-21,1.5,,
2022-05-22,1.5,,
2022-05-23,1.5,1264.1,3.018
2022-05-24,1.5,1266.2,2.967
2022-05-25,1.5,1264.6,2.946
2022-05-26,1.75,1267.0,2.955
2022-05-27,1.75,1256.2,2.947
2022-05-28,1.75,,
2022-05-29,1.75,,
2022-05-30,1.75,1238.6,2.942
2022-05-31,1.75,1237.2,3.027
2022-06-01,1.75,,
2022-06-02,1.75,1252.1,3.125
2022-06-03,1.75,1242.7,3.121
2022-06-04,1.75,,
2022-06-05,1.75,,
2022-06-06,1.75,,
2022-06-07,1.75,1257.7,3.232
2022-06-08,1.75,1253.8,3.209
2022-06-09,1.75,1256.9,3.171
2022-06-10,1.75,1268.9,3.275
2022-06-11,1.75,,
2022-06-12,1.75,,
2022-06-13,1.75,1284.0,3.514
2022-06-14,1.75,1286.4,3.548
2022-06-15,1.75,1290.5,3.666
2022-06-16,1.75,1285.6,3.728
2022-06-17,1.75,1287.3,3.745
2022-06-18,1.75,,
2022-06-19,1.75,,
2022-06-20,1.75,1292.4,3.675
2022-06-21,1.75,1293.6,3.663
2022-06-22,1.75,1297.3,3.522
2022-06-23,1.75,1301.8,3.608
2022-06-24,1.75,1298.2,3.523
2022-06-25,1.75,,
2022-06-26,1.75,,
2022-06-27,1.75,1286.5,3.568
2022-06-28,1.75,1283.4,3.552
2022-06-29,1.75,1299.0,3.552
2022-06-30,1.75,1298.4,3.55
2022-07-01,1.75,1297.3,3.439
2022-07-02,1.75,,
2022-07-03,1.75,,
2022-07-04,1.75,1297.1,3.43
2022-07-05,1.75,1300.3,3.301
2022-07-06,1.75,1306.3,3.239
2022-07-07,1.75,1299.8,3.262
2022-07-08,1.75,1300.4,3.315
2022-07-09,1.75,,
2022-07-10,1.75,,
2022-07-11,1.75,1303.9,3.324
2022-07-12,1.75,1312.1,3.291
2022-07-13,2.25,1306.9,3.211
2022-07-14,2.25,1312.1,3.26
2022-07-15,2.25,1326.1,3.205
2022-07-16,2.25,,
2022-07-17,2.25,,
2022-07-18,2.25,1317.4,3.212
2022-07-19,2.25,1313.4,3.192
2022-07-20,2.25,1312.9,3.296
2022-07-21,2.25,1307.7,3.294
2022-07-22,2.25,1313.0,3.218
2022-07-23,2.25,,
2022-07-24,2.25,,
2022-07-25,2.25,1313.7,3.153
2022-07-26,2.25,1307.6,3.121
2022-07-27,2.25,1313.3,3.09
2022-07-28,2.25,1296.1,3.13
2022-07-29,2.25,1299.1,3.009
2022-07-30,2.25,,
2022-07-31,2.25,,
2022-08-01,2.25,1304.0,3.081
2022-08-02,2.25,1304.7,3.012
2022-08-03,2.25,1310.3,3.065
2022-08-04,2.25,1310.1,3.114
2022-08-05,2.25,1298.3,3.079
2022-08-06,2.25,,
2022-08-07,2.25,,
2022-08-08,2.25,1306.4,3.134
2022-08-09,2.25,1304.6,3.134
2022-08-10,2.25,1310.4,3.154
2022-08-11,2.25,1303.0,3.124
2022-08-12,2.25,1302.4,3.181
2022-08-13,2.25,,
2022-08-14,2.25,,
2022-08-15,2.25,,
2022-08-16,2.25,1308.1,3.078
2022-08-17,2.25,1310.3,3.087
2022-08-18,2.25,1320.7,3.125
2022-08-19,2.25,1325.9,3.197
2022-08-20,2.25,,
2022-08-21,2.25,,
2022-08-22,2.25,1339.8,3.245
2022-08-23,2.25,1345.5,3.281
2022-08-24,2.25,1342.1,3.311
2022-08-25,2.5,1335.2,3.531
2022-08-26,2.5,1331.3,3.525
2022-08-27,2.5,,
2022-08-28,2.5,,
2022-08-29,2.5,1350.4,3.653
2022-08-30,2.5,1346.7,3.642
2022-08-31,2.5,1337.6,3.685
2022-09-01,2.5,1354.9,3.778
2022-09-02,2.5,1362.6,3.678
2022-09-03,2.5,,
2022-09-04,2.5,,
2022-09-05,2.5,1371.4,3.616
2022-09-06,2.5,1371.7,3.682
2022-09-07,2.5,1384.2,3.685
2022-09-08,2.5,1380.8,3.543
2022-09-09,2.5,,
2022-09-10,2.5,,
2022-09-11,2.5,,
2022-09-12,2.5,,
2022-09-13,2.5,1373.6,3.536
2022-09-14,2.5,1390.9,3.585
2022-09-15,2.5,1393.7,3.77
2022-09-16,2.5,1388.0,3.767
2022-09-17,2.5,,
2022-09-18,2.5,,
2022-09-19,2.5,1393.6,3.759
2022-09-20,2.5,1389.5,3.823
2022-09-21,2.5,1394.2,3.847
2022-09-22,2.5,1409.7,4.104
2022-09-23,2.5,1409.3,4.199
2022-09-24,2.5,,
2022-09-25,2.5,,
2022-09-26,2.5,1431.3,4.548
2022-09-27,2.5,1421.5,4.304
2022-09-28,2.5,1439.9,4.338
2022-09-29,2.5,1438.9,4.303
2022-09-30,2.5,1430.2,4.186
2022-10-01,2.5,,
2022-10-02,2.5,,
2022-10-03,2.5,,
2022-10-04,2.5,1426.5,4.081
2022-10-05,2.5,1410.1,4.157
2022-10-06,2.5,1402.4,4.145
2022-10-07,2.5,1412.4,4.276
2022-10-08,2.5,,
2022-10-09,2.5,,
2022-10-10,2.5,,
2022-10-11,2.5,1435.2,4.342
2022-10-12,3.0,1424.9,4.107
2022-10-13,3.0,1431.3,4.203
2022-10-14,3.0,1428.5,4.207
2022-10-15,3.0,,
2022-10-16,3.0,,
2022-10-17,3.0,1435.3,4.239
2022-10-18,3.0,1422.7,4.242
2022-10-19,3.0,1426.2,4.331
2022-10-20,3.0,1433.3,4.35
2022-10-21,3.0,1439.8,4.495
2022-10-22,3.0,,
2022-10-23,3.0,,
2022-10-24,3.0,1439.7,4.305
2022-10-25,3.0,1433.1,4.221
2022-10-26,3.0,1426.6,4.208
2022-10-27,3.0,1417.0,4.254
2022-10-28,3.0,1421.5,4.112
2022-10-29,3.0,,
2022-10-30,3.0,,
2022-10-31,3.0,1424.3,4.185
2022-11-01,3.0,1417.2,4.068
2022-11-02,3.0,1417.4,4.095
2022-11-03,3.0,1423.8,4.158
2022-11-04,3.0,1419.2,4.118
2022-11-05,3.0,,
2022-11-06,3.0,,
2022-11-07,3.0,1401.2,4.186
2022-11-08,3.0,1384.9,4.156
2022-11-09,3.0,1364.8,4.086
2022-11-10,3.0,1377.5,4.033
2022-11-11,3.0,1318.4,3.834
2022-11-12,3.0,,
2022-11-13,3.0,,
2022-11-14,3.0,1325.9,3.85
2022-11-15,3.0,1317.6,3.753
2022-11-16,3.0,1325.0,3.808
2022-11-17,3.0,1339.1,3.804
2022-11-18,3.0,1340.3,3.787
2022-11-19,3.0,,
2022-11-20,3.0,,
2022-11-21,3.0,1354.7,3.837
2022-11-22,3.0,1356.6,3.844
2022-11-23,3.0,1351.8,3.849
2022-11-24,3.25,1328.2,3.689
2022-11-25,3.25,1323.7,3.644
2022-11-26,3.25,,
2022-11-27,3.25,,
2022-11-28,3.25,1340.2,3.669
2022-11-29,3.25,1326.6,3.723
2022-11-30,3.25,1318.8,3.689
2022-12-01,3.25,1299.7,3.65
2022-12-02,3.25,1299.9,3.616
2022-12-03,3.25,,
2022-12-04,3.25,,
2022-12-05,3.25,1292.6,3.609
2022-12-06,3.25,1318.8,3.633
2022-12-07,3.25,1321.7,3.672
2022-12-08,3.25,1318.0,3.676
2022-12-09,3.25,1301.3,3.657
2022-12-10,3.25,,
2022-12-11,3.25,,
2022-12-12,3.25,1307.2,3.623
2022-12-13,3.25,1306.0,3.623
2022-12-14,3.25,1296.3,3.53
2022-12-15,3.25,1303.1,3.536
2022-12-16,3.25,1305.4,3.539
2022-12-17,3.25,,
2022-12-18,3.25,,
2022-12-19,3.25,1302.9,3.545
2022-12-20,3.25,1289.6,3.685
2022-12-21,3.25,1285.7,3.638
2022-12-22,3.25,1276.2,3.567
2022-12-23,3.25,1280.8,3.623
2022-12-24,3.25,,
2022-12-25,3.25,,
2022-12-26,3.25,1274.8,3.663
2022-12-27,3.25,1271.4,3.662
2022-12-28,3.25,1267.0,3.668
2022-12-29,3.25,1264.5,3.719
2022-12-30,3.25,,3.722
2022-12-31,3.25,,
2023-01-01,3.25,,
2023-01-02,3.25,1272.6,3.782
2023-01-03,3.25,1271.0,3.661
2023-01-04,3.25,1271.7,3.632
2023-01-05,3.25,1269.4,3.644
2023-01-06,3.25,1268.6,3.681
2023-01-07,3.25,,
2023-01-08,3.25,,
2023-01-09,3.25,1243.5,3.577
2023-01-10,3.25,1244.7,3.556
2023-01-11,3.25,1246.2,3.472
2023-01-12,3.25,1245.8,3.466
2023-01-13,3.5,1241.3,3.369
2023-01-14,3.5,,
2023-01-15,3.5,,
2023-01-16,3.5,1235.3,3.454
2023-01-17,3.5,1238.7,3.484
2023-01-18,3.5,1237.4,3.39
2023-01-19,3.5,1232.1,3.248
2023-01-20,3.5,1235.5,3.33
2023-01-21,3.5,,
2023-01-22,3.5,,
2023-01-23,3.5,,
2023-01-24,3.5,,
2023-01-25,3.5,1231.7,3.285
2023-01-26,3.5,1230.7,3.273
2023-01-27,3.5,1231.3,3.304
2023-01-28,3.5,,
2023-01-29,3.5,,
2023-01-30,3.5,1227.4,3.271
2023-01-31,3.5,1231.9,3.325
2023-02-01,3.5,1231.3,3.263
2023-02-02,3.5,1220.3,3.183
2023-02-03,3.5,1229.4,3.11
2023-02-04,3.5,,
2023-02-05,3.5,,
2023-02-06,3.5,1252.8,3.283
2023-02-07,3.5,1255.3,3.315
2023-02-08,3.5,1260.1,3.339
2023-02-09,3.5,1260.4,3.401
2023-02-10,3.5,1265.2,3.398
2023-02-11,3.5,,
2023-02-12,3.5,,
2023-02-13,3.5,1277.3,3.452
2023-02-14,3.5,1269.4,3.429
2023-02-15,3.5,1282.2,3.502
2023-02-16,3.5,1284.8,3.504
2023-02-17,3.5,1299.5,3.639
2023-02-18,3.5,,
2023-02-19,3.5,,
2023-02-20,3.5,1294.5,3.677
2023-02-21,3.5,1295.9,3.623
2023-02-22,3.5,1304.9,3.645
2023-02-23,3.5,1297.1,3.599
2023-02-24,3.5,1304.8,3.555
2023-02-25,3.5,,
2023-02-26,3.5,,
2023-02-27,3.5,1323.0,3.683
2023-02-28,3.5,1322.6,3.797
2023-03-01,3.5,,
2023-03-02,3.5,1315.3,3.878
2023-03-03,3.5,1301.6,3.791
2023-03-04,3.5,,
2023-03-05,3.5,,
2023-03-06,3.5,1296.9,3.774
2023-03-07,3.5,1299.4,3.726
2023-03-08,3.5,1321.4,3.855
2023-03-09,3.5,1322.2,3.858
2023-03-10,3.5,1324.2,3.703
2023-03-11,3.5,,
2023-03-12,3.5,,
2023-03-13,3.5,1301.8,3.435
2023-03-14,3.5,1311.1,3.381
2023-03-15,3.5,1303.7,3.473
2023-03-16,3.5,1313.0,3.4
2023-03-17,3.5,1302.2,3.415
2023-03-18,3.5,,
2023-03-19,3.5,,
2023-03-20,3.5,1310.5,3.264
2023-03-21,3.5,1311.2,3.294
2023-03-22,3.5,1307.7,3.284
2023-03-23,3.5,1278.3,3.206
2023-03-24,3.5,1294.3,3.16
2023-03-25,3.5,,
2023-03-26,3.5,,
2023-03-27,3.5,1301.5,3.22
2023-03-28,3.5,1298.8,3.258
2023-03-29,3.5,1302.7,3.249
2023-03-30,3.5,1299.0,3.24
2023-03-31,3.5,1301.9,3.27
2023-04-01,3.5,,
2023-04-02,3.5,,
2023-04-03,3.5,1316.5,3.342
2023-04-04,3.5,1315.8,3.279
2023-04-05,3.5,1310.5,3.264
2023-04-06,3.5,1319.1,3.211
2023-04-07,3.5,1316.7,3.24
2023-04-08,3.5,,
2023-04-09,3.5,,
2023-04-10,3.5,1319.7,3.192
2023-04-11,3.5,1322.2,3.231
2023-04-12,3.5,1325.7,3.233
2023-04-13,3.5,1310.4,3.199
2023-04-14,3.5,1298.9,3.215
2023-04-15,3.5,,
2023-04-16,3.5,,
2023-04-17,3.5,1311.1,3.287
2023-04-18,3.5,1318.6,3.294
2023-04-19,3.5,1325.7,3.337
2023-04-20,3.5,1322.8,3.334
2023-04-21,3.5,1328.2,3.267
2023-04-22,3.5,,
2023-04-23,3.5,,
2023-04-24,3.5,1334.8,3.23
2023-04-25,3.5,1332.2,3.265
2023-04-26,3.5,1336.3,3.259
2023-04-27,3.5,1338.0,3.288
2023-04-28,3.5,1337.7,3.293
2023-04-29,3.5,,
2023-04-30,3.5,,
2023-05-01,3.5,,
2023-05-02,3.5,1342.1,3.335
2023-05-03,3.5,1338.2,3.281
2023-05-04,3.5,1322.8,3.21
2023-05-05,3.5,,
2023-05-06,3.5,,
2023-05-07,3.5,,
2023-05-08,3.5,1321.4,3.261
2023-05-09,3.5,1323.9,3.256
2023-05-10,3.5,1324.8,3.273
2023-05-11,3.5,1326.3,3.22
2023-05-12,3.5,1334.5,3.225
2023-05-13,3.5,,
2023-05-14,3.5,,
2023-05-15,3.5,1337.0,3.279
2023-05-16,3.5,1338.6,3.242
2023-05-17,3.5,1337.2,3.274
2023-05-18,3.5,1334.2,3.316
2023-05-19,3.5,1326.7,3.34
2023-05-20,3.5,,
2023-05-21,3.5,,
2023-05-22,3.5,1318.1,3.321
2023-05-23,3.5,1312.7,3.373
2023-05-24,3.5,1317.4,3.378
2023-05-25,3.5,1326.0,3.48
2023-05-26,3.5,1324.5,3.524
2023-05-27,3.5,,
2023-05-28,3.5,,
2023-05-29,3.5,,
2023-05-30,3.5,1324.9,3.56
2023-05-31,3.5,1327.2,3.459
2023-06-01,3.5,1321.6,3.478
2023-06-02,3.5,1305.7,3.436
2023-06-03,3.5,,
2023-06-04,3.5,,
2023-06-05,3.5,1308.1,3.502
2023-06-06,3.5,,
2023-06-07,3.5,1303.8,3.471
2023-06-08,3.5,1303.7,3.543
2023-06-09,3.5,1291.5,3.506
2023-06-10,3.5,,
2023-06-11,3.5,,
2023-06-12,3.5,1288.3,3.493
2023-06-13,3.5,1271.4,3.484
2023-06-14,3.5,1278.5,3.545
2023-06-15,3.5,1280.5,3.626
2023-06-16,3.5,1271.9,3.585
2023-06-17,3.5,,
2023-06-18,3.5,,
2023-06-19,3.5,1282.0,3.583
2023-06-20,3.5,1280.3,3.567
2023-06-21,3.5,1292.0,3.571
2023-06-22,3.5,1294.9,3.592
2023-06-23,3.5,1304.2,3.609
2023-06-24,3.5,,
2023-06-25,3.5,,
2023-06-26,3.5,1306.3,3.568
2023-06-27,3.5,1300.3,3.538
2023-06-28,3.5,1307.3,3.557
2023-06-29,3.5,1317.6,3.584
2023-06-30,3.5,1317.7,3.662
2023-07-01,3.5,,
2023-07-02,3.5,,
2023-07-03,3.5,1308.0,3.613
2023-07-04,3.5,1301.4,3.619
2023-07-05,3.5,1298.6,3.618
2023-07-06,3.5,1300.9,3.676
2023-07-07,3.5,1305.0,3.735
2023-07-08,3.5,,
2023-07-09,3.5,,
2023-07-10,3.5,1306.5,3.795
2023-07-11,3.5,1293.7,3.703
2023-07-12,3.5,1288.7,3.704
2023-07-13,3.5,1274.0,3.602
2023-07-14,3.5,1265.8,3.614
2023-07-15,3.5,,
2023-07-16,3.5,,
2023-07-17,3.5,1266.6,3.611
2023-07-18,3.5,1260.4,3.596
2023-07-19,3.5,1265.6,3.543
2023-07-20,3.5,1269.9,3.581
2023-07-21,3.5,1283.4,3.602
2023-07-22,3.5,,
2023-07-23,3.5,,
2023-07-24,3.5,1279.9,3.617
2023-07-25,3.5,1275.4,3.645
2023-07-26,3.5,1274.5,3.627
2023-07-27,3.5,1277.7,3.587
2023-07-28,3.5,1277.0,3.635
2023-07-29,3.5,,
2023-07-30,3.5,,
2023-07-31,3.5,1274.6,3.681
2023-08-01,3.5,1283.8,3.647
2023-08-02,3.5,1298.5,3.677
2023-08-03,3.5,1299.1,3.714
2023-08-04,3.5,1309.8,3.738
2023-08-05,3.5,,
2023-08-06,3.5,,
2023-08-07,3.5,1306.2,3.689
2023-08-08,3.5,1315.7,3.647
2023-08-09,3.5,1315.7,3.672
2023-08-10,3.5,1316.0,3.687
2023-08-11,3.5,1324.9,3.698
2023-08-12,3.5,,
2023-08-13,3.5,,
2023-08-14,3.5,1330.9,3.747
2023-08-15,3.5,,
2023-08-16,3.5,1336.9,3.712
2023-08-17,3.5,1342.0,3.788
2023-08-18,3.5,1338.3,3.729
2023-08-19,3.5,,
2023-08-20,3.5,,
2023-08-21,3.5,1342.6,3.795
2023-08-22,3.5,1335.5,3.802
2023-08-23,3.5,1339.7,3.771
2023-08-24,3.5,1322.6,3.759
2023-08-25,3.5,1325.2,3.789
2023-08-26,3.5,,
2023-08-27,3.5,,
2023-08-28,3.5,1323.4,3.759
2023-08-29,3.5,1321.9,3.74
2023-08-30,3.5,1323.4,3.732
2023-08-31,3.5,1321.8,3.711
2023-09-01,3.5,1318.8,3.689
2023-09-02,3.5,,
2023-09-03,3.5,,
2023-09-04,3.5,1319.8,3.738
2023-09-05,3.5,1330.6,3.765
2023-09-06,3.5,1330.5,3.765
2023-09-07,3.5,1335.4,3.847
2023-09-08,3.5,1333.4,3.795
2023-09-09,3.5,,
2023-09-10,3.5,,
2023-09-11,3.5,1331.1,3.865
2023-09-12,3.5,1327.8,3.863
2023-09-13,3.5,1330.0,3.853
2023-09-14,3.5,1325.7,3.836
2023-09-15,3.5,1325.9,3.85
2023-09-16,3.5,,
2023-09-17,3.5,,
2023-09-18,3.5,1324.4,3.891
2023-09-19,3.5,1328.5,3.887
2023-09-20,3.5,1330.1,3.89
2023-09-21,3.5,1339.7,3.93
2023-09-22,3.5,1336.8,3.876
2023-09-23,3.5,,
2023-09-24,3.5,,
2023-09-25,3.5,1336.5,3.876
2023-09-26,3.5,1348.5,3.891
2023-09-27,3.5,1349.3,3.884
2023-09-28,3.5,,
2023-09-29,3.5,,
2023-09-30,3.5,,
2023-10-01,3.5,,
2023-10-02,3.5,,
2023-10-03,3.5,,
2023-10-04,3.5,1363.5,4.108
2023-10-05,3.5,1350.5,4.081
2023-10-06,3.5,1349.9,4.015
2023-10-07,3.5,,
2023-10-08,3.5,,
2023-10-09,3.5,,
2023-10-10,3.5,1349.5,3.997
2023-10-11,3.5,1338.7,3.953
2023-10-12,3.5,1338.5,3.932
2023-10-13,3.5,1350.0,3.957
2023-10-14,3.5,,
2023-10-15,3.5,,
2023-10-16,3.5,1353.7,3.973
2023-10-17,3.5,1353.6,3.991
2023-10-18,3.5,1349.6,4.031
2023-10-19,3.5,1357.4,4.07
2023-10-20,3.5,1352.4,4.033
2023-10-21,3.5,,
2023-10-22,3.5,,
2023-10-23,3.5,1353.7,4.055
2023-10-24,3.5,1343.1,4.004
2023-10-25,3.5,1349.7,4.038
2023-10-26,3.5,1360.0,4.104
2023-10-27,3.5,1355.9,4.073
2023-10-28,3.5,,
2023-10-29,3.5,,
2023-10-30,3.5,1350.9,4.089
2023-10-31,3.5,1350.5,4.085
2023-11-01,3.5,1357.3,4.071
2023-11-02,3.5,1342.9,3.979
2023-11-03,3.5,1322.4,3.949
2023-11-04,3.5,,
2023-11-05,3.5,,
2023-11-06,3.5,1297.3,3.877
2023-11-07,3.5,1307.9,3.887
2023-11-08,3.5,1310.6,3.868
2023-11-09,3.5,1310.1,3.847
2023-11-10,3.5,1316.8,3.862
2023-11-11,3.5,,
2023-11-12,3.5,,
2023-11-13,3.5,1325.1,3.877
2023-11-14,3.5,1328.9,3.857
2023-11-15,3.5,1300.8,3.744
2023-11-16,3.5,1296.9,3.701
2023-11-17,3.5,1296.9,3.681
2023-11-18,3.5,,
2023-11-19,3.5,,
2023-11-20,3.5,1291.6,3.667
2023-11-21,3.5,1289.2,3.644
2023-11-22,3.5,1300.5,3.666
2023-11-23,3.5,1297.5,3.644
2023-11-24,3.5,1306.4,3.677
2023-11-25,3.5,,
2023-11-26,3.5,,
2023-11-27,3.5,1303.8,3.689
2023-11-28,3.5,1293.7,3.648
2023-11-29,3.5,1289.6,3.554
2023-11-30,3.5,1290.0,3.583
2023-12-01,3.5,1305.8,3.587
2023-12-02,3.5,,
2023-12-03,3.5,,
2023-12-04,3.5,1304.0,3.531
2023-12-05,3.5,1311.2,3.484
2023-12-06,3.5,1313.1,3.463
2023-12-07,3.5,1325.3,3.511
2023-12-08,3.5,1306.8,3.461
2023-12-09,3.5,,
2023-12-10,3.5,,
2023-12-11,3.5,1316.5,3.48
2023-12-12,3.5,1314.0,3.446
2023-12-13,3.5,1319.9,3.465
2023-12-14,3.5,1295.4,3.258
2023-12-15,3.5,1296.5,3.281
2023-12-16,3.5,,
2023-12-17,3.5,,
2023-12-18,3.5,1297.2,3.277
2023-12-19,3.5,1307.8,3.296
2023-12-20,3.5,1298.9,3.232
2023-12-21,3.5,1305.1,3.236
2023-12-22,3.5,1303.0,3.234
2023-12-23,3.5,,
2023-12-24,3.5,,
2023-12-25,3.5,,
2023-12-26,3.5,1294.5,3.221
2023-12-27,3.5,1294.2,3.22
2023-12-28,3.5,1288.0,3.154
2023-12-29,3.5,,3.154
2023-12-30,3.5,,
2023-12-31,3.5,,
2024-01-01,3.5,,
2024-01-02,3.5,1300.4,3.24
2024-01-03,3.5,1304.8,3.278
2024-01-04,3.5,1310.0,3.227
2024-01-05,3.5,1315.4,3.283
2024-01-06,3.5,,
2024-01-07,3.5,,
2024-01-08,3.5,1316.0,3.297
2024-01-09,3.5,1315.7,3.255
2024-01-10,3.5,1320.1,3.269
2024-01-11,3.5,1312.9,3.227
2024-01-12,3.5,1313.5,3.204
2024-01-13,3.5,,
2024-01-14,3.5,,
2024-01-15,3.5,1320.2,3.191
2024-01-16,3.5,1331.8,3.235
2024-01-17,3.5,1344.2,3.277
2024-01-18,3.5,1339.7,3.285
2024-01-19,3.5,1339.0,3.307
2024-01-20,3.5,,
2024-01-21,3.5,,
2024-01-22,3.5,1338.9,3.278
2024-01-23,3.5,1333.4,3.286
2024-01-24,3.5,1337.0,3.3
2024-01-25,3.5,1335.8,3.313
2024-01-26,3.5,1336.3,3.263
2024-01-27,3.5,,
2024-01-28,3.5,,
2024-01-29,3.5,1335.7,3.304
2024-01-30,3.5,1329.4,3.268
2024-01-31,3.5,1334.6,3.261
2024-02-01,3.5,1331.8,3.267
2024-02-02,3.5,1322.6,3.248
2024-02-03,3.5,,
2024-02-04,3.5,,
2024-02-05,3.5,1330.8,3.312
2024-02-06,3.5,1327.6,3.292
2024-02-07,3.5,1327.8,3.286
2024-02-08,3.5,1328.2,3.305
2024-02-09,3.5,,
2024-02-10,3.5,,
2024-02-11,3.5,,
2024-02-12,3.5,,
2024-02-13,3.5,1328.1,3.353
2024-02-14,3.5,1335.4,3.425
2024-02-15,3.5,1334.0,3.405
2024-02-16,3.5,1335.4,3.405
2024-02-17,3.5,,
2024-02-18,3.5,,
2024-02-19,3.5,1335.2,3.397
2024-02-20,3.5,1337.6,3.405
2024-02-21,3.5,1334.7,3.402
2024-02-22,3.5,1328.7,3.342
2024-02-23,3.5,1331.0,3.374
2024-02-24,3.5,,
2024-02-25,3.5,,
2024-02-26,3.5,1331.1,3.34
2024-02-27,3.5,1331.0,3.364
2024-02-28,3.5,1333.6,3.359
2024-02-29,3.5,1331.5,3.385
2024-03-01,3.5,,
2024-03-02,3.5,,
2024-03-03,3.5,,
2024-03-04,3.5,1331.3,3.36
2024-03-05,3.5,1334.5,3.349
2024-03-06,3.5,1334.5,3.325
2024-03-07,3.5,1330.9,3.321
2024-03-08,3.5,1319.8,3.271
2024-03-09,3.5,,
2024-03-10,3.5,,
2024-03-11,3.5,1310.3,3.275
2024-03-12,3.5,1311.0,3.273
2024-03-13,3.5,1314.5,3.251
2024-03-14,3.5,1317.6,3.273
2024-03-15,3.5,1330.5,3.308
2024-03-16,3.5,,
2024-03-17,3.5,,
2024-03-18,3.5,1333.7,3.348
2024-03-19,3.5,1339.8,3.383
2024-03-20,3.5,1339.6,3.371
2024-03-21,3.5,1322.4,3.306
2024-03-22,3.5,1338.4,3.284
2024-03-23,3.5,,
2024-03-24,3.5,,
2024-03-25,3.5,1342.1,3.29
2024-03-26,3.5,1339.5,3.301
2024-03-27,3.5,1348.7,3.288
2024-03-28,3.5,1346.2,3.293
2024-03-29,3.5,1347.2,3.322
2024-03-30,3.5,,
2024-03-31,3.5,,
2024-04-01,3.5,1349.4,3.291
2024-04-02,3.5,1352.1,3.333
2024-04-03,3.5,1348.9,3.341
2024-04-04,3.5,1347.1,3.338
2024-04-05,3.5,1352.8,3.329
2024-04-06,3.5,,
2024-04-07,3.5,,
2024-04-08,3.5,1353.2,3.383
2024-04-09,3.5,1354.9,3.391
2024-04-10,3.5,,
2024-04-11,3.5,1364.1,3.466
2024-04-12,3.5,1375.4,3.403
2024-04-13,3.5,,
2024-04-14,3.5,,
2024-04-15,3.5,1384.0,3.44
2024-04-16,3.5,1394.5,3.469
2024-04-17,3.5,1386.8,3.475
2024-04-18,3.5,1372.9,3.427
2024-04-19,3.5,1382.2,3.468
2024-04-20,3.5,,
2024-04-21,3.5,,
2024-04-22,3.5,1379.2,3.512
2024-04-23,3.5,1378.3,3.489
2024-04-24,3.5,1369.2,3.509
2024-04-25,3.5,1375.0,3.543
2024-04-26,3.5,1375.3,3.531
2024-04-27,3.5,,
2024-04-28,3.5,,
2024-04-29,3.5,1377.0,3.552
2024-04-30,3.5,1382.0,3.529
2024-05-01,3.5,,
2024-05-02,3.5,1375.9,3.509
2024-05-03,3.5,1362.8,3.5
2024-05-04,3.5,,
2024-05-05,3.5,,
2024-05-06,3.5,,
2024-05-07,3.5,1360.1,3.448
2024-05-08,3.5,1361.5,3.439
2024-05-09,3.5,1370.1,3.453
2024-05-10,3.5,1368.1,3.44
2024-05-11,3.5,,
2024-05-12,3.5,,
2024-05-13,3.5,1368.2,3.452
2024-05-14,3.5,1369.1,3.454
2024-05-15,3.5,,
2024-05-16,3.5,1345.0,3.375
2024-05-17,3.5,1354.9,3.379
2024-05-18,3.5,,
2024-05-19,3.5,,
2024-05-20,3.5,1355.9,3.412
2024-05-21,3.5,1363.3,3.411
2024-05-22,3.5,1362.9,3.409
2024-05-23,3.5,1362.4,3.402
2024-05-24,3.5,1369.5,3.423
2024-05-25,3.5,,
2024-05-26,3.5,,
2024-05-27,3.5,1363.8,3.413
2024-05-28,3.5,1358.5,3.394
2024-05-29,3.5,1365.0,3.425
2024-05-30,3.5,1379.4,3.44
2024-05-31,3.5,1384.5,3.452
2024-06-01,3.5,,
2024-06-02,3.5,,
2024-06-03,3.5,1376.1,3.434
2024-06-04,3.5,1376.0,3.39
2024-06-05,3.5,1373.0,3.345
2024-06-06,3.5,,
2024-06-07,3.5,1365.3,3.308
2024-06-08,3.5,,
2024-06-09,3.5,,
2024-06-10,3.5,1376.0,3.353
2024-06-11,3.5,1378.4,3.341
2024-06-12,3.5,1376.2,3.307
2024-06-13,3.5,1373.9,3.277
2024-06-14,3.5,1379.3,3.252
2024-06-15,3.5,,
2024-06-16,3.5,,
2024-06-17,3.5,1381.2,3.212
2024-06-18,3.5,1381.1,3.214
2024-06-19,3.5,1381.8,3.162
2024-06-20,3.5,1384.7,3.196
2024-06-21,3.5,1388.3,3.176
2024-06-22,3.5,,
2024-06-23,3.5,,
2024-06-24,3.5,1389.0,3.194
2024-06-25,3.5,1387.5,3.201
2024-06-26,3.5,1388.7,3.215
2024-06-27,3.5,1385.8,3.22
2024-06-28,3.5,1376.7,3.182
2024-06-29,3.5,,
2024-06-30,3.5,,
2024-07-01,3.5,1379.3,3.21
2024-07-02,3.5,1388.2,3.169
2024-07-03,3.5,1390.6,3.16
2024-07-04,3.5,1380.4,3.128
2024-07-05,3.5,1380.3,3.115
2024-07-06,3.5,,
2024-07-07,3.5,,
2024-07-08,3.5,1383.3,3.119
2024-07-09,3.5,1381.6,3.114
2024-07-10,3.5,1384.7,3.12
2024-07-11,3.5,1378.8,3.163
2024-07-12,3.5,1379.6,3.101
2024-07-13,3.5,,
2024-07-14,3.5,,
2024-07-15,3.5,1382.8,3.076
2024-07-16,3.5,1384.9,3.035
2024-07-17,3.5,1381.5,3.05
2024-07-18,3.5,1381.7,3.058
2024-07-19,3.5,1386.7,3.074
2024-07-20,3.5,,
2024-07-21,3.5,,
2024-07-22,3.5,1388.2,3.071
2024-07-23,3.5,1386.2,3.084
2024-07-24,3.5,1383.8,3.046
2024-07-25,3.5,1385.4,3.024
2024-07-26,3.5,1385.8,3.024
2024-07-27,3.5,,
2024-07-28,3.5,,
2024-07-29,3.5,1381.9,2.978
2024-07-30,3.5,1385.3,2.994
2024-07-31,3.5,1376.5,3.004
2024-08-01,3.5,1366.2,2.976
2024-08-02,3.5,1371.2,2.939
2024-08-03,3.5,,
2024-08-04,3.5,,
2024-08-05,3.5,1374.8,2.806
2024-08-06,3.5,1375.6,2.935
2024-08-07,3.5,1376.8,2.929
2024-08-08,3.5,1377.2,2.911
2024-08-09,3.5,1364.6,2.941
2024-08-10,3.5,,
2024-08-11,3.5,,
2024-08-12,3.5,1372.0,2.946
2024-08-13,3.5,1370.4,2.918
2024-08-14,3.5,1360.6,2.888
2024-08-15,3.5,,
2024-08-16,3.5,1357.6,2.928
2024-08-17,3.5,,
2024-08-18,3.5,,
2024-08-19,3.5,1334.0,2.927
2024-08-20,3.5,1333.2,2.944
2024-08-21,3.5,1336.6,2.94
2024-08-22,3.5,1334.7,2.907
2024-08-23,3.5,1338.8,2.92
2024-08-24,3.5,,
2024-08-25,3.5,,
2024-08-26,3.5,1326.8,2.89
2024-08-27,3.5,1331.0,2.94
2024-08-28,3.5,1339.0,2.919
2024-08-29,3.5,1333.2,2.939
2024-08-30,3.5,1336.0,2.953
2024-08-31,3.5,,
2024-09-01,3.5,,
2024-09-02,3.5,1338.4,2.989
2024-09-03,3.5,1341.4,2.981
2024-09-04,3.5,1342.2,2.931
2024-09-05,3.5,1335.9,2.905
2024-09-06,3.5,1327.6,2.881
2024-09-07,3.5,,
2024-09-08,3.5,,
2024-09-09,3.5,1339.8,2.897
2024-09-10,3.5,1343.7,2.877
2024-09-11,3.5,1339.0,2.82
2024-09-12,3.5,1338.7,2.866
2024-09-13,3.5,1329.5,2.822
2024-09-14,3.5,,
2024-09-15,3.5,,
2024-09-16,3.5,,
2024-09-17,3.5,,
2024-09-18,3.5,,
2024-09-19,3.5,1329.0,2.843
2024-09-20,3.5,1329.1,2.838
2024-09-21,3.5,,
2024-09-22,3.5,,
2024-09-23,3.5,1335.9,2.864
2024-09-24,3.5,1334.9,2.854
2024-09-25,3.5,1331.0,2.812
2024-09-26,3.5,1327.2,2.807
2024-09-27,3.5,1318.6,2.826
2024-09-28,3.5,,
2024-09-29,3.5,,
2024-09-30,3.5,1307.8,2.811
2024-10-01,3.5,,
2024-10-02,3.5,1319.3,2.78
2024-10-03,3.5,,
2024-10-04,3.5,1333.7,2.824
2024-10-05,3.5,,
2024-10-06,3.5,,
2024-10-07,3.5,1346.7,2.96
2024-10-08,3.5,1349.7,2.932
2024-10-09,3.5,,
2024-10-10,3.5,1350.2,2.962
2024-10-11,3.25,1349.5,2.947
2024-10-12,3.25,,
2024-10-13,3.25,,
2024-10-14,3.25,1355.9,2.938
2024-10-15,3.25,1361.3,2.906
2024-10-16,3.25,1362.6,2.88
2024-10-17,3.25,1368.6,2.897
2024-10-18,3.25,1369.7,2.908
2024-10-19,3.25,,
2024-10-20,3.25,,
2024-10-21,3.25,1375.2,2.902
2024-10-22,3.25,1380.1,2.943
2024-10-23,3.25,1382.2,2.936
2024-10-24,3.25,1380.2,2.891
2024-10-25,3.25,1388.7,2.882
2024-10-26,3.25,,
2024-10-27,3.25,,
2024-10-28,3.25,1385.0,2.932
2024-10-29,3.25,1386.5,2.936
2024-10-30,3.25,1382.4,2.937
2024-10-31,3.25,1379.9,2.936
2024-11-01,3.25,1379.4,2.939
2024-11-02,3.25,,
2024-11-03,3.25,,
2024-11-04,3.25,1370.9,2.935
2024-11-05,3.25,1378.6,2.918
2024-11-06,3.25,1396.2,2.96
2024-11-07,3.25,1396.6,2.922
2024-11-08,3.25,1386.4,2.889
2024-11-09,3.25,,
2024-11-10,3.25,,
2024-11-11,3.25,1394.7,2.901
2024-11-12,3.25,1403.5,2.9
2024-11-13,3.25,1406.6,2.939
2024-11-14,3.25,1405.1,2.929
2024-11-15,3.25,1398.8,2.941
2024-11-16,3.25,,
2024-11-17,3.25,,
2024-11-18,3.25,1395.2,2.915
2024-11-19,3.25,1390.9,2.889
2024-11-20,3.25,1390.9,2.873
2024-11-21,3.25,1397.5,2.829
2024-11-22,3.25,1401.8,2.816
2024-11-23,3.25,,
2024-11-24,3.25,,
2024-11-25,3.25,1402.2,2.773
2024-11-26,3.25,1398.2,2.773
2024-11-27,3.25,1397.0,2.741
2024-11-28,3.0,1395.6,2.638
2024-11-29,3.0,1394.7,2.607
2024-11-30,3.0,,
2024-12-01,3.0,,
2024-12-02,3.0,1401.3,2.567
2024-12-03,3.0,1402.9,2.585
2024-12-04,3.0,1410.1,2.626
2024-12-05,3.0,1415.1,2.603
2024-12-06,3.0,1419.2,2.62
2024-12-07,3.0,,
2024-12-08,3.0,,
2024-12-09,3.0,1437.0,2.579
2024-12-10,3.0,1426.9,2.524
2024-12-11,3.0,1432.2,2.536
2024-12-12,3.0,1431.9,2.549
2024-12-13,3.0,1433.0,2.541
2024-12-14,3.0,,
2024-12-15,3.0,,
2024-12-16,3.0,1435.0,2.553
2024-12-17,3.0,1438.9,2.621
2024-12-18,3.0,1435.5,2.536
2024-12-19,3.0,1451.9,2.603
2024-12-20,3.0,1451.4,2.629
2024-12-21,3.0,,
2024-12-22,3.0,,
2024-12-23,3.0,1452.0,2.616
2024-12-24,3.0,1456.4,2.626
2024-12-25,3.0,,
2024-12-26,3.0,1464.8,2.648
2024-12-27,3.0,1467.5,2.634
2024-12-28,3.0,,
2024-12-29,3.0,,
2024-12-30,3.0,1472.5,2.597
2024-12-31,3.0,,2.596
2025-01-01,3.0,,
2025-01-02,3.0,1466.6,2.507
2025-01-03,3.0,1468.4,2.482
2025-01-04,3.0,,
2025-01-05,3.0,,
2025-01-06,3.0,1469.7,2.524
2025-01-07,3.0,1453.5,2.508
2025-01-08,3.0,1455.0,2.505
2025-01-09,3.0,1460.5,2.5
2025-01-10,3.0,1465.0,2.561
2025-01-11,3.0,,
2025-01-12,3.0,,
2025-01-13,3.0,1470.8,2.664
2025-01-14,3.0,1463.2,2.646
2025-01-15,3.0,1461.2,2.675
2025-01-16,3.0,1456.7,2.626
2025-01-17,3.0,1458.3,2.588
2025-01-18,3.0,,
2025-01-19,3.0,,
2025-01-20,3.0,1451.7,2.623
2025-01-21,3.0,1439.5,2.579
2025-01-22,3.0,1437.6,2.577
2025-01-23,3.0,1437.3,2.578
2025-01-24,3.0,1431.3,2.57
2025-01-25,3.0,,
2025-01-26,3.0,,
2025-01-27,3.0,,
2025-01-28,3.0,,
2025-01-29,3.0,,
2025-01-30,3.0,,
2025-01-31,3.0,1452.7,2.573
2025-02-01,3.0,,
2025-02-02,3.0,,
2025-02-03,3.0,1467.2,2.572
2025-02-04,3.0,1462.9,2.584
2025-02-05,3.0,1444.3,2.578
2025-02-06,3.0,1447.7,2.582
2025-02-07,3.0,1447.8,2.635
2025-02-08,3.0,,
2025-02-09,3.0,,
2025-02-10,3.0,1451.2,2.638
2025-02-11,3.0,1452.6,2.633
2025-02-12,3.0,1453.4,2.651
2025-02-13,3.0,1447.5,2.631
2025-02-14,3.0,1443.5,2.611
2025-02-15,3.0,,
2025-02-16,3.0,,
2025-02-17,3.0,1441.7,2.623
2025-02-18,3.0,1443.7,2.641
2025-02-19,3.0,1438.5,2.63
2025-02-20,3.0,1437.9,2.628
2025-02-21,3.0,1434.3,2.618
2025-02-22,3.0,,
2025-02-23,3.0,,
2025-02-24,3.0,1427.4,2.61
2025-02-25,2.75,1430.4,2.596
2025-02-26,2.75,1433.1,2.591
2025-02-27,2.75,1443.0,2.592
2025-02-28,2.75,1463.4,2.566
2025-03-01,2.75,,
2025-03-02,2.75,,
2025-03-03,2.75,,
2025-03-04,2.75,1461.8,2.541
2025-03-05,2.75,1454.5,2.565
2025-03-06,2.75,1442.4,2.594
2025-03-07,2.75,1446.8,2.565
2025-03-08,2.75,,
2025-03-09,2.75,,
2025-03-10,2.75,1452.3,2.596
2025-03-11,2.75,1458.2,2.56
2025-03-12,2.75,1451.0,2.55
2025-03-13,2.75,1453.8,2.57
2025-03-14,2.75,1453.8,2.596
2025-03-15,2.75,,
2025-03-16,2.75,,
2025-03-17,2.75,1447.9,2.601
2025-03-18,2.75,1452.9,2.598
2025-03-19,2.75,1453.4,2.621
2025-03-20,2.75,1458.9,2.598
2025-03-21,2.75,1462.7,2.597
2025-03-22,2.75,,
2025-03-23,2.75,,
2025-03-24,2.75,1467.7,2.604
2025-03-25,2.75,1469.2,2.612
2025-03-26,2.75,1466.3,2.618
2025-03-27,2.75,1465.3,2.622
2025-03-28,2.75,1466.5,2.629
2025-03-29,2.75,,
2025-03-30,2.75,,
2025-03-31,2.75,1472.9,2.569
2025-04-01,2.75,1471.9,2.581
2025-04-02,2.75,1466.6,2.584
2025-04-03,2.75,1467.0,2.529
2025-04-04,2.75,1434.1,2.461
2025-04-05,2.75,,
2025-04-06,2.75,,
2025-04-07,2.75,1467.8,2.405
2025-04-08,2.75,1473.2,2.413
2025-04-09,2.75,1484.1,2.434
2025-04-10,2.75,1456.4,2.437
2025-04-11,2.75,1449.9,2.411
2025-04-12,2.75,,
2025-04-13,2.75,,
2025-04-14,2.75,1424.1,2.408
2025-04-15,2.75,1425.5,2.399
2025-04-16,2.75,1426.7,2.351
2025-04-17,2.75,1418.9,2.385
2025-04-18,2.75,1423.3,2.362
2025-04-19,2.75,,
2025-04-20,2.75,,
2025-04-21,2.75,1419.1,2.331
2025-04-22,2.75,1420.6,2.33
2025-04-23,2.75,1420.6,2.337
2025-04-24,2.75,1435.0,2.341
2025-04-25,2.75,1436.5,2.305
2025-04-26,2.75,,
2025-04-27,2.75,,
2025-04-28,2.75,1442.6,2.316
2025-04-29,2.75,1437.3,2.31
2025-04-30,2.75,1421.0,2.267
2025-05-01,2.75,,
2025-05-02,2.75,1405.3,2.282
2025-05-03,2.75,,
2025-05-04,2.75,,
2025-05-05,2.75,,
2025-05-06,2.75,,
2025-05-07,2.75,1398.0,2.253
2025-05-08,2.75,1396.6,2.281
2025-05-09,2.75,1400.0,2.331
2025-05-10,2.75,,
2025-05-11,2.75,,
2025-05-12,2.75,1402.4,2.33
2025-05-13,2.75,1416.0,2.37
2025-05-14,2.75,1420.2,2.351
2025-05-15,2.75,1394.5,2.362
2025-05-16,2.75,1389.6,2.319
2025-05-17,2.75,,
2025-05-18,2.75,,
2025-05-19,2.75,1397.8,2.366
2025-05-20,2.75,1392.4,2.33
2025-05-21,2.75,1387.2,2.345
2025-05-22,2.75,1381.3,2.336
2025-05-23,2.75,1375.6,2.338
2025-05-24,2.75,,
2025-05-25,2.75,,
2025-05-26,2.75,1364.4,2.348
2025-05-27,2.75,1369.5,2.34
2025-05-28,2.75,1376.5,2.314
2025-05-29,2.5,1375.9,2.341
2025-05-30,2.5,1380.1,2.347
2025-05-31,2.5,,
2025-06-01,2.5,,
2025-06-02,2.5,1373.1,2.34
2025-06-03,2.5,,
2025-06-04,2.5,1369.5,2.414
2025-06-05,2.5,1358.4,2.412
2025-06-06,2.5,,
2025-06-07,2.5,,
2025-06-08,2.5,,
2025-06-09,2.5,1356.4,2.405
2025-06-10,2.5,1364.3,2.385
2025-06-11,2.5,1375.0,2.419
2025-06-12,2.5,1358.7,2.429
2025-06-13,2.5,1369.6,2.462
2025-06-14,2.5,,
2025-06-15,2.5,,
2025-06-16,2.5,1363.8,2.483
2025-06-17,2.5,1362.7,2.448
2025-06-18,2.5,1369.4,2.472
2025-06-19,2.5,1380.2,2.475
2025-06-20,2.5,1365.6,2.463
2025-06-21,2.5,,
2025-06-22,2.5,,
2025-06-23,2.5,1384.3,2.498
2025-06-24,2.5,1360.2,2.461
2025-06-25,2.5,1362.4,2.46
2025-06-26,2.5,1356.9,2.454
2025-06-27,2.5,1357.4,2.453
2025-06-28,2.5,,
2025-06-29,2.5,,
2025-06-30,2.5,1350.0,2.452
2025-07-01,2.5,1355.9,2.454
2025-07-02,2.5,1358.7,2.483
2025-07-03,2.5,1359.4,2.449
2025-07-04,2.5,1362.3,2.467
2025-07-05,2.5,,
2025-07-06,2.5,,
2025-07-07,2.5,1367.8,2.482
2025-07-08,2.5,1367.9,2.477
2025-07-09,2.5,1375.0,2.478
2025-07-10,2.5,1370.0,2.433
2025-07-11,2.5,1375.4,2.448
2025-07-12,2.5,,
2025-07-13,2.5,,
2025-07-14,2.5,1381.2,2.474
2025-07-15,2.5,1380.2,2.463
2025-07-16,2.5,1385.7,2.459
2025-07-17,2.5,1392.6,2.479
2025-07-18,2.5,1393.0,2.474
2025-07-19,2.5,,
2025-07-20,2.5,,
2025-07-21,2.5,1388.2,2.456
2025-07-22,2.5,1387.8,2.463
2025-07-23,2.5,1379.8,2.458
2025-07-24,2.5,1367.2,2.467
2025-07-25,2.5,1377.9,2.485
2025-07-26,2.5,,
2025-07-27,2.5,,
2025-07-28,2.5,1382.0,2.464
2025-07-29,2.5,1391.0,2.46
2025-07-30,2.5,1383.1,2.454
2025-07-31,2.5,1387.0,2.46
2025-08-01,2.5,1401.4,2.478
2025-08-02,2.5,,
2025-08-03,2.5,,
2025-08-04,2.5,1385.2,2.421
2025-08-05,2.5,1388.3,2.425
2025-08-06,2.5,1389.5,2.43
2025-08-07,2.5,1381.2,2.408
2025-08-08,2.5,1389.6,2.409
2025-08-09,2.5,,
2025-08-10,2.5,,
2025-08-11,2.5,1388.0,2.42
2025-08-12,2.5,1389.9,2.431
2025-08-13,2.5,1381.7,2.417
2025-08-14,2.5,1382.0,2.404
2025-08-15,2.5,,
2025-08-16,2.5,,
2025-08-17,2.5,,
2025-08-18,2.5,1385.0,2.426
2025-08-19,2.5,1390.9,2.444
2025-08-20,2.5,1398.4,2.441
2025-08-21,2.5,1398.4,2.438
2025-08-22,2.5,1393.2,2.456
2025-08-23,2.5,,
2025-08-24,2.5,,
2025-08-25,2.5,1384.7,2.434
2025-08-26,2.5,1395.8,2.422
2025-08-27,2.5,1396.3,2.402
2025-08-28,2.5,1387.6,2.416
2025-08-29,2.5,1390.1,2.426
2025-08-30,2.5,,
2025-08-31,2.5,,
2025-09-01,2.5,1393.7,2.435
2025-09-02,2.5,1391.0,2.45
2025-09-03,2.5,1392.3,2.475
2025-09-04,2.5,1392.5,2.472
2025-09-05,2.5,1391.0,2.46
2025-09-06,2.5,,
2025-09-07,2.5,,
2025-09-08,2.5,1390.6,2.448
2025-09-09,2.5,1387.9,2.425
2025-09-10,2.5,1386.6,2.43
2025-09-11,2.5,1391.8,2.42
2025-09-12,2.5,1388.2,2.431
2025-09-13,2.5,,
2025-09-14,2.5,,
2025-09-15,2.5,1389.0,2.443
2025-09-16,2.5,1378.9,2.417
2025-09-17,2.5,1380.1,2.418
2025-09-18,2.5,1387.8,2.403
2025-09-19,2.5,1393.6,2.441
2025-09-20,2.5,,
2025-09-21,2.5,,
2025-09-22,2.5,1392.6,2.459
2025-09-23,2.5,1392.6,2.46
2025-09-24,2.5,1397.5,2.489
2025-09-25,2.5,1400.6,2.528
2025-09-26,2.5,1412.4,2.562
2025-09-27,2.5,,
2025-09-28,2.5,,
2025-09-29,2.5,1398.7,2.563
2025-09-30,2.5,1402.9,2.582
2025-10-01,2.5,1403.2,2.596
2025-10-02,2.5,1400.0,2.581
2025-10-03,2.5,,
2025-10-04,2.5,,
2025-10-05,2.5,,
2025-10-06,2.5,,
2025-10-07,2.5,,
2025-10-08,2.5,,
2025-10-09,2.5,,
2025-10-10,2.5,1421.0,2.591
2025-10-11,2.5,,
2025-10-12,2.5,,
2025-10-13,2.5,1425.8,2.554
2025-10-14,2.5,1431.0,2.533
2025-10-15,2.5,1421.3,2.52
2025-10-16,2.5,1417.9,2.569
2025-10-17,2.5,1421.2,2.555
2025-10-18,2.5,,
2025-10-19,2.5,,
2025-10-20,2.5,1419.2,2.569
2025-10-21,2.5,1427.8,2.6
2025-10-22,2.5,1429.8,2.572
2025-10-23,2.5,1439.6,2.605
2025-10-24,2.5,1437.1,2.591
2025-10-25,2.5,,
2025-10-26,2.5,,
2025-10-27,2.5,1431.7,2.62
2025-10-28,2.5,1437.7,2.633
2025-10-29,2.5,1431.7,2.677
2025-10-30,2.5,1426.5,2.732
2025-10-31,2.5,1424.4,2.716
2025-11-01,2.5,,
2025-11-02,2.5,,
2025-11-03,2.5,1428.8,2.741
2025-11-04,2.5,1437.9,2.729
2025-11-05,2.5,1449.4,2.767
2025-11-06,2.5,1447.7,2.834
2025-11-07,2.5,1456.9,2.894
2025-11-08,2.5,,
2025-11-09,2.5,,
2025-11-10,2.5,1451.4,2.865
2025-11-11,2.5,1463.3,2.831
2025-11-12,2.5,1465.7,2.923
2025-11-13,2.5,1467.7,2.932
2025-11-14,2.5,1457.0,2.944
2025-11-15,2.5,,
2025-11-16,2.5,,
2025-11-17,2.5,1458.0,2.914
2025-11-18,2.5,1465.3,2.872
2025-11-19,2.5,1465.6,2.869
2025-11-20,2.5,1467.9,2.908
2025-11-21,2.5,1475.6,2.872
2025-11-22,2.5,,
2025-11-23,2.5,,
2025-11-24,2.5,1477.1,2.904
2025-11-25,2.5,1472.4,2.902
2025-11-26,2.5,1465.6,2.895
2025-11-27,2.5,1464.9,3.013
2025-11-28,2.5,1470.6,2.991
2025-11-29,2.5,,
2025-11-30,2.5,,
2025-12-01,2.5,1469.9,3.045
2025-12-02,2.5,1468.4,3.022
2025-12-03,2.5,1468.0,3.041
2025-12-04,2.5,1473.5,3.025
2025-12-05,2.5,1468.8,2.994
2025-12-06,2.5,,
2025-12-07,2.5,,
2025-12-08,2.5,1466.9,3.034
2025-12-09,2.5,1472.3,3.084
2025-12-10,2.5,1470.4,3.095
2025-12-11,2.5,1473.0,3.101
2025-12-12,2.5,1473.7,3.093
2025-12-13,2.5,,
2025-12-14,2.5,,
2025-12-15,2.5,1471.0,3.0
2025-12-16,2.5,1477.0,2.999
2025-12-17,2.5,1479.8,2.996
2025-12-18,2.5,1478.3,2.967
2025-12-19,2.5,1476.3,3.01
2025-12-20,2.5,,
2025-12-21,2.5,,
2025-12-22,2.5,1480.1,2.999
2025-12-23,2.5,1483.6,2.963
2025-12-24,2.5,1449.8,2.939
2025-12-25,2.5,,
2025-12-26,2.5,1440.3,2.958
2025-12-27,2.5,,
2025-12-28,2.5,,
2025-12-29,2.5,1429.8,2.939
2025-12-30,2.5,1439.0,2.952
2025-12-31,2.5,,2.953
2026-01-01,2.5,,
2026-01-02,2.5,1441.8,2.935
2026-01-03,2.5,,
2026-01-04,2.5,,
2026-01-05,2.5,1443.8,2.933
2026-01-06,2.5,1445.4,2.948
2026-01-07,2.5,1445.8,2.91
2026-01-08,2.5,1450.6,2.902
2026-01-09,2.5,1457.6,2.942
2026-01-10,2.5,,
2026-01-11,2.5,,
2026-01-12,2.5,1468.4,2.98
2026-01-13,2.5,1473.7,3.003
2026-01-14,2.5,1477.5,2.996
2026-01-15,2.5,1469.7,3.09
2026-01-16,2.5,1473.6,3.08
2026-01-17,2.5,,
2026-01-18,2.5,,
2026-01-19,2.5,1473.7,3.13
2026-01-20,2.5,1478.1,3.191
2026-01-21,2.5,1471.3,3.138
2026-01-22,2.5,1469.9,3.109
2026-01-23,2.5,1465.8,3.137
2026-01-24,2.5,,
2026-01-25,2.5,,
2026-01-26,2.5,1440.6,3.096
2026-01-27,2.5,1446.2,3.094
2026-01-28,2.5,1422.5,3.067
2026-01-29,2.5,1426.3,3.106
2026-01-30,2.5,1439.5,3.138
2026-01-31,2.5,,
2026-02-01,2.5,,
2026-02-02,2.5,1464.3,3.152
2026-02-03,2.5,1445.4,3.189
2026-02-04,2.5,1450.2,3.212
2026-02-05,2.5,1469.0,3.204
2026-02-06,2.5,1469.5,3.233
2026-02-07,2.5,,
2026-02-08,2.5,,
2026-02-09,2.5,1460.3,3.267
2026-02-10,2.5,1459.1,3.224
2026-02-11,2.5,1450.1,3.2
2026-02-12,2.5,1440.2,3.154
2026-02-13,2.5,1444.9,3.142
2026-02-14,2.5,,
2026-02-15,2.5,,
2026-02-16,2.5,,
2026-02-17,2.5,,
2026-02-18,2.5,,
2026-02-19,2.5,1445.5,3.178
2026-02-20,2.5,1446.6,3.143
2026-02-21,2.5,,
2026-02-22,2.5,,
2026-02-23,2.5,1440.0,3.154
2026-02-24,2.5,1442.5,3.158
2026-02-25,2.5,1429.4,3.124
2026-02-26,2.5,1425.8,3.062
2026-02-27,2.5,1439.7,3.041
2026-02-28,2.5,,
2026-03-01,2.5,,
2026-03-02,2.5,,
2026-03-03,2.5,1466.1,3.18
2026-03-04,2.5,1476.2,3.223
2026-03-05,2.5,1468.1,3.189
2026-03-06,2.5,1476.4,3.227
2026-03-07,2.5,,
2026-03-08,2.5,,
2026-03-09,2.5,1495.5,3.42
2026-03-10,2.5,1469.2,3.283
2026-03-11,2.5,1466.5,3.253
2026-03-12,2.5,1481.2,3.271
2026-03-13,2.5,1493.7,3.338
2026-03-14,2.5,,
2026-03-15,2.5,,
2026-03-16,2.5,1497.5,3.3
2026-03-17,2.5,1493.6,3.324
2026-03-18,2.5,1483.1,3.261
2026-03-19,2.5,1501.0,3.329
2026-03-20,2.5,1500.6,3.41
2026-03-21,2.5,,
2026-03-22,2.5,,
2026-03-23,2.5,1517.3,3.617
2026-03-24,2.5,1495.2,3.523
2026-03-25,2.5,1499.7,3.558
2026-03-26,2.5,1507.0,3.552
2026-03-27,2.5,1508.9,3.582
2026-03-28,2.5,,
2026-03-29,2.5,,
2026-03-30,2.5,1515.7,3.542
2026-03-31,2.5,1530.1,3.552
2026-04-01,2.5,1501.3,3.37
2026-04-02,2.5,1519.7,3.477
2026-04-03,2.5,1505.2,3.448
2026-04-04,2.5,,
2026-04-05,2.5,,
2026-04-06,2.5,1506.3,3.432
2026-04-07,2.5,1504.2,3.451
2026-04-08,2.5,1470.6,3.315
2026-04-09,2.5,1482.5,3.338
2026-04-10,2.5,1482.5,3.36
2026-04-11,2.5,,
2026-04-12,2.5,,
2026-04-13,2.5,1489.3,3.382
2026-04-14,2.5,1481.2,3.339
2026-04-15,2.5,1474.2,3.328
2026-04-16,2.5,1474.6,3.34
2026-04-17,2.5,1483.5,3.371
2026-04-18,2.5,,
2026-04-19,2.5,,
2026-04-20,2.5,1477.2,3.348
2026-04-21,2.5,1468.5,3.33
2026-04-22,2.5,1476.0,3.365
2026-04-23,2.5,1481.0,3.458
2026-04-24,2.5,1484.5,3.496
2026-04-25,2.5,,
2026-04-26,2.5,,
2026-04-27,2.5,1472.5,3.492
2026-04-28,2.5,1473.6,3.529
2026-04-29,2.5,1479.0,3.525
2026-04-30,2.5,1483.3,3.595
2026-05-01,2.5,,
2026-05-02,2.5,,
2026-05-03,2.5,,
2026-05-04,2.5,1462.8,3.615
2026-05-05,2.5,,
2026-05-06,2.5,1455.1,3.595
2026-05-07,2.5,1454.0,3.546
2026-05-08,2.5,1471.7,3.569
2026-05-09,2.5,,
2026-05-10,2.5,,
2026-05-11,2.5,1472.4,3.598
2026-05-12,2.5,1489.9,3.674
2026-05-13,2.5,1490.6,3.635
2026-05-14,2.5,1491.0,3.654
2026-05-15,2.5,1500.8,3.766
2026-05-16,2.5,,
2026-05-17,2.5,,
2026-05-18,2.5,1500.3,3.757
2026-05-19,2.5,1507.8,3.751
2026-05-20,2.5,1506.8,3.76
2026-05-21,2.5,1506.1,3.753
2026-05-22,2.5,1517.2,3.736
2026-05-23,2.5,,
2026-05-24,2.5,,
2026-05-25,2.5,,
2026-05-26,2.5,1504.3,3.664
2026-05-27,2.5,1501.2,3.711
2026-05-28,2.5,1502.8,3.766
2026-05-29,2.5,1507.9,3.731
2026-05-30,2.5,,
2026-05-31,2.5,,
2026-06-01,2.5,1504.3,3.79
2026-06-02,2.5,1516.4,3.773
2026-06-03,2.5,,
2026-06-04,2.5,1529.7,3.858
2026-06-05,2.5,1539.1,3.882
2026-06-06,2.5,,
2026-06-07,2.5,,
2026-06-08,2.5,1535.0,3.94
2026-06-09,2.5,1512.1,3.856
2026-06-10,2.5,1524.2,3.881
2026-06-11,2.5,1528.9,3.904
2026-06-12,2.5,1519.8,3.808
2026-06-13,2.5,,
2026-06-14,2.5,,
2026-06-15,2.5,1511.1,3.744
2026-06-16,2.5,1511.6,3.717
2026-06-17,2.5,1513.4,3.71
2026-06-18,2.5,1527.1,3.75
2026-06-19,2.5,1527.0,3.784
2026-06-20,2.5,,
2026-06-21,2.5,,
2026-06-22,2.5,1537.0,3.81
2026-06-23,2.5,1539.1,3.77
2026-06-24,2.5,1541.8,3.772
2026-06-25,2.5,1542.7,3.757
2026-06-26,2.5,1532.0,3.722
2026-06-27,2.5,,
2026-06-28,2.5,,
2026-06-29,2.5,1545.2,3.733
2026-06-30,2.5,1549.4,3.703
2026-07-01,2.5,1554.9,3.791
2026-07-02,2.5,1555.8,3.747
2026-07-03,2.5,1525.6,3.748
2026-07-04,2.5,,
2026-07-05,2.5,,
2026-07-06,2.5,1530.3,3.776
2026-07-07,2.5,1528.2,3.78
2026-07-08,2.5,1498.5,3.775
2026-07-09,2.5,1506.1,3.778
2026-07-10,2.5,1501.4,3.768
2026-07-11,2.5,,
2026-07-12,2.5,,
2026-07-13,2.5,1503.4,3.809
2026-07-14,2.5,1493.0,3.887
2026-07-15,2.5,1484.7,3.866
2026-07-16,2.75,1480.4,3.848
2026-07-17,2.75,1478.5,
2026-07-18,2.75,,
2026-07-19,2.75,,
2026-07-20,2.75,1478.4,3.895
2026-07-21,2.75,1473.4,3.867
2026-07-22,2.75,1480.1,3.913
2026-07-23,2.75,1466.8,3.917
2026-07-24,2.75,1466.6,3.959
2026-07-25,2.75,,
2026-07-26,2.75,,
2026-07-27,2.75,1468.5,3.865
2026-07-28,2.75,1462.5,3.829
2026-07-29,2.75,1446.7,3.8
2026-07-30,2.75,1437.4,3.831
2026-07-31,2.75,1424.0,3.758
2026-08-01,2.75,,
2026-08-02,2.75,,
2026-08-03,2.75,1429.8,3.742
2026-08-04,2.75,1432.5,3.74
2026-08-05,2.75,1424.5,3.669
2026-08-06,2.75,1423.8,3.742
2026-08-07,2.75,1416.1,3.746
2026-08-08,2.75,,
2026-08-09,2.75,,
2026-08-10,2.75,1418.4,3.778
2026-08-11,2.75,1416.0,3.808
2026-08-12,2.75,1415.7,3.791
2026-08-13,2.75,1419.4,3.781
2026-08-14,2.75,1418.3,3.796
2026-08-15,2.75,,
2026-08-16,2.75,,
2026-08-17,2.75,1413.0,
2026-08-18,2.75,1411.8,3.847
2026-08-19,2.75,1397.7,3.798
2026-08-20,2.75,1392.6,3.811
2026-08-21,2.75,1386.5,3.854
2026-08-22,2.75,,
2026-08-23,2.75,,
2026-08-24,2.75,1382.4,3.836
2026-08-25,2.75,1386.1,3.83
2026-08-26,2.75,1384.8,3.816
2026-08-27,3.0,1380.9,3.755
2026-08-28,3.0,1372.5,3.788
2026-08-29,3.0,,
2026-08-30,3.0,,
2026-08-31,3.0,1368.6,3.838
2026-09-01,3.0,1370.4,3.878
2026-09-02,3.0,1368.7,3.93
2026-09-03,3.0,1359.3,3.888
2026-09-04,3.0,1350.4,3.884
2026-09-05,3.0,,
2026-09-06,3.0,,
2026-09-07,3.0,1340.5,3.9
2026-09-08,3.0,1345.6,3.901
2026-09-09,3.0,1336.1,3.91
2026-09-10,3.0,1339.2,3.93
2026-09-11,3.0,1345.9,4.014
2026-09-12,3.0,,
2026-09-13,3.0,,
2026-09-14,3.0,1347.3,4.025
2026-09-15,3.0,1359.4,4.091
