date,usdkrw
2018-02-05,1088.5
2018-02-06,1091.5
2018-02-07,1086.6
2018-02-08,1087.9
2018-02-09,1092.1
2018-02-12,1084.6
2018-02-13,1084.5
2018-02-14,1077.2
2018-02-19,1067.6
2018-02-20,1073.5
2018-02-21,1076.2
2018-02-22,1084.3
2018-02-23,1079.0
2018-02-26,1073.4
2018-02-27,1071.3
2018-02-28,1082.8
2018-03-02,1080.3
2018-03-05,1082.0
2018-03-06,1076.1
2018-03-07,1069.1
2018-03-08,1070.2
2018-03-09,1069.8
2018-03-12,1065.2
2018-03-13,1067.5
2018-03-14,1064.6
2018-03-15,1065.4
2018-03-16,1066.2
2018-03-19,1071.6
2018-03-20,1068.6
2018-03-21,1072.3
2018-03-22,1072.7
2018-03-23,1082.2
2018-03-26,1081.1
2018-03-27,1070.3
2018-03-28,1070.8
2018-03-29,1065.9
2018-03-30,1063.5
2018-04-02,1056.6
2018-04-03,1054.2
2018-04-04,1059.8
2018-04-05,1059.7
2018-04-06,1069.6
2018-04-09,1067.1
2018-04-10,1066.4
2018-04-11,1066.3
2018-04-12,1069.5
2018-04-13,1069.5
2018-04-16,1074.0
2018-04-17,1067.0
2018-04-18,1068.7
2018-04-19,1061.5
2018-04-20,1067.3
2018-04-23,1069.0
2018-04-24,1076.8
2018-04-25,1080.6
2018-04-26,1080.9
2018-04-27,1076.6
2018-04-30,1068.0
2018-05-02,1076.1
2018-05-03,1076.3
2018-05-04,1077.2
2018-05-08,1076.5
2018-05-09,1080.9
2018-05-10,1073.1
2018-05-11,1069.3
2018-05-14,1068.0
2018-05-15,1073.8
2018-05-16,1077.6
2018-05-17,1081.2
2018-05-18,1077.6
2018-05-21,1085.4
2018-05-23,1080.7
2018-05-24,1079.6
2018-05-25,1078.0
2018-05-28,1074.2
2018-05-29,1076.8
2018-05-30,1080.9
2018-05-31,1077.7
2018-06-01,1075.0
2018-06-04,1071.9
2018-06-05,1070.7
2018-06-07,1069.0
2018-06-08,1075.9
2018-06-11,1075.2
2018-06-12,1077.2
2018-06-14,1083.1
2018-06-15,1097.7
2018-06-18,1104.8
2018-06-19,1109.1
2018-06-20,1105.1
2018-06-21,1112.8
2018-06-22,1107.4
2018-06-25,1117.2
2018-06-26,1114.8
2018-06-27,1117.6
2018-06-28,1124.2
2018-06-29,1114.5
2018-07-02,1120.0
2018-07-03,1118.7
2018-07-04,1114.5
2018-07-05,1118.6
2018-07-06,1115.9
2018-07-09,1112.2
2018-07-10,1116.0
2018-07-11,1120.0
2018-07-12,1125.9
2018-07-13,1123.5
2018-07-16,1129.2
2018-07-17,1124.1
2018-07-18,1132.3
2018-07-19,1133.2
2018-07-20,1133.7
2018-07-23,1131.4
2018-07-24,1135.2
2018-07-25,1126.3
2018-07-26,1119.3
2018-07-27,1118.1
2018-07-30,1120.2
2018-07-31,1118.7
2018-08-01,1120.6
2018-08-02,1126.1
2018-08-03,1127.6
2018-08-06,1124.0
2018-08-07,1123.8
2018-08-08,1119.9
2018-08-09,1117.2
2018-08-10,1128.9
2018-08-13,1133.9
2018-08-14,1127.9
2018-08-16,1130.1
2018-08-17,1124.9
2018-08-20,1123.1
2018-08-21,1118.4
2018-08-22,1118.9
2018-08-23,1121.4
2018-08-24,1118.9
2018-08-27,1113.8
2018-08-28,1110.0
2018-08-29,1110.2
2018-08-30,1108.6
2018-08-31,1112.9
2018-09-03,1110.3
2018-09-04,1114.9
2018-09-05,1121.5
2018-09-06,1124.0
2018-09-07,1122.8
2018-09-10,1128.4
2018-09-11,1125.3
2018-09-12,1128.6
2018-09-13,1122.4
2018-09-14,1116.6
2018-09-17,1126.6
2018-09-18,1123.2
2018-09-19,1121.1
2018-09-20,1120.4
2018-09-21,1115.3
2018-09-27,1112.5
2018-09-28,1109.3
2018-10-01,1111.8
2018-10-02,1119.2
2018-10-04,1129.9
2018-10-05,1130.4
2018-10-08,1132.7
2018-10-10,1134.0
2018-10-11,1144.4
2018-10-12,1131.4
2018-10-15,1134.3
2018-10-16,1128.0
2018-10-17,1126.5
2018-10-18,1135.2
2018-10-19,1132.1
2018-10-22,1128.4
2018-10-23,1137.6
2018-10-24,1132.3
2018-10-25,1138.0
2018-10-26,1141.9
2018-10-29,1141.4
2018-10-30,1139.2
2018-10-31,1139.6
2018-11-01,1138.1
2018-11-02,1121.6
2018-11-05,1123.5
2018-11-06,1123.8
2018-11-07,1123.3
2018-11-08,1117.3
2018-11-09,1128.3
2018-11-12,1133.9
2018-11-13,1133.3
2018-11-14,1134.3
2018-11-15,1129.2
2018-11-16,1128.5
2018-11-19,1128.6
2018-11-20,1125.8
2018-11-21,1131.6
2018-11-22,1129.2
2018-11-23,1130.5
2018-11-26,1128.9
2018-11-27,1129.4
2018-11-28,1126.5
2018-11-29,1119.2
2018-11-30,1121.2
2018-12-03,1110.7
2018-12-04,1105.3
2018-12-05,1114.1
2018-12-06,1120.3
2018-12-07,1119.8
2018-12-10,1126.5
2018-12-11,1130.1
2018-12-12,1128.5
2018-12-13,1123.4
2018-12-14,1130.8
2018-12-17,1131.3
2018-12-18,1129.6
2018-12-19,1123.5
2018-12-20,1127.8
2018-12-21,1122.4
2018-12-24,1125.2
2018-12-26,1125.4
2018-12-27,1120.0
2018-12-28,1115.7
2019-01-02,1119.0
2019-01-03,1127.7
2019-01-04,1124.5
2019-01-07,1118.6
2019-01-08,1124.1
2019-01-09,1122.1
2019-01-10,1118.3
2019-01-11,1116.4
2019-01-14,1123.0
2019-01-15,1120.7
2019-01-16,1120.1
2019-01-17,1122.5
2019-01-18,1121.9
2019-01-21,1128.1
2019-01-22,1130.5
2019-01-23,1127.3
2019-01-24,1128.6
2019-01-25,1121.3
2019-01-28,1117.7
2019-01-29,1116.5
2019-01-30,1116.3
2019-01-31,1112.7
2019-02-01,1118.8
2019-02-07,1124.1
2019-02-08,1123.9
2019-02-11,1124.7
2019-02-12,1123.9
2019-02-13,1121.7
2019-02-14,1125.1
2019-02-15,1128.7
2019-02-18,1125.8
2019-02-19,1128.2
2019-02-20,1123.5
2019-02-21,1125.2
2019-02-22,1125.2
2019-02-25,1121.0
2019-02-26,1118.6
2019-02-27,1119.1
2019-02-28,1124.7
2019-03-04,1124.9
2019-03-05,1125.5
2019-03-06,1128.8
2019-03-07,1129.0
2019-03-08,1136.2
2019-03-11,1133.7
2019-03-12,1129.8
2019-03-13,1132.6
2019-03-14,1134.8
2019-03-15,1137.3
2019-03-18,1132.1
2019-03-19,1130.6
2019-03-20,1130.4
2019-03-21,1127.7
2019-03-22,1130.1
2019-03-25,1134.2
2019-03-26,1133.4
2019-03-27,1134.5
2019-03-28,1136.8
2019-03-29,1135.1
2019-04-01,1133.7
2019-04-02,1136.4
2019-04-03,1134.3
2019-04-04,1136.3
2019-04-05,1136.6
2019-04-08,1144.7
2019-04-09,1142.1
2019-04-10,1138.6
2019-04-11,1139.4
2019-04-12,1139.4
2019-04-15,1133.1
2019-04-16,1135.7
2019-04-17,1134.8
2019-04-18,1136.9
2019-04-19,1136.9
2019-04-22,1141.5
2019-04-23,1141.8
2019-04-24,1150.9
2019-04-25,1160.5
2019-04-26,1161.0
2019-04-29,1158.5
2019-04-30,1168.2
2019-05-02,1165.7
2019-05-03,1170.0
2019-05-07,1166.5
2019-05-08,1169.4
2019-05-09,1179.8
2019-05-10,1177.0
2019-05-13,1187.5
2019-05-14,1189.4
2019-05-15,1188.6
2019-05-16,1191.5
2019-05-17,1195.7
2019-05-20,1194.2
2019-05-21,1194.0
2019-05-22,1192.8
2019-05-23,1189.2
2019-05-24,1188.4
2019-05-27,1184.5
2019-05-28,1185.8
2019-05-29,1193.9
2019-05-30,1188.8
2019-05-31,1190.9
2019-06-03,1182.1
2019-06-04,1182.8
2019-06-05,1178.6
2019-06-07,1181.4
2019-06-10,1185.2
2019-06-11,1180.4
2019-06-12,1182.6
2019-06-13,1183.1
2019-06-14,1185.3
2019-06-17,1186.5
2019-06-18,1185.8
2019-06-19,1176.1
2019-06-20,1162.1
2019-06-21,1164.0
2019-06-24,1156.5
2019-06-25,1156.2
2019-06-26,1156.6
2019-06-27,1158.1
2019-06-28,1154.7
2019-07-01,1158.8
2019-07-02,1166.0
2019-07-03,1171.3
2019-07-04,1168.6
2019-07-05,1170.4
2019-07-08,1182.0
2019-07-09,1180.5
2019-07-10,1181.6
2019-07-11,1173.5
2019-07-12,1179.2
2019-07-15,1179.3
2019-07-16,1177.6
2019-07-17,1181.3
2019-07-18,1178.8
2019-07-19,1174.5
2019-07-22,1178.3
2019-07-23,1178.9
2019-07-24,1177.9
2019-07-25,1181.5
2019-07-26,1184.8
2019-07-29,1183.5
2019-07-30,1181.6
2019-07-31,1183.1
2019-08-01,1188.5
2019-08-02,1198.0
2019-08-05,1215.3
2019-08-06,1215.3
2019-08-07,1214.9
2019-08-08,1209.2
2019-08-09,1210.5
2019-08-12,1216.2
2019-08-13,1222.2
2019-08-14,1212.7
2019-08-16,1210.8
2019-08-19,1211.0
2019-08-20,1208.3
2019-08-21,1202.5
2019-08-22,1207.4
2019-08-23,1210.6
2019-08-26,1217.8
2019-08-27,1211.2
2019-08-28,1213.9
2019-08-29,1216.4
2019-08-30,1211.2
2019-09-02,1210.8
2019-09-03,1215.6
2019-09-04,1208.2
2019-09-05,1200.2
2019-09-06,1196.9
2019-09-09,1193.0
2019-09-10,1193.3
2019-09-11,1191.0
2019-09-16,1183.1
2019-09-17,1190.7
2019-09-18,1191.3
2019-09-19,1193.6
2019-09-20,1188.0
2019-09-23,1194.0
2019-09-24,1195.7
2019-09-25,1198.8
2019-09-26,1198.8
2019-09-27,1199.9
2019-09-30,1196.2
2019-10-01,1199.0
2019-10-02,1206.0
2019-10-04,1196.8
2019-10-07,1196.6
2019-10-08,1193.1
2019-10-10,1196.2
2019-10-11,1188.8
2019-10-14,1184.9
2019-10-15,1185.2
2019-10-16,1187.8
2019-10-17,1187.0
2019-10-18,1181.5
2019-10-21,1172.0
2019-10-22,1169.7
2019-10-23,1172.4
2019-10-24,1172.9
2019-10-25,1173.0
2019-10-28,1170.7
2019-10-29,1163.0
2019-10-30,1168.1
2019-10-31,1163.4
2019-11-01,1165.6
2019-11-04,1159.2
2019-11-05,1157.5
2019-11-06,1156.9
2019-11-07,1159.3
2019-11-08,1157.5
2019-11-11,1166.8
2019-11-12,1160.8
2019-11-13,1167.8
2019-11-14,1169.7
2019-11-15,1166.6
2019-11-18,1164.5
2019-11-19,1167.6
2019-11-20,1170.1
2019-11-21,1178.1
2019-11-22,1178.9
2019-11-25,1176.0
2019-11-26,1176.7
2019-11-27,1177.2
2019-11-28,1179.0
2019-11-29,1181.2
2019-12-02,1183.1
2019-12-03,1187.2
2019-12-04,1194.3
2019-12-05,1190.2
2019-12-06,1189.6
2019-12-09,1189.9
2019-12-10,1191.3
2019-12-11,1194.7
2019-12-12,1186.8
2019-12-13,1171.7
2019-12-16,1172.3
2019-12-17,1166.2
2019-12-18,1168.8
2019-12-19,1165.6
2019-12-20,1160.6
2019-12-23,1164.3
2019-12-24,1163.9
2019-12-26,1161.8
2019-12-27,1161.5
2019-12-30,1156.4
2020-01-02,1158.1
2020-01-03,1167.1
2020-01-06,1172.1
2020-01-07,1166.4
2020-01-08,1170.8
2020-01-09,1159.1
2020-01-10,1161.3
2020-01-13,1156.0
2020-01-14,1156.1
2020-01-15,1157.0
2020-01-16,1161.1
2020-01-17,1159.4
2020-01-20,1158.1
2020-01-21,1167.0
2020-01-22,1164.6
2020-01-23,1168.7
2020-01-28,1176.7
2020-01-29,1177.2
2020-01-30,1185.0
2020-01-31,1191.8
2020-02-03,1195.0
2020-02-04,1187.4
2020-02-05,1191.5
2020-02-06,1179.8
2020-02-07,1186.5
2020-02-10,1187.1
2020-02-11,1181.6
2020-02-12,1179.5
2020-02-13,1182.8
2020-02-14,1183.0
2020-02-17,1183.9
2020-02-18,1189.5
2020-02-19,1189.3
2020-02-20,1198.7
2020-02-21,1209.2
2020-02-24,1220.2
2020-02-25,1210.3
2020-02-26,1216.9
2020-02-27,1217.2
2020-02-28,1213.7
2020-03-02,1193.7
2020-03-03,1195.2
2020-03-04,1187.8
2020-03-05,1181.2
2020-03-06,1192.3
2020-03-09,1204.2
2020-03-10,1193.2
2020-03-11,1193.0
2020-03-12,1206.5
2020-03-13,1219.3
2020-03-16,1226.0
2020-03-17,1243.5
2020-03-18,1245.7
2020-03-19,1285.7
2020-03-20,1246.5
2020-03-23,1266.5
2020-03-24,1249.6
2020-03-25,1229.9
2020-03-26,1232.8
2020-03-27,1210.6
2020-03-30,1224.4
2020-03-31,1217.4
2020-04-01,1230.5
2020-04-02,1228.3
2020-04-03,1230.9
2020-04-06,1229.3
2020-04-07,1221.2
2020-04-08,1220.9
2020-04-09,1219.5
2020-04-10,1208.8
2020-04-13,1217.9
2020-04-14,1217.3
2020-04-16,1228.7
2020-04-17,1217.9
2020-04-20,1220.5
2020-04-21,1229.7
2020-04-22,1232.2
2020-04-23,1229.7
2020-04-24,1235.5
2020-04-27,1226.2
2020-04-28,1225.2
2020-04-29,1218.2
2020-05-04,1229.1
2020-05-06,1222.1
2020-05-07,1225.0
2020-05-08,1219.9
2020-05-11,1220.5
2020-05-12,1224.8
2020-05-13,1223.8
2020-05-14,1228.0
2020-05-15,1231.0
2020-05-18,1232.4
2020-05-19,1225.3
2020-05-20,1230.3
2020-05-21,1230.9
2020-05-22,1237.0
2020-05-25,1244.2
2020-05-26,1234.3
2020-05-27,1234.4
2020-05-28,1239.6
2020-05-29,1238.5
2020-06-01,1225.0
2020-06-02,1225.4
2020-06-03,1216.8
2020-06-04,1218.7
2020-06-05,1207.1
2020-06-08,1204.8
2020-06-09,1197.7
2020-06-10,1191.2
2020-06-11,1196.4
2020-06-12,1203.8
2020-06-15,1216.0
2020-06-16,1207.0
2020-06-17,1213.9
2020-06-18,1208.0
2020-06-19,1209.6
2020-06-22,1215.8
2020-06-23,1208.8
2020-06-24,1199.4
2020-06-25,1204.7
2020-06-26,1200.6
2020-06-29,1198.6
2020-06-30,1203.0
2020-07-01,1203.4
2020-07-02,1200.0
2020-07-03,1198.6
2020-07-06,1195.8
2020-07-07,1195.7
2020-07-08,1195.5
2020-07-09,1195.5
2020-07-10,1204.5
2020-07-13,1200.9
2020-07-14,1205.7
2020-07-15,1200.5
2020-07-16,1205.6
2020-07-17,1205.1
2020-07-20,1203.2
2020-07-21,1197.8
2020-07-22,1195.3
2020-07-23,1197.3
2020-07-24,1201.5
2020-07-27,1196.1
2020-07-28,1196.9
2020-07-29,1193.1
2020-07-30,1194.4
2020-07-31,1191.3
2020-08-03,1193.4
2020-08-04,1194.1
2020-08-05,1188.8
2020-08-06,1183.5
2020-08-07,1184.7
2020-08-10,1185.6
2020-08-11,1185.6
2020-08-12,1185.3
2020-08-13,1183.3
2020-08-14,1184.6
2020-08-18,1183.7
2020-08-19,1181.2
2020-08-20,1186.9
2020-08-21,1186.3
2020-08-24,1189.1
2020-08-25,1185.1
2020-08-26,1186.8
2020-08-27,1185.0
2020-08-28,1184.3
2020-08-31,1187.8
2020-09-01,1183.0
2020-09-02,1185.4
2020-09-03,1188.3
2020-09-04,1189.6
2020-09-07,1188.3
2020-09-08,1186.4
2020-09-09,1189.1
2020-09-10,1184.9
2020-09-11,1186.9
2020-09-14,1183.5
2020-09-15,1179.0
2020-09-16,1176.1
2020-09-17,1174.4
2020-09-18,1160.3
2020-09-21,1158.0
2020-09-22,1165.0
2020-09-23,1164.4
2020-09-24,1172.7
2020-09-25,1172.3
2020-09-28,1173.6
2020-09-29,1169.5
2020-10-05,1163.4
2020-10-06,1161.0
2020-10-07,1158.2
2020-10-08,1153.3
2020-10-12,1146.8
2020-10-13,1147.1
2020-10-14,1146.9
2020-10-15,1143.2
2020-10-16,1147.4
2020-10-19,1142.0
2020-10-20,1139.4
2020-10-21,1131.9
2020-10-22,1132.9
2020-10-23,1132.9
2020-10-26,1127.7
2020-10-27,1125.5
2020-10-28,1130.6
2020-10-29,1131.4
2020-10-30,1135.1
2020-11-02,1133.6
2020-11-03,1134.1
2020-11-04,1137.7
2020-11-05,1128.2
2020-11-06,1120.4
2020-11-09,1113.9
2020-11-10,1115.1
2020-11-11,1110.0
2020-11-12,1114.8
2020-11-13,1115.6
2020-11-16,1109.3
2020-11-17,1106.6
2020-11-18,1103.8
2020-11-19,1115.6
2020-11-20,1114.3
2020-11-23,1110.4
2020-11-24,1112.7
2020-11-25,1108.9
2020-11-26,1104.6
2020-11-27,1103.2
2020-11-30,1106.5
2020-12-01,1106.2
2020-12-02,1100.8
2020-12-03,1097.0
2020-12-04,1082.1
2020-12-07,1082.1
2020-12-08,1085.4
2020-12-09,1084.8
2020-12-10,1087.7
2020-12-11,1090.3
2020-12-14,1091.8
2020-12-15,1093.3
2020-12-16,1094.0
2020-12-17,1093.3
2020-12-18,1099.7
2020-12-21,1102.7
2020-12-22,1107.4
2020-12-23,1107.9
2020-12-24,1103.0
2020-12-28,1096.7
2020-12-29,1092.1
2020-12-30,1086.3
2021-01-04,1082.1
2021-01-05,1087.6
2021-01-06,1085.6
2021-01-07,1087.3
2021-01-08,1089.8
2021-01-11,1097.3
2021-01-12,1099.9
2021-01-13,1095.1
2021-01-14,1098.0
2021-01-15,1099.4
2021-01-18,1103.9
2021-01-19,1102.9
2021-01-20,1100.3
2021-01-21,1098.2
2021-01-22,1103.2
2021-01-25,1100.7
2021-01-26,1106.5
2021-01-27,1104.4
2021-01-28,1119.6
2021-01-29,1118.8
2021-02-01,1116.5
2021-02-02,1117.7
2021-02-03,1114.9
2021-02-04,1118.5
2021-02-05,1123.7
2021-02-08,1119.6
2021-02-09,1116.6
2021-02-10,1107.0
2021-02-15,1101.4
2021-02-16,1100.1
2021-02-17,1107.5
2021-02-18,1107.6
2021-02-19,1105.9
2021-02-22,1110.4
2021-02-23,1110.6
2021-02-24,1112.2
2021-02-25,1107.8
2021-02-26,1123.5
2021-03-02,1124.0
2021-03-03,1120.3
2021-03-04,1125.1
2021-03-05,1126.1
2021-03-08,1133.2
2021-03-09,1140.3
2021-03-10,1142.7
2021-03-11,1135.9
2021-03-12,1133.8
2021-03-15,1136.3
2021-03-16,1129.7
2021-03-17,1130.2
2021-03-18,1123.7
2021-03-19,1130.6
2021-03-22,1128.4
2021-03-23,1129.7
2021-03-24,1133.6
2021-03-25,1133.3
2021-03-26,1129.3
2021-03-29,1131.7
2021-03-30,1133.6
2021-03-31,1131.8
2021-04-01,1131.9
2021-04-02,1127.5
2021-04-05,1127.7
2021-04-06,1119.6
2021-04-07,1116.3
2021-04-08,1117.2
2021-04-09,1121.2
2021-04-12,1124.9
2021-04-13,1125.9
2021-04-14,1116.6
2021-04-15,1117.6
2021-04-16,1116.3
2021-04-19,1117.2
2021-04-20,1112.3
2021-04-21,1118.6
2021-04-22,1117.3
2021-04-23,1117.8
2021-04-26,1113.2
2021-04-27,1110.4
2021-04-28,1113.0
2021-04-29,1108.2
2021-04-30,1112.3
2021-05-03,1124.0
2021-05-04,1122.6
2021-05-06,1125.8
2021-05-07,1121.3
2021-05-10,1113.8
2021-05-11,1119.6
2021-05-12,1124.7
2021-05-13,1129.3
2021-05-14,1128.6
2021-05-17,1134.8
2021-05-18,1130.5
2021-05-20,1132.0
2021-05-21,1127.0
2021-05-24,1127.1
2021-05-25,1122.0
2021-05-26,1116.9
2021-05-27,1118.1
2021-05-28,1115.5
2021-05-31,1110.9
2021-06-01,1105.9
2021-06-02,1113.3
2021-06-03,1113.6
2021-06-04,1116.5
2021-06-07,1112.9
2021-06-08,1114.2
2021-06-09,1115.4
2021-06-10,1115.8
2021-06-11,1110.8
2021-06-14,1116.7
2021-06-15,1117.0
2021-06-16,1117.2
2021-06-17,1130.4
2021-06-18,1132.3
2021-06-21,1134.7
2021-06-22,1131.9
2021-06-23,1137.7
2021-06-24,1134.9
2021-06-25,1127.7
2021-06-28,1130.3
2021-06-29,1128.5
2021-06-30,1126.1
2021-07-01,1133.1
2021-07-02,1135.0
2021-07-05,1131.8
2021-07-06,1129.7
2021-07-07,1138.1
2021-07-08,1145.0
2021-07-09,1149.1
2021-07-12,1147.0
2021-07-13,1145.4
2021-07-14,1148.5
2021-07-15,1141.5
2021-07-16,1139.5
2021-07-19,1147.8
2021-07-20,1150.4
2021-07-21,1154.0
2021-07-22,1149.9
2021-07-23,1150.8
2021-07-26,1155.0
2021-07-27,1150.1
2021-07-28,1154.6
2021-07-29,1146.5
2021-07-30,1150.3
2021-08-02,1150.9
2021-08-03,1148.3
2021-08-04,1143.6
2021-08-05,1143.7
2021-08-06,1142.1
2021-08-09,1144.3
2021-08-10,1149.8
2021-08-11,1156.4
2021-08-12,1161.2
2021-08-13,1169.0
2021-08-17,1176.3
2021-08-18,1168.0
2021-08-19,1176.2
2021-08-20,1179.6
2021-08-23,1173.7
2021-08-24,1165.6
2021-08-25,1168.1
2021-08-26,1170.5
2021-08-27,1169.2
2021-08-30,1167.0
2021-08-31,1159.5
2021-09-01,1157.2
2021-09-02,1161.5
2021-09-03,1157.0
2021-09-06,1156.5
2021-09-07,1157.8
2021-09-08,1166.7
2021-09-09,1169.2
2021-09-10,1169.1
2021-09-13,1176.0
2021-09-14,1170.8
2021-09-15,1170.5
2021-09-16,1171.8
2021-09-17,1175.0
2021-09-23,1175.5
2021-09-24,1176.5
2021-09-27,1176.8
2021-09-28,1184.4
2021-09-29,1181.8
2021-09-30,1184.0
2021-10-01,1188.7
2021-10-05,1188.7
2021-10-06,1192.3
2021-10-07,1190.4
2021-10-08,1194.6
2021-10-12,1198.8
2021-10-13,1193.8
2021-10-14,1186.8
2021-10-15,1182.4
2021-10-18,1187.6
2021-10-19,1178.7
2021-10-20,1174.2
2021-10-21,1177.2
2021-10-22,1177.1
2021-10-25,1168.4
2021-10-26,1167.6
2021-10-27,1170.0
2021-10-28,1169.7
2021-10-29,1168.6
2021-11-01,1176.5
2021-11-02,1174.4
2021-11-03,1181.6
2021-11-04,1182.6
2021-11-05,1185.2
2021-11-08,1183.1
2021-11-09,1177.2
2021-11-10,1180.9
2021-11-11,1180.8
2021-11-12,1179.6
2021-11-15,1178.4
2021-11-16,1179.9
2021-11-17,1182.5
2021-11-18,1180.4
2021-11-19,1185.3
2021-11-22,1185.1
2021-11-23,1189.7
2021-11-24,1186.5
2021-11-25,1190.2
2021-11-26,1193.3
2021-11-29,1193.0
2021-11-30,1187.9
2021-12-01,1179.2
2021-12-02,1175.9
2021-12-03,1180.1
2021-12-06,1183.0
2021-12-07,1179.5
2021-12-08,1175.9
2021-12-09,1174.5
2021-12-10,1181.3
2021-12-13,1180.8
2021-12-14,1182.6
2021-12-15,1185.2
2021-12-16,1183.9
2021-12-17,1180.9
2021-12-20,1190.8
2021-12-21,1192.9
2021-12-22,1192.0
2021-12-23,1187.9
2021-12-24,1186.6
2021-12-27,1186.8
2021-12-28,1188.0
2021-12-29,1186.5
2021-12-30,1188.8
2022-01-03,1191.8
2022-01-04,1194.1
2022-01-05,1196.9
2022-01-06,1200.9
2022-01-07,1201.5
2022-01-10,1199.1
2022-01-11,1194.8
2022-01-12,1190.5
2022-01-13,1187.5
2022-01-14,1187.3
2022-01-17,1192.7
2022-01-18,1190.1
2022-01-19,1191.7
2022-01-20,1192.4
2022-01-21,1194.0
2022-01-24,1196.1
2022-01-25,1198.6
2022-01-26,1197.7
2022-01-27,1202.8
2022-01-28,1205.5
2022-02-03,1206.4
2022-02-04,1197.0
2022-02-07,1200.7
2022-02-08,1197.7
2022-02-09,1196.5
2022-02-10,1196.5
2022-02-11,1198.5
2022-02-14,1191.1
2022-02-15,1199.8
2022-02-16,1197.6
2022-02-17,1197.1
2022-02-18,1195.9
2022-02-21,1192.1
2022-02-22,1192.7
2022-02-23,1193.6
2022-02-24,1202.4
2022-02-25,1201.6
2022-02-28,1202.3
2022-03-02,1206.1
2022-03-03,1204.6
2022-03-04,1214.2
2022-03-07,1227.1
2022-03-08,1237.0
2022-03-10,1228.3
2022-03-11,1232.0
2022-03-14,1242.3
2022-03-15,1242.8
2022-03-16,1235.7
2022-03-17,1214.3
2022-03-18,1207.6
2022-03-21,1216.3
2022-03-22,1218.1
2022-03-23,1213.8
2022-03-24,1218.8
2022-03-25,1218.8
2022-03-28,1227.3
2022-03-29,1219.8
2022-03-30,1209.6
2022-03-31,1212.1
2022-04-01,1215.5
2022-04-04,1214.4
2022-04-05,1212.7
2022-04-06,1218.3
2022-04-07,1219.5
2022-04-08,1225.1
2022-04-11,1233.1
2022-04-12,1236.2
2022-04-13,1228.0
2022-04-14,1224.7
2022-04-15,1229.6
2022-04-18,1234.4
2022-04-19,1236.9
2022-04-20,1236.1
2022-04-21,1239.0
2022-04-22,1239.1
2022-04-25,1249.9
2022-04-26,1250.8
2022-04-27,1265.2
2022-04-28,1272.5
2022-04-29,1255.9
2022-05-02,1265.1
2022-05-03,1267.8
2022-05-04,1266.3
2022-05-06,1272.7
2022-05-09,1274.0
2022-05-10,1276.4
2022-05-11,1275.5
2022-05-12,1288.6
2022-05-13,1284.2
2022-05-16,1284.1
2022-05-17,1275.0
2022-05-18,1266.6
2022-05-19,1277.7
2022-05-20,1268.1
2022-05-23,1264.1
2022-05-24,1266.2
2022-05-25,1264.6
2022-05-26,1267.0
2022-05-27,1256.2
2022-05-30,1238.6
2022-05-31,1237.2
2022-06-02,1252.1
2022-06-03,1242.7
2022-06-07,1257.7
2022-06-08,1253.8
2022-06-09,1256.9
2022-06-10,1268.9
2022-06-13,1284.0
2022-06-14,1286.4
2022-06-15,1290.5
2022-06-16,1285.6
2022-06-17,1287.3
2022-06-20,1292.4
2022-06-21,1293.6
2022-06-22,1297.3
2022-06-23,1301.8
2022-06-24,1298.2
2022-06-27,1286.5
2022-06-28,1283.4
2022-06-29,1299.0
2022-06-30,1298.4
2022-07-01,1297.3
2022-07-04,1297.1
2022-07-05,1300.3
2022-07-06,1306.3
2022-07-07,1299.8
2022-07-08,1300.4
2022-07-11,1303.9
2022-07-12,1312.1
2022-07-13,1306.9
2022-07-14,1312.1
2022-07-15,1326.1
2022-07-18,1317.4
2022-07-19,1313.4
2022-07-20,1312.9
2022-07-21,1307.7
2022-07-22,1313.0
2022-07-25,1313.7
2022-07-26,1307.6
2022-07-27,1313.3
2022-07-28,1296.1
2022-07-29,1299.1
2022-08-01,1304.0
2022-08-02,1304.7
2022-08-03,1310.3
2022-08-04,1310.1
2022-08-05,1298.3
2022-08-08,1306.4
2022-08-09,1304.6
2022-08-10,1310.4
2022-08-11,1303.0
2022-08-12,1302.4
2022-08-16,1308.1
2022-08-17,1310.3
2022-08-18,1320.7
2022-08-19,1325.9
2022-08-22,1339.8
2022-08-23,1345.5
2022-08-24,1342.1
2022-08-25,1335.2
2022-08-26,1331.3
2022-08-29,1350.4
2022-08-30,1346.7
2022-08-31,1337.6
2022-09-01,1354.9
2022-09-02,1362.6
2022-09-05,1371.4
2022-09-06,1371.7
2022-09-07,1384.2
2022-09-08,1380.8
2022-09-13,1373.6
2022-09-14,1390.9
2022-09-15,1393.7
2022-09-16,1388.0
2022-09-19,1393.6
2022-09-20,1389.5
2022-09-21,1394.2
2022-09-22,1409.7
2022-09-23,1409.3
2022-09-26,1431.3
2022-09-27,1421.5
2022-09-28,1439.9
2022-09-29,1438.9
2022-09-30,1430.2
2022-10-04,1426.5
2022-10-05,1410.1
2022-10-06,1402.4
2022-10-07,1412.4
2022-10-11,1435.2
2022-10-12,1424.9
2022-10-13,1431.3
2022-10-14,1428.5
2022-10-17,1435.3
2022-10-18,1422.7
2022-10-19,1426.2
2022-10-20,1433.3
2022-10-21,1439.8
2022-10-24,1439.7
2022-10-25,1433.1
2022-10-26,1426.6
2022-10-27,1417.0
2022-10-28,1421.5
2022-10-31,1424.3
2022-11-01,1417.2
2022-11-02,1417.4
2022-11-03,1423.8
2022-11-04,1419.2
2022-11-07,1401.2
2022-11-08,1384.9
2022-11-09,1364.8
2022-11-10,1377.5
2022-11-11,1318.4
2022-11-14,1325.9
2022-11-15,1317.6
2022-11-16,1325.0
2022-11-17,1339.1
2022-11-18,1340.3
2022-11-21,1354.7
2022-11-22,1356.6
2022-11-23,1351.8
2022-11-24,1328.2
2022-11-25,1323.7
2022-11-28,1340.2
2022-11-29,1326.6
2022-11-30,1318.8
2022-12-01,1299.7
2022-12-02,1299.9
2022-12-05,1292.6
2022-12-06,1318.8
2022-12-07,1321.7
2022-12-08,1318.0
2022-12-09,1301.3
2022-12-12,1307.2
2022-12-13,1306.0
2022-12-14,1296.3
2022-12-15,1303.1
2022-12-16,1305.4
2022-12-19,1302.9
2022-12-20,1289.6
2022-12-21,1285.7
2022-12-22,1276.2
2022-12-23,1280.8
2022-12-26,1274.8
2022-12-27,1271.4
2022-12-28,1267.0
2022-12-29,1264.5
2023-01-02,1272.6
2023-01-03,1271.0
2023-01-04,1271.7
2023-01-05,1269.4
2023-01-06,1268.6
2023-01-09,1243.5
2023-01-10,1244.7
2023-01-11,1246.2
2023-01-12,1245.8
2023-01-13,1241.3
2023-01-16,1235.3
2023-01-17,1238.7
2023-01-18,1237.4
2023-01-19,1232.1
2023-01-20,1235.5
2023-01-25,1231.7
2023-01-26,1230.7
2023-01-27,1231.3
2023-01-30,1227.4
2023-01-31,1231.9
2023-02-01,1231.3
2023-02-02,1220.3
2023-02-03,1229.4
2023-02-06,1252.8
2023-02-07,1255.3
2023-02-08,1260.1
2023-02-09,1260.4
2023-02-10,1265.2
2023-02-13,1277.3
2023-02-14,1269.4
2023-02-15,1282.2
2023-02-16,1284.8
2023-02-17,1299.5
2023-02-20,1294.5
2023-02-21,1295.9
2023-02-22,1304.9
2023-02-23,1297.1
2023-02-24,1304.8
2023-02-27,1323.0
2023-02-28,1322.6
2023-03-02,1315.3
2023-03-03,1301.6
2023-03-06,1296.9
2023-03-07,1299.4
2023-03-08,1321.4
2023-03-09,1322.2
2023-03-10,1324.2
2023-03-13,1301.8
2023-03-14,1311.1
2023-03-15,1303.7
2023-03-16,1313.0
2023-03-17,1302.2
2023-03-20,1310.5
2023-03-21,1311.2
2023-03-22,1307.7
2023-03-23,1278.3
2023-03-24,1294.3
2023-03-27,1301.5
2023-03-28,1298.8
2023-03-29,1302.7
2023-03-30,1299.0
2023-03-31,1301.9
2023-04-03,1316.5
2023-04-04,1315.8
2023-04-05,1310.5
2023-04-06,1319.1
2023-04-07,1316.7
2023-04-10,1319.7
2023-04-11,1322.2
2023-04-12,1325.7
2023-04-13,1310.4
2023-04-14,1298.9
2023-04-17,1311.1
2023-04-18,1318.6
2023-04-19,1325.7
2023-04-20,1322.8
2023-04-21,1328.2
2023-04-24,1334.8
2023-04-25,1332.2
2023-04-26,1336.3
2023-04-27,1338.0
2023-04-28,1337.7
2023-05-02,1342.1
2023-05-03,1338.2
2023-05-04,1322.8
2023-05-08,1321.4
2023-05-09,1323.9
2023-05-10,1324.8
2023-05-11,1326.3
2023-05-12,1334.5
2023-05-15,1337.0
2023-05-16,1338.6
2023-05-17,1337.2
2023-05-18,1334.2
2023-05-19,1326.7
2023-05-22,1318.1
2023-05-23,1312.7
2023-05-24,1317.4
2023-05-25,1326.0
2023-05-26,1324.5
2023-05-30,1324.9
2023-05-31,1327.2
2023-06-01,1321.6
2023-06-02,1305.7
2023-06-05,1308.1
2023-06-07,1303.8
2023-06-08,1303.7
2023-06-09,1291.5
2023-06-12,1288.3
2023-06-13,1271.4
2023-06-14,1278.5
2023-06-15,1280.5
2023-06-16,1271.9
2023-06-19,1282.0
2023-06-20,1280.3
2023-06-21,1292.0
2023-06-22,1294.9
2023-06-23,1304.2
2023-06-26,1306.3
2023-06-27,1300.3
2023-06-28,1307.3
2023-06-29,1317.6
2023-06-30,1317.7
2023-07-03,1308.0
2023-07-04,1301.4
2023-07-05,1298.6
2023-07-06,1300.9
2023-07-07,1305.0
2023-07-10,1306.5
2023-07-11,1293.7
2023-07-12,1288.7
2023-07-13,1274.0
2023-07-14,1265.8
2023-07-17,1266.6
2023-07-18,1260.4
2023-07-19,1265.6
2023-07-20,1269.9
2023-07-21,1283.4
2023-07-24,1279.9
2023-07-25,1275.4
2023-07-26,1274.5
2023-07-27,1277.7
2023-07-28,1277.0
2023-07-31,1274.6
2023-08-01,1283.8
2023-08-02,1298.5
2023-08-03,1299.1
2023-08-04,1309.8
2023-08-07,1306.2
2023-08-08,1315.7
2023-08-09,1315.7
2023-08-10,1316.0
2023-08-11,1324.9
2023-08-14,1330.9
2023-08-16,1336.9
2023-08-17,1342.0
2023-08-18,1338.3
2023-08-21,1342.6
2023-08-22,1335.5
2023-08-23,1339.7
2023-08-24,1322.6
2023-08-25,1325.2
2023-08-28,1323.4
2023-08-29,1321.9
2023-08-30,1323.4
2023-08-31,1321.8
2023-09-01,1318.8
2023-09-04,1319.8
2023-09-05,1330.6
2023-09-06,1330.5
2023-09-07,1335.4
2023-09-08,1333.4
2023-09-11,1331.1
2023-09-12,1327.8
2023-09-13,1330.0
2023-09-14,1325.7
2023-09-15,1325.9
2023-09-18,1324.4
2023-09-19,1328.5
2023-09-20,1330.1
2023-09-21,1339.7
2023-09-22,1336.8
2023-09-25,1336.5
2023-09-26,1348.5
2023-09-27,1349.3
2023-10-04,1363.5
2023-10-05,1350.5
2023-10-06,1349.9
2023-10-10,1349.5
2023-10-11,1338.7
2023-10-12,1338.5
2023-10-13,1350.0
2023-10-16,1353.7
2023-10-17,1353.6
2023-10-18,1349.6
2023-10-19,1357.4
2023-10-20,1352.4
2023-10-23,1353.7
2023-10-24,1343.1
2023-10-25,1349.7
2023-10-26,1360.0
2023-10-27,1355.9
2023-10-30,1350.9
2023-10-31,1350.5
2023-11-01,1357.3
2023-11-02,1342.9
2023-11-03,1322.4
2023-11-06,1297.3
2023-11-07,1307.9
2023-11-08,1310.6
2023-11-09,1310.1
2023-11-10,1316.8
2023-11-13,1325.1
2023-11-14,1328.9
2023-11-15,1300.8
2023-11-16,1296.9
2023-11-17,1296.9
2023-11-20,1291.6
2023-11-21,1289.2
2023-11-22,1300.5
2023-11-23,1297.5
2023-11-24,1306.4
2023-11-27,1303.8
2023-11-28,1293.7
2023-11-29,1289.6
2023-11-30,1290.0
2023-12-01,1305.8
2023-12-04,1304.0
2023-12-05,1311.2
2023-12-06,1313.1
2023-12-07,1325.3
2023-12-08,1306.8
2023-12-11,1316.5
2023-12-12,1314.0
2023-12-13,1319.9
2023-12-14,1295.4
2023-12-15,1296.5
2023-12-18,1297.2
2023-12-19,1307.8
2023-12-20,1298.9
2023-12-21,1305.1
2023-12-22,1303.0
2023-12-26,1294.5
2023-12-27,1294.2
2023-12-28,1288.0
2024-01-02,1300.4
2024-01-03,1304.8
2024-01-04,1310.0
2024-01-05,1315.4
2024-01-08,1316.0
2024-01-09,1315.7
2024-01-10,1320.1
2024-01-11,1312.9
2024-01-12,1313.5
2024-01-15,1320.2
2024-01-16,1331.8
2024-01-17,1344.2
2024-01-18,1339.7
2024-01-19,1339.0
2024-01-22,1338.9
2024-01-23,1333.4
2024-01-24,1337.0
2024-01-25,1335.8
2024-01-26,1336.3
2024-01-29,1335.7
2024-01-30,1329.4
2024-01-31,1334.6
2024-02-01,1331.8
2024-02-02,1322.6
2024-02-05,1330.8
2024-02-06,1327.6
2024-02-07,1327.8
2024-02-08,1328.2
2024-02-13,1328.1
2024-02-14,1335.4
2024-02-15,1334.0
2024-02-16,1335.4
2024-02-19,1335.2
2024-02-20,1337.6
2024-02-21,1334.7
2024-02-22,1328.7
2024-02-23,1331.0
2024-02-26,1331.1
2024-02-27,1331.0
2024-02-28,1333.6
2024-02-29,1331.5
2024-03-04,1331.3
2024-03-05,1334.5
2024-03-06,1334.5
2024-03-07,1330.9
2024-03-08,1319.8
2024-03-11,1310.3
2024-03-12,1311.0
2024-03-13,1314.5
2024-03-14,1317.6
2024-03-15,1330.5
2024-03-18,1333.7
2024-03-19,1339.8
2024-03-20,1339.6
2024-03-21,1322.4
2024-03-22,1338.4
2024-03-25,1342.1
2024-03-26,1339.5
2024-03-27,1348.7
2024-03-28,1346.2
2024-03-29,1347.2
2024-04-01,1349.4
2024-04-02,1352.1
2024-04-03,1348.9
2024-04-04,1347.1
2024-04-05,1352.8
2024-04-08,1353.2
2024-04-09,1354.9
2024-04-11,1364.1
2024-04-12,1375.4
2024-04-15,1384.0
2024-04-16,1394.5
2024-04-17,1386.8
2024-04-18,1372.9
2024-04-19,1382.2
2024-04-22,1379.2
2024-04-23,1378.3
2024-04-24,1369.2
2024-04-25,1375.0
2024-04-26,1375.3
2024-04-29,1377.0
2024-04-30,1382.0
2024-05-02,1375.9
2024-05-03,1362.8
2024-05-07,1360.1
2024-05-08,1361.5
2024-05-09,1370.1
2024-05-10,1368.1
2024-05-13,1368.2
2024-05-14,1369.1
2024-05-16,1345.0
2024-05-17,1354.9
2024-05-20,1355.9
2024-05-21,1363.3
2024-05-22,1362.9
2024-05-23,1362.4
2024-05-24,1369.5
2024-05-27,1363.8
2024-05-28,1358.5
2024-05-29,1365.0
2024-05-30,1379.4
2024-05-31,1384.5
2024-06-03,1376.1
2024-06-04,1376.0
2024-06-05,1373.0
2024-06-07,1365.3
2024-06-10,1376.0
2024-06-11,1378.4
2024-06-12,1376.2
2024-06-13,1373.9
2024-06-14,1379.3
2024-06-17,1381.2
2024-06-18,1381.1
2024-06-19,1381.8
2024-06-20,1384.7
2024-06-21,1388.3
2024-06-24,1389.0
2024-06-25,1387.5
2024-06-26,1388.7
2024-06-27,1385.8
2024-06-28,1376.7
2024-07-01,1379.3
2024-07-02,1388.2
2024-07-03,1390.6
2024-07-04,1380.4
2024-07-05,1380.3
2024-07-08,1383.3
2024-07-09,1381.6
2024-07-10,1384.7
2024-07-11,1378.8
2024-07-12,1379.6
2024-07-15,1382.8
2024-07-16,1384.9
2024-07-17,1381.5
2024-07-18,1381.7
2024-07-19,1386.7
2024-07-22,1388.2
2024-07-23,1386.2
2024-07-24,1383.8
2024-07-25,1385.4
2024-07-26,1385.8
2024-07-29,1381.9
2024-07-30,1385.3
2024-07-31,1376.5
2024-08-01,1366.2
2024-08-02,1371.2
2024-08-05,1374.8
2024-08-06,1375.6
2024-08-07,1376.8
2024-08-08,1377.2
2024-08-09,1364.6
2024-08-12,1372.0
2024-08-13,1370.4
2024-08-14,1360.6
2024-08-16,1357.6
2024-08-19,1334.0
2024-08-20,1333.2
2024-08-21,1336.6
2024-08-22,1334.7
2024-08-23,1338.8
2024-08-26,1326.8
2024-08-27,1331.0
2024-08-28,1339.0
2024-08-29,1333.2
2024-08-30,1336.0
2024-09-02,1338.4
2024-09-03,1341.4
2024-09-04,1342.2
2024-09-05,1335.9
2024-09-06,1327.6
2024-09-09,1339.8
2024-09-10,1343.7
2024-09-11,1339.0
2024-09-12,1338.7
2024-09-13,1329.5
2024-09-19,1329.0
2024-09-20,1329.1
2024-09-23,1335.9
2024-09-24,1334.9
2024-09-25,1331.0
2024-09-26,1327.2
2024-09-27,1318.6
2024-09-30,1307.8
2024-10-02,1319.3
2024-10-04,1333.7
2024-10-07,1346.7
2024-10-08,1349.7
2024-10-10,1350.2
2024-10-11,1349.5
2024-10-14,1355.9
2024-10-15,1361.3
2024-10-16,1362.6
2024-10-17,1368.6
2024-10-18,1369.7
2024-10-21,1375.2
2024-10-22,1380.1
2024-10-23,1382.2
2024-10-24,1380.2
2024-10-25,1388.7
2024-10-28,1385.0
2024-10-29,1386.5
2024-10-30,1382.4
2024-10-31,1379.9
2024-11-01,1379.4
2024-11-04,1370.9
2024-11-05,1378.6
2024-11-06,1396.2
2024-11-07,1396.6
2024-11-08,1386.4
2024-11-11,1394.7
2024-11-12,1403.5
2024-11-13,1406.6
2024-11-14,1405.1
2024-11-15,1398.8
2024-11-18,1395.2
2024-11-19,1390.9
2024-11-20,1390.9
2024-11-21,1397.5
2024-11-22,1401.8
2024-11-25,1402.2
2024-11-26,1398.2
2024-11-27,1397.0
2024-11-28,1395.6
2024-11-29,1394.7
2024-12-02,1401.3
2024-12-03,1402.9
2024-12-04,1410.1
2024-12-05,1415.1
2024-12-06,1419.2
2024-12-09,1437.0
2024-12-10,1426.9
2024-12-11,1432.2
2024-12-12,1431.9
2024-12-13,1433.0
2024-12-16,1435.0
2024-12-17,1438.9
2024-12-18,1435.5
2024-12-19,1451.9
2024-12-20,1451.4
2024-12-23,1452.0
2024-12-24,1456.4
2024-12-26,1464.8
2024-12-27,1467.5
2024-12-30,1472.5
2025-01-02,1466.6
2025-01-03,1468.4
2025-01-06,1469.7
2025-01-07,1453.5
2025-01-08,1455.0
2025-01-09,1460.5
2025-01-10,1465.0
2025-01-13,1470.8
2025-01-14,1463.2
2025-01-15,1461.2
2025-01-16,1456.7
2025-01-17,1458.3
2025-01-20,1451.7
2025-01-21,1439.5
2025-01-22,1437.6
2025-01-23,1437.3
2025-01-24,1431.3
2025-01-31,1452.7
2025-02-03,1467.2
2025-02-04,1462.9
2025-02-05,1444.3
2025-02-06,1447.7
2025-02-07,1447.8
2025-02-10,1451.2
2025-02-11,1452.6
2025-02-12,1453.4
2025-02-13,1447.5
2025-02-14,1443.5
2025-02-17,1441.7
2025-02-18,1443.7
2025-02-19,1438.5
2025-02-20,1437.9
2025-02-21,1434.3
2025-02-24,1427.4
2025-02-25,1430.4
2025-02-26,1433.1
2025-02-27,1443.0
2025-02-28,1463.4
2025-03-04,1461.8
2025-03-05,1454.5
2025-03-06,1442.4
2025-03-07,1446.8
2025-03-10,1452.3
2025-03-11,1458.2
2025-03-12,1451.0
2025-03-13,1453.8
2025-03-14,1453.8
2025-03-17,1447.9
2025-03-18,1452.9
2025-03-19,1453.4
2025-03-20,1458.9
2025-03-21,1462.7
2025-03-24,1467.7
2025-03-25,1469.2
2025-03-26,1466.3
2025-03-27,1465.3
2025-03-28,1466.5
2025-03-31,1472.9
2025-04-01,1471.9
2025-04-02,1466.6
2025-04-03,1467.0
2025-04-04,1434.1
2025-04-07,1467.8
2025-04-08,1473.2
2025-04-09,1484.1
2025-04-10,1456.4
2025-04-11,1449.9
2025-04-14,1424.1
2025-04-15,1425.5
2025-04-16,1426.7
2025-04-17,1418.9
2025-04-18,1423.3
2025-04-21,1419.1
2025-04-22,1420.6
2025-04-23,1420.6
2025-04-24,1435.0
2025-04-25,1436.5
2025-04-28,1442.6
2025-04-29,1437.3
2025-04-30,1421.0
2025-05-02,1405.3
2025-05-07,1398.0
2025-05-08,1396.6
2025-05-09,1400.0
2025-05-12,1402.4
2025-05-13,1416.0
2025-05-14,1420.2
2025-05-15,1394.5
2025-05-16,1389.6
2025-05-19,1397.8
2025-05-20,1392.4
2025-05-21,1387.2
2025-05-22,1381.3
2025-05-23,1375.6
2025-05-26,1364.4
2025-05-27,1369.5
2025-05-28,1376.5
2025-05-29,1375.9
2025-05-30,1380.1
2025-06-02,1373.1
2025-06-04,1369.5
2025-06-05,1358.4
2025-06-09,1356.4
2025-06-10,1364.3
2025-06-11,1375.0
2025-06-12,1358.7
2025-06-13,1369.6
2025-06-16,1363.8
2025-06-17,1362.7
2025-06-18,1369.4
2025-06-19,1380.2
2025-06-20,1365.6
2025-06-23,1384.3
2025-06-24,1360.2
2025-06-25,1362.4
2025-06-26,1356.9
2025-06-27,1357.4
2025-06-30,1350.0
2025-07-01,1355.9
2025-07-02,1358.7
2025-07-03,1359.4
2025-07-04,1362.3
2025-07-07,1367.8
2025-07-08,1367.9
2025-07-09,1375.0
2025-07-10,1370.0
2025-07-11,1375.4
2025-07-14,1381.2
2025-07-15,1380.2
2025-07-16,1385.7
2025-07-17,1392.6
2025-07-18,1393.0
2025-07-21,1388.2
2025-07-22,1387.8
2025-07-23,1379.8
2025-07-24,1367.2
2025-07-25,1377.9
2025-07-28,1382.0
2025-07-29,1391.0
2025-07-30,1383.1
2025-07-31,1387.0
2025-08-01,1401.4
2025-08-04,1385.2
2025-08-05,1388.3
2025-08-06,1389.5
2025-08-07,1381.2
2025-08-08,1389.6
2025-08-11,1388.0
2025-08-12,1389.9
2025-08-13,1381.7
2025-08-14,1382.0
2025-08-18,1385.0
2025-08-19,1390.9
2025-08-20,1398.4
2025-08-21,1398.4
2025-08-22,1393.2
2025-08-25,1384.7
2025-08-26,1395.8
2025-08-27,1396.3
2025-08-28,1387.6
2025-08-29,1390.1
2025-09-01,1393.7
2025-09-02,1391.0
2025-09-03,1392.3
2025-09-04,1392.5
2025-09-05,1391.0
2025-09-08,1390.6
2025-09-09,1387.9
2025-09-10,1386.6
2025-09-11,1391.8
2025-09-12,1388.2
2025-09-15,1389.0
2025-09-16,1378.9
2025-09-17,1380.1
2025-09-18,1387.8
2025-09-19,1393.6
2025-09-22,1392.6
2025-09-23,1392.6
2025-09-24,1397.5
2025-09-25,1400.6
2025-09-26,1412.4
2025-09-29,1398.7
2025-09-30,1402.9
2025-10-01,1403.2
2025-10-02,1400.0
2025-10-10,1421.0
2025-10-13,1425.8
2025-10-14,1431.0
2025-10-15,1421.3
2025-10-16,1417.9
2025-10-17,1421.2
2025-10-20,1419.2
2025-10-21,1427.8
2025-10-22,1429.8
2025-10-23,1439.6
2025-10-24,1437.1
2025-10-27,1431.7
2025-10-28,1437.7
2025-10-29,1431.7
2025-10-30,1426.5
2025-10-31,1424.4
2025-11-03,1428.8
2025-11-04,1437.9
2025-11-05,1449.4
2025-11-06,1447.7
2025-11-07,1456.9
2025-11-10,1451.4
2025-11-11,1463.3
2025-11-12,1465.7
2025-11-13,1467.7
2025-11-14,1457.0
2025-11-17,1458.0
2025-11-18,1465.3
2025-11-19,1465.6
2025-11-20,1467.9
2025-11-21,1475.6
2025-11-24,1477.1
2025-11-25,1472.4
2025-11-26,1465.6
2025-11-27,1464.9
2025-11-28,1470.6
2025-12-01,1469.9
2025-12-02,1468.4
2025-12-03,1468.0
2025-12-04,1473.5
2025-12-05,1468.8
2025-12-08,1466.9
2025-12-09,1472.3
2025-12-10,1470.4
2025-12-11,1473.0
2025-12-12,1473.7
2025-12-15,1471.0
2025-12-16,1477.0
2025-12-17,1479.8
2025-12-18,1478.3
2025-12-19,1476.3
2025-12-22,1480.1
2025-12-23,1483.6
2025-12-24,1449.8
2025-12-26,1440.3
2025-12-29,1429.8
2025-12-30,1439.0
2026-01-02,1441.8
2026-01-05,1443.8
2026-01-06,1445.4
2026-01-07,1445.8
2026-01-08,1450.6
2026-01-09,1457.6
2026-01-12,1468.4
2026-01-13,1473.7
2026-01-14,1477.5
2026-01-15,1469.7
2026-01-16,1473.6
2026-01-19,1473.7
2026-01-20,1478.1
2026-01-21,1471.3
2026-01-22,1469.9
2026-01-23,1465.8
2026-01-26,1440.6
2026-01-27,1446.2
2026-01-28,1422.5
2026-01-29,1426.3
2026-01-30,1439.5
2026-02-02,1464.3
2026-02-03,1445.4
2026-02-04,1450.2
2026-02-05,1469.0
2026-02-06,1469.5
2026-02-09,1460.3
2026-02-10,1459.1
2026-02-11,1450.1
2026-02-12,1440.2
2026-02-13,1444.9
2026-02-19,1445.5
2026-02-20,1446.6
2026-02-23,1440.0
2026-02-24,1442.5
2026-02-25,1429.4
2026-02-26,1425.8
2026-02-27,1439.7
2026-03-03,1466.1
2026-03-04,1476.2
2026-03-05,1468.1
2026-03-06,1476.4
2026-03-09,1495.5
2026-03-10,1469.2
2026-03-11,1466.5
2026-03-12,1481.2
2026-03-13,1493.7
2026-03-16,1497.5
2026-03-17,1493.6
2026-03-18,1483.1
2026-03-19,1501.0
2026-03-20,1500.6
2026-03-23,1517.3
2026-03-24,1495.2
2026-03-25,1499.7
2026-03-26,1507.0
2026-03-27,1508.9
2026-03-30,1515.7
2026-03-31,1530.1
2026-04-01,1501.3
2026-04-02,1519.7
2026-04-03,1505.2
2026-04-06,1506.3
2026-04-07,1504.2
2026-04-08,1470.6
2026-04-09,1482.5
2026-04-10,1482.5
2026-04-13,1489.3
2026-04-14,1481.2
2026-04-15,1474.2
2026-04-16,1474.6
2026-04-17,1483.5
2026-04-20,1477.2
2026-04-21,1468.5
2026-04-22,1476.0
2026-04-23,1481.0
2026-04-24,1484.5
2026-04-27,1472.5
2026-04-28,1473.6
2026-04-29,1479.0
2026-04-30,1483.3
2026-05-04,1462.8
2026-05-06,1455.1
2026-05-07,1454.0
2026-05-08,1471.7
2026-05-11,1472.4
2026-05-12,1489.9
2026-05-13,1490.6
2026-05-14,1491.0
2026-05-15,1500.8
2026-05-18,1500.3
2026-05-19,1507.8
2026-05-20,1506.8
2026-05-21,1506.1
2026-05-22,1517.2
2026-05-26,1504.3
2026-05-27,1501.2
2026-05-28,1502.8
2026-05-29,1507.9
2026-06-01,1504.3
2026-06-02,1516.4
2026-06-04,1529.7
2026-06-05,1539.1
2026-06-08,1535.0
2026-06-09,1512.1
2026-06-10,1524.2
2026-06-11,1528.9
2026-06-12,1519.8
2026-06-15,1511.1
2026-06-16,1511.6
2026-06-17,1513.4
2026-06-18,1527.1
2026-06-19,1527.0
2026-06-22,1537.0
2026-06-23,1539.1
2026-06-24,1541.8
2026-06-25,1542.7
2026-06-26,1532.0
2026-06-29,1545.2
2026-06-30,1549.4
2026-07-01,1554.9
2026-07-02,1555.8
2026-07-03,1525.6
2026-07-06,1530.3
2026-07-07,1528.2
2026-07-08,1498.5
2026-07-09,1506.1
2026-07-10,1501.4
2026-07-13,1503.4
2026-07-14,1493.0
2026-07-15,1484.7
2026-07-16,1480.4
2026-07-17,1478.5
2026-07-20,1478.4
2026-07-21,1473.4
2026-07-22,1480.1
2026-07-23,1466.8
2026-07-24,1466.6
2026-07-27,1468.5
2026-07-28,1462.5
2026-07-29,1446.7
2026-07-30,1437.4
2026-07-31,1424.0
2026-08-03,1429.8
2026-08-04,1432.5
2026-08-05,1424.5
2026-08-06,1423.8
2026-08-07,1416.1
2026-08-10,1418.4
2026-08-11,1416.0
2026-08-12,1415.7
2026-08-13,1419.4
2026-08-14,1418.3
2026-08-17,1413.0
2026-08-18,1411.8
2026-08-19,1397.7
2026-08-20,1392.6
2026-08-21,1386.5
2026-08-24,1382.4
2026-08-25,1386.1
2026-08-26,1384.8
2026-08-27,1380.9
2026-08-28,1372.5
2026-08-31,1368.6
2026-09-01,1370.4
2026-09-02,1368.7
2026-09-03,1359.3
2026-09-04,1350.4
2026-09-07,1340.5
2026-09-08,1345.6
2026-09-09,1336.1
2026-09-10,1339.2
2026-09-11,1345.9
2026-09-14,1347.3
2026-09-15,1359.4
