date,status,rows
20180313,saved,2162.0
20180314,saved,2164.0
20180315,saved,2164.0
20180316,saved,2164.0
20180319,saved,2164.0
20180320,saved,2163.0
20180321,saved,2163.0
20180322,saved,2164.0
20180323,saved,2164.0
20180326,saved,2164.0
20180327,saved,2164.0
20180328,saved,2165.0
20180329,saved,2165.0
20180330,saved,2163.0
20180402,saved,2163.0
20180403,saved,2163.0
20180404,saved,2164.0
20180405,saved,2164.0
20180406,saved,2165.0
20180409,saved,2165.0
20180410,saved,2165.0
20180411,saved,2165.0
20180412,saved,2165.0
20180413,saved,2165.0
20180416,saved,2165.0
20180417,saved,2164.0
20180418,saved,2164.0
20180419,saved,2164.0
20180420,saved,2164.0
20180423,saved,2164.0
20180424,saved,2164.0
20180425,saved,2164.0
20180426,saved,2164.0
20180427,saved,2164.0
20180430,saved,2164.0
20180502,saved,2164.0
20180503,saved,2164.0
20180504,saved,2163.0
20180508,saved,2163.0
20180509,saved,2163.0
20180510,saved,2163.0
20180511,saved,2163.0
20180514,saved,2163.0
20180515,saved,2163.0
20180516,saved,2163.0
20180517,saved,2163.0
20180518,saved,2163.0
20180521,saved,2163.0
20180523,saved,2162.0
20180524,saved,2162.0
20180525,saved,2162.0
20180528,saved,2162.0
20180529,saved,2163.0
20180530,saved,2163.0
20180531,saved,2163.0
20180601,saved,2164.0
20180604,saved,2164.0
20180605,saved,2163.0
20180607,saved,2164.0
20180608,saved,2165.0
20180611,saved,2165.0
20180612,saved,2166.0
20180614,saved,2166.0
20180615,saved,2166.0
20180618,saved,2166.0
20180619,saved,2166.0
20180620,saved,2166.0
20180621,saved,2166.0
20180622,saved,2166.0
20180625,saved,2166.0
20180626,saved,2167.0
20180627,saved,2168.0
20180628,saved,2168.0
20180629,saved,2168.0
20180702,saved,2168.0
20180703,saved,2168.0
20180704,saved,2168.0
20180705,saved,2168.0
20180706,saved,2169.0
20180709,saved,2168.0
20180710,saved,2168.0
20180711,saved,2168.0
20180712,saved,2169.0
20180713,saved,2173.0
20180716,saved,2172.0
20180717,saved,2171.0
20180718,saved,2171.0
20180719,saved,2171.0
20180720,saved,2172.0
20180723,saved,2173.0
20180724,saved,2173.0
20180725,saved,2173.0
20180726,saved,2173.0
20180727,saved,2174.0
20180730,saved,2174.0
20180731,saved,2174.0
20180801,saved,2175.0
20180802,saved,2176.0
20180803,saved,2176.0
20180806,saved,2178.0
20180807,saved,2179.0
20180808,saved,2180.0
20180809,saved,2180.0
20180810,saved,2180.0
20180813,saved,2180.0
20180814,saved,2180.0
20180816,saved,2180.0
20180817,saved,2180.0
20180820,saved,2181.0
20180821,saved,2181.0
20180822,saved,2181.0
20180823,saved,2182.0
20180824,saved,2183.0
20180827,saved,2183.0
20180828,saved,2184.0
20180829,saved,2184.0
20180830,saved,2185.0
20180831,saved,2185.0
20180903,saved,2185.0
20180904,saved,2185.0
20180905,saved,2185.0
20180906,saved,2185.0
20180907,saved,2186.0
20180910,saved,2186.0
20180911,saved,2186.0
20180912,saved,2186.0
20180913,saved,2188.0
20180914,saved,2189.0
20180917,saved,2189.0
20180918,saved,2188.0
20180919,saved,2188.0
20180920,saved,2188.0
20180921,saved,2190.0
20180927,saved,2190.0
20180928,saved,2190.0
20181001,saved,2191.0
20181002,saved,2192.0
20181004,saved,2193.0
20181005,saved,2194.0
20181008,saved,2194.0
20181010,saved,2194.0
20181011,saved,2189.0
20181012,saved,2185.0
20181015,saved,2186.0
20181016,saved,2186.0
20181017,saved,2186.0
20181018,saved,2186.0
20181019,saved,2186.0
20181022,saved,2186.0
20181023,saved,2186.0
20181024,saved,2186.0
20181025,saved,2186.0
20181026,saved,2187.0
20181029,saved,2187.0
20181030,saved,2187.0
20181031,saved,2188.0
20181101,saved,2189.0
20181102,saved,2190.0
20181105,saved,2190.0
20181106,saved,2191.0
20181107,saved,2191.0
20181108,saved,2191.0
20181109,saved,2192.0
20181112,saved,2192.0
20181113,saved,2192.0
20181114,saved,2193.0
20181115,saved,2194.0
20181116,saved,2194.0
20181119,saved,2194.0
20181120,saved,2195.0
20181121,saved,2197.0
20181122,saved,2199.0
20181123,saved,2200.0
20181126,saved,2200.0
20181127,saved,2200.0
20181128,saved,2202.0
20181129,saved,2205.0
20181130,saved,2207.0
20181203,saved,2208.0
20181204,saved,2208.0
20181205,saved,2210.0
20181206,saved,2210.0
20181207,saved,2212.0
20181210,saved,2212.0
20181211,saved,2212.0
20181212,saved,2214.0
20181213,saved,2213.0
20181214,saved,2215.0
20181217,saved,2215.0
20181218,saved,2215.0
20181219,saved,2216.0
20181220,saved,2219.0
20181221,saved,2222.0
20181224,saved,2224.0
20181226,saved,2226.0
20181227,saved,2227.0
20181228,saved,2227.0
20190102,saved,2226.0
20190103,saved,2226.0
20190104,saved,2226.0
20190107,saved,2226.0
20190108,saved,2226.0
20190109,saved,2226.0
20190110,saved,2226.0
20190111,saved,2226.0
20190114,saved,2226.0
20190115,saved,2226.0
20190116,saved,2226.0
20190117,saved,2226.0
20190118,saved,2226.0
20190121,saved,2226.0
20190122,saved,2226.0
20190123,saved,2226.0
20190124,saved,2226.0
20190125,saved,2227.0
20190128,saved,2227.0
20190129,saved,2226.0
20190130,saved,2227.0
20190131,saved,2227.0
20190201,saved,2228.0
20190207,saved,2228.0
20190208,saved,2228.0
20190211,saved,2229.0
20190212,saved,2229.0
20190213,saved,2229.0
20190214,saved,2229.0
20190215,saved,2229.0
20190218,saved,2229.0
20190219,saved,2229.0
20190220,saved,2229.0
20190221,saved,2229.0
20190222,saved,2229.0
20190225,saved,2229.0
20190226,saved,2229.0
20190227,saved,2229.0
20190228,saved,2229.0
20190304,saved,2229.0
20190305,saved,2230.0
20190306,saved,2230.0
20190307,saved,2230.0
20190308,saved,2230.0
20190311,saved,2230.0
20190312,saved,2230.0
20190313,saved,2230.0
20190314,saved,2231.0
20190315,saved,2232.0
20190318,saved,2232.0
20190319,saved,2232.0
20190320,saved,2232.0
20190321,saved,2233.0
20190322,saved,2234.0
20190325,saved,2234.0
20190326,saved,2234.0
20190327,saved,2236.0
20190328,saved,2237.0
20190329,saved,2238.0
20190401,saved,2238.0
20190402,saved,2238.0
20190403,saved,2238.0
20190404,saved,2238.0
20190405,saved,2238.0
20190408,saved,2238.0
20190409,saved,2238.0
20190410,saved,2238.0
20190411,saved,2238.0
20190412,saved,2238.0
20190415,saved,2238.0
20190416,saved,2238.0
20190417,saved,2238.0
20190418,saved,2238.0
20190419,saved,2238.0
20190422,saved,2238.0
20190423,saved,2238.0
20190424,saved,2238.0
20190425,saved,2238.0
20190426,saved,2238.0
20190429,saved,2239.0
20190430,saved,2239.0
20190502,saved,2239.0
20190503,saved,2239.0
20190507,saved,2239.0
20190508,saved,2240.0
20190509,saved,2240.0
20190510,saved,2239.0
20190513,saved,2239.0
20190514,saved,2239.0
20190515,saved,2239.0
20190516,saved,2239.0
20190517,saved,2239.0
20190520,saved,2238.0
20190521,saved,2238.0
20190522,saved,2238.0
20190523,saved,2239.0
20190524,saved,2239.0
20190527,saved,2239.0
20190528,saved,2240.0
20190529,saved,2240.0
20190530,saved,2240.0
20190531,saved,2242.0
20190603,saved,2242.0
20190604,saved,2242.0
20190605,saved,2243.0
20190607,saved,2243.0
20190610,saved,2244.0
20190611,saved,2244.0
20190612,saved,2245.0
20190613,saved,2245.0
20190614,saved,2245.0
20190617,saved,2245.0
20190618,saved,2245.0
20190619,saved,2246.0
20190620,saved,2246.0
20190621,saved,2246.0
20190624,saved,2248.0
20190625,saved,2248.0
20190626,saved,2247.0
20190627,saved,2247.0
20190628,saved,2247.0
20190701,saved,2248.0
20190702,saved,2248.0
20190703,saved,2248.0
20190704,saved,2249.0
20190705,saved,2249.0
20190708,saved,2249.0
20190709,saved,2249.0
20190710,saved,2249.0
20190711,saved,2250.0
20190712,saved,2251.0
20190715,saved,2252.0
20190716,saved,2252.0
20190717,saved,2252.0
20190718,saved,2252.0
20190719,saved,2253.0
20190722,saved,2253.0
20190723,saved,2253.0
20190724,saved,2254.0
20190725,saved,2255.0
20190726,saved,2255.0
20190729,saved,2255.0
20190730,saved,2256.0
20190731,saved,2256.0
20190801,saved,2258.0
20190802,saved,2259.0
20190805,saved,2260.0
20190806,saved,2260.0
20190807,saved,2261.0
20190808,saved,2262.0
20190809,saved,2263.0
20190812,saved,2263.0
20190813,saved,2263.0
20190814,saved,2264.0
20190816,saved,2264.0
20190819,saved,2265.0
20190820,saved,2267.0
20190821,saved,2267.0
20190822,saved,2268.0
20190823,saved,2268.0
20190826,saved,2268.0
20190827,saved,2268.0
20190828,saved,2268.0
20190829,saved,2268.0
20190830,saved,2268.0
20190902,saved,2268.0
20190903,saved,2268.0
20190904,saved,2268.0
20190905,saved,2269.0
20190906,saved,2269.0
20190909,saved,2269.0
20190910,saved,2269.0
20190911,saved,2269.0
20190916,saved,2268.0
20190917,saved,2268.0
20190918,saved,2270.0
20190919,saved,2270.0
20190920,saved,2271.0
20190923,saved,2271.0
20190924,saved,2271.0
20190925,saved,2271.0
20190926,saved,2271.0
20190927,saved,2271.0
20190930,saved,2272.0
20191001,saved,2271.0
20191002,saved,2272.0
20191004,saved,2272.0
20191007,saved,2272.0
20191008,saved,2272.0
20191010,saved,2271.0
20191011,saved,2272.0
20191014,saved,2273.0
20191015,saved,2273.0
20191016,saved,2273.0
20191017,saved,2274.0
20191018,saved,2281.0
20191021,saved,2281.0
20191022,saved,2282.0
20191023,saved,2282.0
20191024,saved,2283.0
20191025,saved,2284.0
20191028,saved,2284.0
20191029,saved,2286.0
20191030,saved,2288.0
20191031,saved,2290.0
20191101,saved,2291.0
20191104,saved,2291.0
20191105,saved,2292.0
20191106,saved,2294.0
20191107,saved,2295.0
20191108,saved,2295.0
20191111,saved,2296.0
20191112,saved,2296.0
20191113,saved,2297.0
20191114,saved,2298.0
20191115,saved,2298.0
20191118,saved,2299.0
20191119,saved,2300.0
20191120,saved,2301.0
20191121,saved,2302.0
20191122,saved,2303.0
20191125,saved,2304.0
20191126,saved,2304.0
20191127,saved,2305.0
20191128,saved,2306.0
20191129,saved,2307.0
20191202,saved,2307.0
20191203,saved,2308.0
20191204,saved,2309.0
20191205,saved,2310.0
20191206,saved,2310.0
20191209,saved,2311.0
20191210,saved,2312.0
20191211,saved,2313.0
20191212,saved,2312.0
20191213,saved,2312.0
20191216,saved,2312.0
20191217,saved,2313.0
20191218,saved,2313.0
20191219,saved,2316.0
20191220,saved,2317.0
20191223,saved,2318.0
20191224,saved,2320.0
20191226,saved,2323.0
20191227,saved,2324.0
20191230,saved,2324.0
20200102,saved,2324.0
20200103,saved,2323.0
20200106,saved,2323.0
20200107,saved,2323.0
20200108,saved,2323.0
20200109,saved,2323.0
20200110,saved,2323.0
20200113,saved,2323.0
20200114,saved,2323.0
20200115,saved,2322.0
20200116,saved,2321.0
20200117,saved,2321.0
20200120,saved,2321.0
20200121,saved,2322.0
20200122,saved,2322.0
20200123,saved,2322.0
20200128,saved,2322.0
20200129,saved,2322.0
20200130,saved,2324.0
20200131,saved,2324.0
20200203,saved,2324.0
20200204,saved,2324.0
20200205,saved,2324.0
20200206,saved,2324.0
20200207,saved,2324.0
20200210,saved,2325.0
20200211,saved,2325.0
20200212,saved,2325.0
20200213,saved,2325.0
20200214,saved,2324.0
20200217,saved,2324.0
20200218,saved,2324.0
20200219,saved,2324.0
20200220,saved,2325.0
20200221,saved,2325.0
20200224,saved,2325.0
20200225,saved,2325.0
20200226,saved,2325.0
20200227,saved,2325.0
20200228,saved,2326.0
20200302,saved,2326.0
20200303,saved,2326.0
20200304,saved,2327.0
20200305,saved,2327.0
20200306,saved,2328.0
20200309,saved,2328.0
20200310,saved,2328.0
20200311,saved,2329.0
20200312,saved,2330.0
20200313,saved,2330.0
20200316,saved,2331.0
20200317,saved,2331.0
20200318,saved,2331.0
20200319,saved,2331.0
20200320,saved,2331.0
20200323,saved,2331.0
20200324,saved,2331.0
20200325,saved,2331.0
20200326,saved,2331.0
20200327,saved,2331.0
20200330,saved,2331.0
20200331,saved,2331.0
20200401,saved,2331.0
20200402,saved,2331.0
20200403,saved,2331.0
20200406,saved,2331.0
20200407,saved,2331.0
20200408,saved,2330.0
20200409,saved,2330.0
20200410,saved,2329.0
20200413,saved,2329.0
20200414,saved,2329.0
20200416,saved,2328.0
20200417,saved,2328.0
20200420,saved,2328.0
20200421,saved,2328.0
20200422,saved,2328.0
20200423,saved,2328.0
20200424,saved,2328.0
20200427,saved,2327.0
20200428,saved,2327.0
20200429,saved,2327.0
20200504,saved,2326.0
20200506,saved,2326.0
20200507,saved,2326.0
20200508,saved,2326.0
20200511,saved,2326.0
20200512,saved,2326.0
20200513,saved,2326.0
20200514,saved,2325.0
20200515,saved,2325.0
20200518,saved,2325.0
20200519,saved,2325.0
20200520,saved,2326.0
20200521,saved,2326.0
20200522,saved,2325.0
20200525,saved,2325.0
20200526,saved,2325.0
20200527,saved,2325.0
20200528,saved,2325.0
20200529,saved,2325.0
20200601,saved,2324.0
20200602,saved,2324.0
20200603,saved,2324.0
20200604,saved,2324.0
20200605,saved,2325.0
20200608,saved,2325.0
20200609,saved,2325.0
20200610,saved,2325.0
20200611,saved,2325.0
20200612,saved,2325.0
20200615,saved,2325.0
20200616,saved,2325.0
20200617,saved,2327.0
20200618,saved,2326.0
20200619,saved,2326.0
20200622,saved,2328.0
20200623,saved,2327.0
20200624,saved,2327.0
20200625,saved,2328.0
20200626,saved,2328.0
20200629,saved,2328.0
20200630,saved,2326.0
20200701,saved,2325.0
20200702,saved,2325.0
20200703,saved,2325.0
20200706,saved,2326.0
20200707,saved,2326.0
20200708,saved,2326.0
20200709,saved,2326.0
20200710,saved,2325.0
20200713,saved,2325.0
20200714,saved,2325.0
20200715,saved,2326.0
20200716,saved,2327.0
20200717,saved,2327.0
20200720,saved,2327.0
20200721,saved,2326.0
20200722,saved,2327.0
20200723,saved,2329.0
20200724,saved,2330.0
20200727,saved,2330.0
20200728,saved,2330.0
20200729,saved,2332.0
20200730,saved,2333.0
20200731,saved,2333.0
20200803,saved,2333.0
20200804,saved,2333.0
20200805,saved,2335.0
20200806,saved,2337.0
20200807,saved,2338.0
20200810,saved,2339.0
20200811,saved,2338.0
20200812,saved,2339.0
20200813,saved,2340.0
20200814,saved,2340.0
20200818,saved,2341.0
20200819,saved,2341.0
20200820,saved,2340.0
20200821,saved,2341.0
20200824,saved,2342.0
20200825,saved,2342.0
20200826,saved,2342.0
20200827,saved,2342.0
20200828,saved,2343.0
20200831,saved,2344.0
20200901,saved,2344.0
20200902,saved,2344.0
20200903,saved,2344.0
20200904,saved,2344.0
20200907,saved,2344.0
20200908,saved,2344.0
20200909,saved,2344.0
20200910,saved,2345.0
20200911,saved,2345.0
20200914,saved,2346.0
20200915,saved,2346.0
20200916,saved,2347.0
20200917,saved,2347.0
20200918,saved,2349.0
20200921,saved,2350.0
20200922,saved,2353.0
20200923,saved,2355.0
20200924,saved,2356.0
20200925,saved,2356.0
20200928,saved,2356.0
20200929,saved,2356.0
20201005,saved,2356.0
20201006,saved,2356.0
20201007,saved,2356.0
20201008,saved,2357.0
20201012,saved,2357.0
20201013,saved,2357.0
20201014,saved,2357.0
20201015,saved,2358.0
20201016,saved,2358.0
20201019,saved,2359.0
20201020,saved,2359.0
20201021,saved,2359.0
20201022,saved,2360.0
20201023,saved,2360.0
20201026,saved,2360.0
20201027,saved,2360.0
20201028,saved,2361.0
20201029,saved,2362.0
20201030,saved,2363.0
20201102,saved,2363.0
20201103,saved,2363.0
20201104,saved,2363.0
20201105,saved,2363.0
20201106,saved,2364.0
20201109,saved,2364.0
20201110,saved,2364.0
20201111,saved,2364.0
20201112,saved,2365.0
20201113,saved,2365.0
20201116,saved,2365.0
20201117,saved,2366.0
20201118,saved,2367.0
20201119,saved,2367.0
20201120,saved,2369.0
20201123,saved,2369.0
20201124,saved,2369.0
20201125,saved,2370.0
20201126,saved,2371.0
20201127,saved,2371.0
20201130,saved,2371.0
20201201,saved,2371.0
20201202,saved,2373.0
20201203,saved,2373.0
20201204,saved,2374.0
20201207,saved,2375.0
20201208,saved,2375.0
20201209,saved,2377.0
20201210,saved,2378.0
20201211,saved,2379.0
20201214,saved,2380.0
20201215,saved,2380.0
20201216,saved,2381.0
20201217,saved,2382.0
20201218,saved,2381.0
20201221,saved,2383.0
20201222,saved,2384.0
20201223,saved,2387.0
20201224,saved,2387.0
20201228,saved,2388.0
20201229,saved,2388.0
20201230,saved,2388.0
20210104,saved,2388.0
20210105,saved,2388.0
20210106,saved,2388.0
20210107,saved,2388.0
20210108,saved,2388.0
20210111,saved,2388.0
20210112,saved,2388.0
20210113,saved,2388.0
20210114,saved,2388.0
20210115,saved,2387.0
20210118,saved,2387.0
20210119,saved,2387.0
20210120,saved,2387.0
20210121,saved,2389.0
20210122,saved,2389.0
20210125,saved,2391.0
20210126,saved,2391.0
20210127,saved,2392.0
20210128,saved,2394.0
20210129,saved,2395.0
20210201,saved,2395.0
20210202,saved,2396.0
20210203,saved,2398.0
20210204,saved,2399.0
20210205,saved,2401.0
20210208,saved,2401.0
20210209,saved,2401.0
20210210,saved,2402.0
20210215,saved,2401.0
20210216,saved,2402.0
20210217,saved,2402.0
20210218,saved,2402.0
20210219,saved,2402.0
20210222,saved,2402.0
20210223,saved,2402.0
20210224,saved,2404.0
20210225,saved,2405.0
20210226,saved,2407.0
20210302,saved,2407.0
20210303,saved,2407.0
20210304,saved,2407.0
20210305,saved,2408.0
20210308,saved,2408.0
20210309,saved,2409.0
20210310,saved,2409.0
20210311,saved,2411.0
20210312,saved,2411.0
20210315,saved,2412.0
20210316,saved,2414.0
20210317,saved,2415.0
20210318,saved,2416.0
20210319,saved,2416.0
20210322,saved,2416.0
20210323,saved,2417.0
20210324,saved,2419.0
20210325,saved,2419.0
20210326,saved,2419.0
20210329,saved,2419.0
20210330,saved,2419.0
20210331,saved,2419.0
20210401,saved,2420.0
20210402,saved,2420.0
20210405,saved,2421.0
20210406,saved,2421.0
20210407,saved,2421.0
20210408,saved,2422.0
20210409,saved,2422.0
20210412,saved,2422.0
20210413,saved,2421.0
20210414,saved,2421.0
20210415,saved,2421.0
20210416,saved,2420.0
20210419,saved,2418.0
20210420,saved,2418.0
20210421,saved,2420.0
20210422,saved,2420.0
20210423,saved,2420.0
20210426,saved,2420.0
20210427,saved,2420.0
20210428,saved,2421.0
20210429,saved,2421.0
20210430,saved,2421.0
20210503,saved,2421.0
20210504,saved,2421.0
20210506,saved,2421.0
20210507,saved,2421.0
20210510,saved,2422.0
20210511,saved,2423.0
20210512,saved,2423.0
20210513,saved,2423.0
20210514,saved,2424.0
20210517,saved,2425.0
20210518,saved,2425.0
20210520,saved,2426.0
20210521,saved,2430.0
20210524,saved,2430.0
20210525,saved,2430.0
20210526,saved,2432.0
20210527,saved,2434.0
20210528,saved,2435.0
20210531,saved,2435.0
20210601,saved,2435.0
20210602,saved,2435.0
20210603,saved,2436.0
20210604,saved,2435.0
20210607,saved,2434.0
20210608,saved,2434.0
20210609,saved,2434.0
20210610,saved,2433.0
20210611,saved,2433.0
20210614,saved,2432.0
20210615,saved,2432.0
20210616,saved,2432.0
20210617,saved,2434.0
20210618,saved,2435.0
20210621,saved,2435.0
20210622,saved,2435.0
20210623,saved,2435.0
20210624,saved,2435.0
20210625,saved,2436.0
20210628,saved,2436.0
20210629,saved,2436.0
20210630,saved,2436.0
20210701,saved,2436.0
20210702,saved,2436.0
20210705,saved,2436.0
20210706,saved,2436.0
20210707,saved,2436.0
20210708,saved,2435.0
20210709,saved,2435.0
20210712,saved,2435.0
20210713,saved,2435.0
20210714,saved,2435.0
20210715,saved,2435.0
20210716,saved,2435.0
20210719,saved,2435.0
20210720,saved,2434.0
20210721,saved,2434.0
20210722,saved,2435.0
20210723,saved,2435.0
20210726,saved,2435.0
20210727,saved,2436.0
20210728,saved,2437.0
20210729,saved,2437.0
20210730,saved,2437.0
20210802,saved,2436.0
20210803,saved,2436.0
20210804,saved,2436.0
20210805,saved,2437.0
20210806,saved,2438.0
20210809,saved,2438.0
20210810,saved,2439.0
20210811,saved,2439.0
20210812,saved,2440.0
20210813,saved,2441.0
20210817,saved,2443.0
20210818,saved,2443.0
20210819,saved,2445.0
20210820,saved,2446.0
20210823,saved,2445.0
20210824,saved,2445.0
20210825,saved,2446.0
20210826,saved,2446.0
20210827,saved,2446.0
20210830,saved,2446.0
20210831,saved,2445.0
20210901,saved,2446.0
20210902,saved,2445.0
20210903,saved,2446.0
20210906,saved,2446.0
20210907,saved,2446.0
20210908,saved,2447.0
20210909,saved,2447.0
20210910,saved,2448.0
20210913,saved,2448.0
20210914,saved,2449.0
20210915,saved,2449.0
20210916,saved,2448.0
20210917,saved,2450.0
20210923,saved,2449.0
20210924,saved,2449.0
20210927,saved,2451.0
20210928,saved,2452.0
20210929,saved,2454.0
20210930,saved,2453.0
20211001,saved,2453.0
20211005,saved,2453.0
20211006,saved,2452.0
20211007,saved,2455.0
20211008,saved,2454.0
20211012,saved,2454.0
20211013,saved,2455.0
20211014,saved,2455.0
20211015,saved,2456.0
20211018,saved,2456.0
20211019,saved,2456.0
20211020,saved,2456.0
20211021,saved,2457.0
20211022,saved,2458.0
20211025,saved,2458.0
20211026,saved,2458.0
20211027,saved,2458.0
20211028,saved,2459.0
20211029,saved,2461.0
20211101,saved,2462.0
20211102,saved,2462.0
20211103,saved,2464.0
20211104,saved,2463.0
20211105,saved,2462.0
20211108,saved,2463.0
20211109,saved,2463.0
20211110,saved,2465.0
20211111,saved,2467.0
20211112,saved,2467.0
20211115,saved,2467.0
20211116,saved,2467.0
20211117,saved,2467.0
20211118,saved,2469.0
20211119,saved,2469.0
20211122,saved,2470.0
20211123,saved,2471.0
20211124,saved,2471.0
20211125,saved,2471.0
20211126,saved,2471.0
20211129,saved,2472.0
20211130,saved,2472.0
20211201,saved,2472.0
20211202,saved,2474.0
20211203,saved,2475.0
20211206,saved,2475.0
20211207,saved,2473.0
20211208,saved,2473.0
20211209,saved,2473.0
20211210,saved,2475.0
20211213,saved,2475.0
20211214,saved,2475.0
20211215,saved,2475.0
20211216,saved,2476.0
20211217,saved,2476.0
20211220,saved,2477.0
20211221,saved,2477.0
20211222,saved,2477.0
20211223,saved,2477.0
20211224,saved,2478.0
20211227,saved,2478.0
20211228,saved,2478.0
20211229,saved,2478.0
20211230,saved,2479.0
20220103,saved,2478.0
20220104,saved,2478.0
20220105,saved,2477.0
20220106,saved,2477.0
20220107,saved,2477.0
20220110,saved,2477.0
20220111,saved,2477.0
20220112,saved,2477.0
20220113,saved,2477.0
20220114,saved,2477.0
20220117,saved,2477.0
20220118,saved,2475.0
20220119,saved,2475.0
20220120,saved,2477.0
20220121,saved,2477.0
20220124,saved,2479.0
20220125,saved,2479.0
20220126,saved,2479.0
20220127,saved,2480.0
20220128,saved,2480.0
20220203,saved,2480.0
20220204,saved,2481.0
20220207,saved,2482.0
20220208,saved,2483.0
20220209,saved,2483.0
20220210,saved,2483.0
20220211,saved,2483.0
20220214,saved,2483.0
20220215,saved,2483.0
20220216,saved,2484.0
20220217,saved,2483.0
20220218,saved,2484.0
20220221,saved,2486.0
20220222,saved,2485.0
20220223,saved,2485.0
20220224,saved,2486.0
20220225,saved,2488.0
20220228,saved,2489.0
20220302,saved,2489.0
20220303,saved,2491.0
20220304,saved,2491.0
20220307,saved,2492.0
20220308,saved,2492.0
20220310,saved,2493.0
20220311,saved,2493.0
20220314,saved,2493.0
20220315,saved,2493.0
20220316,saved,2493.0
20220317,saved,2492.0
20220318,saved,2493.0
20220321,saved,2493.0
20220322,saved,2492.0
20220323,saved,2493.0
20220324,saved,2494.0
20220325,saved,2494.0
20220328,saved,2495.0
20220329,saved,2495.0
20220330,saved,2495.0
20220331,saved,2496.0
20220401,saved,2497.0
20220404,saved,2496.0
20220405,saved,2496.0
20220406,saved,2495.0
20220407,saved,2496.0
20220408,saved,2496.0
20220411,saved,2495.0
20220412,saved,2495.0
20220413,saved,2495.0
20220414,saved,2495.0
20220415,saved,2494.0
20220418,saved,2494.0
20220419,saved,2494.0
20220420,saved,2493.0
20220421,saved,2494.0
20220422,saved,2494.0
20220425,saved,2494.0
20220426,saved,2493.0
20220427,saved,2494.0
20220428,saved,2497.0
20220429,saved,2498.0
20220502,saved,2498.0
20220503,saved,2498.0
20220504,saved,2498.0
20220506,saved,2498.0
20220509,saved,2497.0
20220510,saved,2497.0
20220511,saved,2497.0
20220512,saved,2497.0
20220513,saved,2497.0
20220516,saved,2498.0
20220517,saved,2498.0
20220518,saved,2497.0
20220519,saved,2497.0
20220520,saved,2498.0
20220523,saved,2498.0
20220524,saved,2498.0
20220525,saved,2498.0
20220526,saved,2499.0
20220527,saved,2498.0
20220530,saved,2498.0
20220531,saved,2497.0
20220602,saved,2497.0
20220603,saved,2498.0
20220607,saved,2498.0
20220608,saved,2498.0
20220609,saved,2498.0
20220610,saved,2498.0
20220613,saved,2498.0
20220614,saved,2498.0
20220615,saved,2498.0
20220616,saved,2498.0
20220617,saved,2499.0
20220620,saved,2500.0
20220621,saved,2500.0
20220622,saved,2500.0
20220623,saved,2502.0
20220624,saved,2505.0
20220627,saved,2504.0
20220628,saved,2505.0
20220629,saved,2505.0
20220630,saved,2506.0
20220701,saved,2507.0
20220704,saved,2507.0
20220705,saved,2507.0
20220706,saved,2507.0
20220707,saved,2508.0
20220708,saved,2508.0
20220711,saved,2508.0
20220712,saved,2508.0
20220713,saved,2508.0
20220714,saved,2510.0
20220715,saved,2508.0
20220718,saved,2508.0
20220719,saved,2508.0
20220720,saved,2507.0
20220721,saved,2508.0
20220722,saved,2509.0
20220725,saved,2509.0
20220726,saved,2509.0
20220727,saved,2509.0
20220728,saved,2510.0
20220729,saved,2512.0
20220801,saved,2513.0
20220802,saved,2513.0
20220803,saved,2513.0
20220804,saved,2515.0
20220805,saved,2515.0
20220808,saved,2515.0
20220809,saved,2516.0
20220810,saved,2516.0
20220811,saved,2516.0
20220812,saved,2516.0
20220816,saved,2516.0
20220817,saved,2516.0
20220818,saved,2516.0
20220819,saved,2516.0
20220822,saved,2518.0
20220823,saved,2518.0
20220824,saved,2518.0
20220825,saved,2518.0
20220826,saved,2520.0
20220829,saved,2520.0
20220830,saved,2520.0
20220831,saved,2520.0
20220901,saved,2520.0
20220902,saved,2520.0
20220905,saved,2520.0
20220906,saved,2520.0
20220907,saved,2520.0
20220908,saved,2520.0
20220913,saved,2520.0
20220914,saved,2520.0
20220915,saved,2521.0
20220916,saved,2521.0
20220919,saved,2521.0
20220920,saved,2521.0
20220921,saved,2521.0
20220922,saved,2521.0
20220923,saved,2521.0
20220926,saved,2521.0
20220927,saved,2521.0
20220928,saved,2521.0
20220929,saved,2524.0
20220930,saved,2525.0
20221004,saved,2525.0
20221005,saved,2525.0
20221006,saved,2528.0
20221007,saved,2531.0
20221011,saved,2531.0
20221012,saved,2531.0
20221013,saved,2531.0
20221014,saved,2532.0
20221017,saved,2531.0
20221018,saved,2531.0
20221019,saved,2532.0
20221020,saved,2536.0
20221021,saved,2537.0
20221024,saved,2537.0
20221025,saved,2537.0
20221026,saved,2537.0
20221027,saved,2538.0
20221028,saved,2540.0
20221031,saved,2539.0
20221101,saved,2539.0
20221102,saved,2541.0
20221103,saved,2543.0
20221104,saved,2544.0
20221107,saved,2544.0
20221108,saved,2544.0
20221109,saved,2543.0
20221110,saved,2543.0
20221111,saved,2544.0
20221114,saved,2545.0
20221115,saved,2545.0
20221116,saved,2545.0
20221117,saved,2547.0
20221118,saved,2549.0
20221121,saved,2549.0
20221122,saved,2550.0
20221123,saved,2550.0
20221124,saved,2551.0
20221125,saved,2551.0
20221128,saved,2553.0
20221129,saved,2552.0
20221130,saved,2552.0
20221201,saved,2554.0
20221202,saved,2554.0
20221205,saved,2555.0
20221206,saved,2556.0
20221207,saved,2556.0
20221208,saved,2556.0
20221209,saved,2556.0
20221212,saved,2556.0
20221213,saved,2556.0
20221214,saved,2556.0
20221215,saved,2556.0
20221216,saved,2556.0
20221219,saved,2556.0
20221220,saved,2556.0
20221221,saved,2556.0
20221222,saved,2558.0
20221223,saved,2558.0
20221226,saved,2557.0
20221227,saved,2558.0
20221228,saved,2558.0
20221229,saved,2558.0
20230102,saved,2558.0
20230103,saved,2558.0
20230104,saved,2558.0
20230105,saved,2558.0
20230106,saved,2558.0
20230109,saved,2558.0
20230110,saved,2558.0
20230111,saved,2558.0
20230112,saved,2558.0
20230113,saved,2558.0
20230116,saved,2558.0
20230117,saved,2557.0
20230118,saved,2557.0
20230119,saved,2559.0
20230120,saved,2559.0
20230125,saved,2559.0
20230126,saved,2559.0
20230127,saved,2560.0
20230130,saved,2561.0
20230131,saved,2563.0
20230201,saved,2563.0
20230202,saved,2562.0
20230203,saved,2563.0
20230206,saved,2563.0
20230207,saved,2564.0
20230208,saved,2564.0
20230209,saved,2565.0
20230210,saved,2565.0
20230213,saved,2565.0
20230214,saved,2565.0
20230215,saved,2566.0
20230216,saved,2567.0
20230217,saved,2567.0
20230220,saved,2568.0
20230221,saved,2566.0
20230222,saved,2566.0
20230223,saved,2566.0
20230224,saved,2567.0
20230227,saved,2567.0
20230228,saved,2568.0
20230302,saved,2569.0
20230303,saved,2570.0
20230306,saved,2570.0
20230307,saved,2572.0
20230308,saved,2572.0
20230309,saved,2573.0
20230310,saved,2572.0
20230313,saved,2573.0
20230314,saved,2573.0
20230315,saved,2574.0
20230316,saved,2574.0
20230317,saved,2575.0
20230320,saved,2575.0
20230321,saved,2575.0
20230322,saved,2575.0
20230323,saved,2575.0
20230324,saved,2575.0
20230327,saved,2576.0
20230328,saved,2576.0
20230329,saved,2577.0
20230330,saved,2577.0
20230331,saved,2579.0
20230403,saved,2579.0
20230404,saved,2579.0
20230405,saved,2579.0
20230406,saved,2581.0
20230407,saved,2582.0
20230410,saved,2584.0
20230411,saved,2584.0
20230412,saved,2584.0
20230413,saved,2584.0
20230414,saved,2583.0
20230417,saved,2583.0
20230418,saved,2583.0
20230419,saved,2583.0
20230420,saved,2583.0
20230421,saved,2583.0
20230424,saved,2583.0
20230425,saved,2582.0
20230426,saved,2583.0
20230427,saved,2584.0
20230428,saved,2584.0
20230502,saved,2584.0
20230503,saved,2584.0
20230504,saved,2585.0
20230508,saved,2584.0
20230509,saved,2584.0
20230510,saved,2584.0
20230511,saved,2584.0
20230512,saved,2584.0
20230515,saved,2584.0
20230516,saved,2584.0
20230517,saved,2585.0
20230518,saved,2585.0
20230519,saved,2587.0
20230522,saved,2587.0
20230523,saved,2587.0
20230524,saved,2588.0
20230525,saved,2588.0
20230526,saved,2588.0
20230530,saved,2589.0
20230531,saved,2590.0
20230601,saved,2591.0
20230602,saved,2592.0
20230605,saved,2592.0
20230607,saved,2592.0
20230608,saved,2593.0
20230609,saved,2593.0
20230612,saved,2593.0
20230613,saved,2593.0
20230614,saved,2593.0
20230615,saved,2594.0
20230616,saved,2597.0
20230619,saved,2597.0
20230620,saved,2597.0
20230621,saved,2597.0
20230622,saved,2598.0
20230623,saved,2600.0
20230626,saved,2600.0
20230627,saved,2600.0
20230628,saved,2601.0
20230629,saved,2602.0
20230630,saved,2604.0
20230703,saved,2604.0
20230704,saved,2604.0
20230705,saved,2604.0
20230706,saved,2606.0
20230707,saved,2606.0
20230710,saved,2606.0
20230711,saved,2606.0
20230712,saved,2607.0
20230713,saved,2607.0
20230714,saved,2608.0
20230717,saved,2601.0
20230718,saved,2601.0
20230719,saved,2602.0
20230720,saved,2603.0
20230721,saved,2603.0
20230724,saved,2604.0
20230725,saved,2604.0
20230726,saved,2605.0
20230727,saved,2608.0
20230728,saved,2609.0
20230731,saved,2609.0
20230801,saved,2609.0
20230802,saved,2609.0
20230803,saved,2610.0
20230804,saved,2611.0
20230807,saved,2612.0
20230808,saved,2612.0
20230809,saved,2612.0
20230810,saved,2616.0
20230811,saved,2617.0
20230814,saved,2616.0
20230816,saved,2616.0
20230817,saved,2617.0
20230818,saved,2617.0
20230821,saved,2618.0
20230822,saved,2619.0
20230823,saved,2619.0
20230824,saved,2620.0
20230825,saved,2620.0
20230828,saved,2618.0
20230829,saved,2618.0
20230830,saved,2620.0
20230831,saved,2620.0
20230901,saved,2621.0
20230904,saved,2622.0
20230905,saved,2622.0
20230906,saved,2622.0
20230907,saved,2623.0
20230908,saved,2623.0
20230911,saved,2623.0
20230912,saved,2623.0
20230913,saved,2623.0
20230914,saved,2624.0
20230915,saved,2625.0
20230918,saved,2625.0
20230919,saved,2625.0
20230920,saved,2625.0
20230921,saved,2625.0
20230922,saved,2624.0
20230925,saved,2625.0
20230926,saved,2625.0
20230927,saved,2626.0
20231004,saved,2628.0
20231005,saved,2629.0
20231006,saved,2630.0
20231010,saved,2631.0
20231011,saved,2631.0
20231012,saved,2631.0
20231013,saved,2632.0
20231016,saved,2632.0
20231017,saved,2632.0
20231018,saved,2633.0
20231019,saved,2634.0
20231020,saved,2634.0
20231023,saved,2634.0
20231024,saved,2634.0
20231025,saved,2634.0
20231026,saved,2635.0
20231027,saved,2634.0
20231030,saved,2634.0
20231031,saved,2634.0
20231101,saved,2634.0
20231102,saved,2636.0
20231103,saved,2637.0
20231106,saved,2637.0
20231107,saved,2637.0
20231108,saved,2637.0
20231109,saved,2641.0
20231110,saved,2641.0
20231113,saved,2644.0
20231114,saved,2644.0
20231115,saved,2645.0
20231116,saved,2645.0
20231117,saved,2646.0
20231120,saved,2647.0
20231121,saved,2649.0
20231122,saved,2649.0
20231123,saved,2649.0
20231124,saved,2650.0
20231127,saved,2650.0
20231128,saved,2651.0
20231129,saved,2651.0
20231130,saved,2651.0
20231201,saved,2653.0
20231204,saved,2654.0
20231205,saved,2656.0
20231206,saved,2656.0
20231207,saved,2656.0
20231208,saved,2656.0
20231211,saved,2656.0
20231212,saved,2657.0
20231213,saved,2657.0
20231214,saved,2657.0
20231215,saved,2657.0
20231218,saved,2656.0
20231219,saved,2656.0
20231220,saved,2656.0
20231221,saved,2656.0
20231222,saved,2659.0
20231226,saved,2659.0
20231227,saved,2658.0
20231228,saved,2658.0
20240102,saved,2657.0
20240103,saved,2656.0
20240104,saved,2656.0
20240105,saved,2656.0
20240108,saved,2656.0
20240109,saved,2656.0
20240110,saved,2656.0
20240111,saved,2656.0
20240112,saved,2655.0
20240115,saved,2655.0
20240116,saved,2655.0
20240117,saved,2655.0
20240118,saved,2655.0
20240119,saved,2655.0
20240122,saved,2655.0
20240123,saved,2654.0
20240124,saved,2656.0
20240125,saved,2657.0
20240126,saved,2658.0
20240129,saved,2659.0
20240130,saved,2659.0
20240131,saved,2658.0
20240201,saved,2660.0
20240202,saved,2661.0
20240205,saved,2661.0
20240206,saved,2663.0
20240207,saved,2663.0
20240208,saved,2663.0
20240213,saved,2663.0
20240214,saved,2663.0
20240215,saved,2662.0
20240216,saved,2662.0
20240219,saved,2662.0
20240220,saved,2662.0
20240221,saved,2662.0
20240222,saved,2663.0
20240223,saved,2665.0
20240226,saved,2665.0
20240227,saved,2666.0
20240228,saved,2666.0
20240229,saved,2668.0
20240304,saved,2668.0
20240305,saved,2670.0
20240306,saved,2669.0
20240307,saved,2670.0
20240308,saved,2670.0
20240311,saved,2670.0
20240312,saved,2670.0
20240313,saved,2671.0
20240314,saved,2671.0
20240315,saved,2671.0
20240318,saved,2671.0
20240319,saved,2671.0
20240320,saved,2671.0
20240321,saved,2672.0
20240322,saved,2672.0
20240325,saved,2672.0
20240326,saved,2673.0
20240327,saved,2674.0
20240328,saved,2674.0
20240329,saved,2675.0
20240401,saved,2675.0
20240402,saved,2675.0
20240403,saved,2676.0
20240404,saved,2676.0
20240405,saved,2676.0
20240408,saved,2676.0
20240409,saved,2676.0
20240411,saved,2676.0
20240412,saved,2676.0
20240415,saved,2677.0
20240416,saved,2677.0
20240417,saved,2677.0
20240418,saved,2677.0
20240419,saved,2677.0
20240422,saved,2678.0
20240423,saved,2678.0
20240424,saved,2679.0
20240425,saved,2679.0
20240426,saved,2678.0
20240429,saved,2678.0
20240430,saved,2678.0
20240502,saved,2680.0
20240503,saved,2680.0
20240507,saved,2682.0
20240508,saved,2683.0
20240509,saved,2683.0
20240510,saved,2683.0
20240513,saved,2682.0
20240514,saved,2681.0
20240516,saved,2681.0
20240517,saved,2683.0
20240520,saved,2683.0
20240521,saved,2683.0
20240522,saved,2683.0
20240523,saved,2684.0
20240524,saved,2684.0
20240527,saved,2684.0
20240528,saved,2684.0
20240529,saved,2685.0
20240530,saved,2685.0
20240531,saved,2685.0
20240603,saved,2685.0
20240604,saved,2685.0
20240605,saved,2685.0
20240607,saved,2684.0
20240610,saved,2684.0
20240611,saved,2684.0
20240612,saved,2684.0
20240613,saved,2684.0
20240614,saved,2685.0
20240617,saved,2684.0
20240618,saved,2685.0
20240619,saved,2688.0
20240620,saved,2688.0
20240621,saved,2688.0
20240624,saved,2691.0
20240625,saved,2691.0
20240626,saved,2692.0
20240627,saved,2693.0
20240628,saved,2694.0
20240701,saved,2695.0
20240702,saved,2695.0
20240703,saved,2696.0
20240704,saved,2696.0
20240705,saved,2696.0
20240708,saved,2696.0
20240709,saved,2695.0
20240710,saved,2694.0
20240711,saved,2695.0
20240712,saved,2696.0
20240715,saved,2697.0
20240716,saved,2697.0
20240717,saved,2697.0
20240718,saved,2697.0
20240719,saved,2697.0
20240722,saved,2697.0
20240723,saved,2697.0
20240724,saved,2697.0
20240725,saved,2697.0
20240726,saved,2697.0
20240729,saved,2698.0
20240730,saved,2698.0
20240731,saved,2699.0
20240801,saved,2699.0
20240802,saved,2699.0
20240805,saved,2699.0
20240806,saved,2700.0
20240807,saved,2700.0
20240808,saved,2700.0
20240809,saved,2700.0
20240812,saved,2701.0
20240813,saved,2702.0
20240814,saved,2702.0
20240816,saved,2703.0
20240819,saved,2704.0
20240820,saved,2706.0
20240821,saved,2707.0
20240822,saved,2709.0
20240823,saved,2710.0
20240826,saved,2710.0
20240827,saved,2710.0
20240828,saved,2710.0
20240829,saved,2710.0
20240830,saved,2711.0
20240902,saved,2711.0
20240903,saved,2711.0
20240904,saved,2711.0
20240905,saved,2711.0
20240906,saved,2710.0
20240909,saved,2710.0
20240910,saved,2710.0
20240911,saved,2711.0
20240912,saved,2711.0
20240913,saved,2711.0
20240919,saved,2711.0
20240920,saved,2711.0
20240923,saved,2712.0
20240924,saved,2711.0
20240925,saved,2712.0
20240926,saved,2712.0
20240927,saved,2713.0
20240930,saved,2714.0
20241002,saved,2714.0
20241004,saved,2714.0
20241007,saved,2713.0
20241008,saved,2712.0
20241010,saved,2712.0
20241011,saved,2712.0
20241014,saved,2712.0
20241015,saved,2712.0
20241016,saved,2713.0
20241017,saved,2713.0
20241018,saved,2715.0
20241021,saved,2716.0
20241022,saved,2716.0
20241023,saved,2716.0
20241024,saved,2717.0
20241025,saved,2719.0
20241028,saved,2720.0
20241029,saved,2720.0
20241030,saved,2720.0
20241031,saved,2722.0
20241101,saved,2724.0
20241104,saved,2724.0
20241105,saved,2725.0
20241106,saved,2725.0
20241107,saved,2725.0
20241108,saved,2726.0
20241111,saved,2726.0
20241112,saved,2727.0
20241113,saved,2728.0
20241114,saved,2728.0
20241115,saved,2729.0
20241118,saved,2731.0
20241119,saved,2733.0
20241120,saved,2735.0
20241121,saved,2736.0
20241122,saved,2735.0
20241125,saved,2735.0
20241126,saved,2735.0
20241127,saved,2735.0
20241128,saved,2736.0
20241129,saved,2737.0
20241202,saved,2737.0
20241203,saved,2737.0
20241204,saved,2736.0
20241205,saved,2736.0
20241206,saved,2736.0
20241209,saved,2735.0
20241210,saved,2735.0
20241211,saved,2736.0
20241212,saved,2737.0
20241213,saved,2737.0
20241216,saved,2739.0
20241217,saved,2739.0
20241218,saved,2740.0
20241219,saved,2741.0
20241220,saved,2742.0
20241223,saved,2743.0
20241224,saved,2744.0
20241226,saved,2745.0
20241227,saved,2745.0
20241230,saved,2745.0
20250102,saved,2745.0
20250103,saved,2745.0
20250106,saved,2745.0
20250107,saved,2745.0
20250108,saved,2744.0
20250109,saved,2744.0
20250110,saved,2744.0
20250113,saved,2744.0
20250114,saved,2744.0
20250115,saved,2744.0
20250116,saved,2744.0
20250117,saved,2744.0
20250120,saved,2744.0
20250121,saved,2744.0
20250122,saved,2744.0
20250123,saved,2746.0
20250124,saved,2749.0
20250131,saved,2749.0
20250203,saved,2750.0
20250204,saved,2751.0
20250205,saved,2752.0
20250206,saved,2752.0
20250207,saved,2752.0
20250210,saved,2751.0
20250211,saved,2750.0
20250212,saved,2751.0
20250213,saved,2752.0
20250214,saved,2751.0
20250217,saved,2752.0
20250218,saved,2752.0
20250219,saved,2751.0
20250220,saved,2752.0
20250221,saved,2751.0
20250224,saved,2751.0
20250225,saved,2752.0
20250226,saved,2752.0
20250227,saved,2752.0
20250228,saved,2752.0
20250304,saved,2752.0
20250305,saved,2752.0
20250306,saved,2753.0
20250307,saved,2753.0
20250310,saved,2753.0
20250311,saved,2753.0
20250312,saved,2753.0
20250313,saved,2753.0
20250314,saved,2754.0
20250317,saved,2754.0
20250318,saved,2754.0
20250319,saved,2754.0
20250320,saved,2757.0
20250321,saved,2758.0
20250324,saved,2759.0
20250325,saved,2759.0
20250326,saved,2759.0
20250327,saved,2759.0
20250328,saved,2758.0
20250331,saved,2757.0
20250401,saved,2756.0
20250402,saved,2756.0
20250403,saved,2757.0
20250404,saved,2757.0
20250407,saved,2757.0
20250408,saved,2757.0
20250409,saved,2757.0
20250410,saved,2757.0
20250411,saved,2757.0
20250414,saved,2757.0
20250415,saved,2757.0
20250416,saved,2757.0
20250417,saved,2757.0
20250418,saved,2757.0
20250421,saved,2757.0
20250422,saved,2757.0
20250423,saved,2757.0
20250424,saved,2757.0
20250425,saved,2757.0
20250428,saved,2758.0
20250429,saved,2758.0
20250430,saved,2758.0
20250502,saved,2758.0
20250507,saved,2758.0
20250508,saved,2759.0
20250509,saved,2761.0
20250512,saved,2762.0
20250513,saved,2762.0
20250514,saved,2761.0
20250515,saved,2761.0
20250516,saved,2760.0
20250519,saved,2761.0
20250520,saved,2762.0
20250521,saved,2762.0
20250522,saved,2763.0
20250523,saved,2764.0
20250526,saved,2762.0
20250527,saved,2761.0
20250528,saved,2761.0
20250529,saved,2762.0
20250530,saved,2762.0
20250602,saved,2761.0
20250604,saved,2761.0
20250605,saved,2761.0
20250609,saved,2761.0
20250610,saved,2762.0
20250611,saved,2762.0
20250612,saved,2762.0
20250613,saved,2762.0
20250616,saved,2761.0
20250617,saved,2761.0
20250618,saved,2759.0
20250619,saved,2757.0
20250620,saved,2757.0
20250623,saved,2757.0
20250624,saved,2757.0
20250625,saved,2757.0
20250626,saved,2757.0
20250627,saved,2757.0
20250630,saved,2758.0
20250701,saved,2758.0
20250702,saved,2758.0
20250703,saved,2758.0
20250704,saved,2760.0
20250707,saved,2761.0
20250708,saved,2760.0
20250709,saved,2759.0
20250710,saved,2760.0
20250711,saved,2758.0
20250714,saved,2757.0
20250715,saved,2757.0
20250716,saved,2757.0
20250717,saved,2757.0
20250718,saved,2757.0
20250721,saved,2756.0
20250722,saved,2758.0
20250723,saved,2759.0
20250724,saved,2758.0
20250725,saved,2759.0
20250728,saved,2759.0
20250729,saved,2760.0
20250730,saved,2760.0
20250731,saved,2759.0
20250801,saved,2759.0
20250804,saved,2759.0
20250805,saved,2759.0
20250806,saved,2760.0
20250807,saved,2761.0
20250808,saved,2761.0
20250811,saved,2761.0
20250812,saved,2761.0
20250813,saved,2761.0
20250814,saved,2763.0
20250818,saved,2764.0
20250819,saved,2765.0
20250820,saved,2765.0
20250821,saved,2765.0
20250822,saved,2765.0
20250825,saved,2766.0
20250826,saved,2766.0
20250827,saved,2766.0
20250828,saved,2766.0
20250829,saved,2766.0
20250901,saved,2766.0
20250902,saved,2766.0
20250903,saved,2766.0
20250904,saved,2766.0
20250905,saved,2766.0
20250908,saved,2765.0
20250909,saved,2765.0
20250910,saved,2763.0
20250911,saved,2762.0
20250912,saved,2762.0
20250915,saved,2762.0
20250916,saved,2762.0
20250917,saved,2762.0
20250918,saved,2762.0
20250919,saved,2763.0
20250922,saved,2763.0
20250923,saved,2763.0
20250924,saved,2763.0
20250925,saved,2762.0
20250926,saved,2762.0
20250929,saved,2762.0
20250930,saved,2763.0
20251001,saved,2764.0
20251002,saved,2764.0
20251010,saved,2763.0
20251013,saved,2763.0
20251014,saved,2762.0
20251015,saved,2762.0
20251016,saved,2761.0
20251017,saved,2761.0
20251020,saved,2761.0
20251021,saved,2761.0
20251022,saved,2761.0
20251023,saved,2760.0
20251024,saved,2760.0
20251027,saved,2759.0
20251028,saved,2759.0
20251029,saved,2759.0
20251030,saved,2759.0
20251031,saved,2759.0
20251103,saved,2760.0
20251104,saved,2760.0
20251105,saved,2760.0
20251106,saved,2760.0
20251107,saved,2761.0
20251110,saved,2761.0
20251111,saved,2761.0
20251112,saved,2761.0
20251113,saved,2761.0
20251114,saved,2762.0
20251117,saved,2763.0
20251118,saved,2764.0
20251119,saved,2764.0
20251120,saved,2765.0
20251121,saved,2766.0
20251124,saved,2769.0
20251125,saved,2769.0
20251126,saved,2767.0
20251127,saved,2769.0
20251128,saved,2769.0
20251201,saved,2770.0
20251202,saved,2770.0
20251203,saved,2770.0
20251204,saved,2771.0
20251205,saved,2772.0
20251208,saved,2772.0
20251209,saved,2773.0
20251210,saved,2773.0
20251211,saved,2775.0
20251212,saved,2778.0
20251215,saved,2779.0
20251216,saved,2780.0
20251217,saved,2781.0
20251218,saved,2782.0
20251219,saved,2783.0
20251222,saved,2786.0
20251223,saved,2787.0
20251224,saved,2788.0
20251226,saved,2788.0
20251229,saved,2789.0
20251230,saved,2788.0
20260102,saved,2788.0
20260105,saved,2788.0
20260106,saved,2788.0
20260107,saved,2786.0
20260108,saved,2786.0
20260109,saved,2786.0
20260112,saved,2786.0
20260113,saved,2786.0
20260114,saved,2783.0
20260115,saved,2781.0
20260116,saved,2781.0
20260119,saved,2781.0
20260120,saved,2781.0
20260121,saved,2782.0
20260122,saved,2781.0
20260123,saved,2781.0
20260126,saved,2778.0
20260127,saved,2776.0
20260128,saved,2774.0
20260129,saved,2773.0
20260130,saved,2774.0
20260202,saved,2774.0
20260203,saved,2774.0
20260204,saved,2773.0
20260205,saved,2773.0
20260206,saved,2773.0
20260209,saved,2773.0
20260210,saved,2772.0
20260211,saved,2772.0
20260212,saved,2771.0
20260213,saved,2771.0
20260219,saved,2771.0
20260220,saved,2771.0
20260223,saved,2770.0
20260224,saved,2770.0
20260225,saved,2770.0
20260226,saved,2770.0
20260227,saved,2770.0
20260303,saved,2770.0
20260304,saved,2769.0
20260305,saved,2769.0
20260306,saved,2770.0
20260309,saved,2771.0
20260310,saved,2771.0
20260311,saved,2771.0
20260312,saved,2771.0
20260313,saved,2771.0
20260316,saved,2770.0
20260317,saved,2769.0
20260318,saved,2768.0
20260319,saved,2768.0
20260320,saved,2769.0
20260323,saved,2769.0
20260324,saved,2769.0
20260325,saved,2770.0
20260326,saved,2771.0
20260327,saved,2772.0
20260330,saved,2771.0
20260331,saved,2772.0
20260401,saved,2773.0
20260402,saved,2775.0
20260403,saved,2774.0
20260406,saved,2773.0
20260407,saved,2773.0
20260408,saved,2773.0
20260409,saved,2773.0
20260410,saved,2773.0
20260413,saved,2773.0
20260414,saved,2773.0
20260415,saved,2771.0
20260416,saved,2770.0
20260417,saved,2770.0
20260420,saved,2770.0
20260421,saved,2769.0
20260422,saved,2769.0
20260423,saved,2770.0
20260424,saved,2770.0
20260427,saved,2770.0
20260428,saved,2770.0
20260429,saved,2771.0
20260430,saved,2772.0
20260504,saved,2771.0
20260506,saved,2771.0
20260507,saved,2770.0
20260508,saved,2768.0
20260511,saved,2769.0
20260512,saved,2769.0
20260513,saved,2769.0
20260514,saved,2770.0
20260515,saved,2770.0
20260518,saved,2770.0
20260519,saved,2769.0
20260520,saved,2770.0
20260521,saved,2770.0
20260522,saved,2770.0
20260526,saved,2770.0
20260527,saved,2770.0
20260528,saved,2770.0
20260529,saved,2770.0
20260601,saved,2770.0
20260602,saved,2770.0
20260604,saved,2770.0
20260605,saved,2770.0
20260608,saved,2771.0
20260609,saved,2770.0
20260610,saved,2769.0
20260611,saved,2769.0
20260612,saved,2768.0
20260615,saved,2768.0
20260616,saved,2768.0
20260617,saved,2768.0
20260618,saved,2767.0
20260619,saved,2768.0
20260622,saved,2768.0
20260623,saved,2768.0
20260624,saved,2768.0
20260625,saved,2768.0
20260626,saved,2768.0
20260629,saved,2769.0
20260630,saved,2769.0
20260701,saved,2766.0
20260702,saved,2766.0
20260703,saved,2766.0
20260706,saved,2767.0
20260707,saved,2766.0
20260708,saved,2765.0
20260709,saved,2765.0
20260710,saved,2765.0
20260713,saved,2766.0
20260714,saved,2766.0
20260715,saved,2765.0
20260716,saved,2765.0
20260720,saved,2764.0
20260721,saved,2764.0
20260722,saved,2764.0
20260723,saved,2764.0
20260724,saved,2764.0
20260727,saved,2765.0
20260728,saved,2764.0
20260729,saved,2764.0
20260730,saved,2764.0
20260731,saved,2763.0
20260803,saved,2763.0
20260804,saved,2763.0
20260805,saved,2763.0
20260806,saved,2763.0
20260807,saved,2763.0
20260810,saved,2762.0
20260811,saved,2761.0
20260812,saved,2762.0
20260813,saved,2763.0
20260814,saved,2763.0
20260818,saved,2763.0
20260819,saved,2763.0
20260820,saved,2763.0
20260821,saved,2764.0
20260824,saved,2765.0
20260825,saved,2767.0
20260826,saved,2767.0
20260827,saved,2767.0
20260828,saved,2767.0
20260831,saved,2766.0
20260901,saved,2765.0
20260902,saved,2765.0
20260903,saved,2764.0
20260904,saved,2765.0
20260907,saved,2765.0
20260908,saved,2765.0
20260909,saved,2765.0
20260910,saved,2766.0
20260911,saved,2765.0
20260914,saved,2764.0
