signal_date,execution_date,ticker,name,market,liquidity_rank,return_1d,return_5d,momentum_20d,momentum_60d,volatility_20d,drawdown_20d,trading_value_ma20,trading_value_ratio_20d,log_market_cap,market_return_1d,market_return_5d,market_return_20d,market_volatility_20d,market_drawdown,volume_change_1d,trading_value_change_1d,market_trading_value_ratio_20d,base_rate,usdkrw,bond3y,usdkrw_return_1d,usdkrw_return_5d,usdkrw_return_20d,bond3y_change_1d,bond3y_change_5d,bond3y_change_20d,base_rate_change,rate_spread_3y,next_signal_date,next_execution_date,execution_open,next_execution_open,target_return,missing_reason
2018-09-28,2018-10-01,035420,NAVER,KOSPI,23,0.0042,-0.012438178282856871,-0.05308007975860618,-0.04696793131267407,0.1420823530655075,-0.05175673979878104,48255915593.35,1.4447810302786546,30.792321985985065,-0.0070447040443135,0.0138934209285968,0.0146291552678747,0.1065465660042154,-0.0697815211027728,-0.0381293446145329,-0.0481772509059421,1.1766080153466074,1.5,1109.3,2.005,-0.002876404494382,-0.0123753561253562,-0.0006306306306306,-0.0009999999999998,0.0249999999999999,0.0399999999999998,0.0,0.5049999999999999,2018-10-05,2018-10-08,0.7929232912893505,,,missing_exit_open
2018-10-05,2018-10-08,035420,NAVER,KOSPI,24,0.0129,-0.01273688777951143,-0.06653793320232149,-0.060573644300278784,0.18724986178056865,-0.06774985838641889,53193393151.35,1.1310578144322248,30.77542017518246,-0.0033053461022001,-0.0406561800944501,-0.0221710712036654,0.1235432603131877,-0.1012693597317577,-0.0244018218563868,-0.1057813094906549,1.0334254306542738,1.5,1130.4,2.084,0.000442517036906,0.0160898876404496,0.0181032153472036,0.0180000000000002,0.0780000000000002,0.1620000000000001,0.0,0.5840000000000001,2018-10-12,2018-10-15,,0.7635716236971296,,missing_entry_open
2018-11-09,2018-11-12,207940,삼성바이오로직스,KOSPI,7,-0.0429,-0.08346503643330971,-0.22429331224092008,-0.1998958829142795,0.5615876828946191,-0.212713908405752,107676950262.5,1.0211134716571904,30.823500397340354,-0.0036718538888271,-0.0055923531511523,-0.0330443367992349,0.2124053093585411,-0.1660013837883868,-0.1851527892454872,-0.1164900426756396,0.9220571046378286,1.5,1128.3,1.96,0.0098451624451803,0.0059736091298145,-0.0027399681810147,-0.006,-0.022,-0.0899999999999998,0.0,0.4599999999999999,2018-11-16,2018-11-19,0.7750495524407044,,,missing_exit_open
2019-01-04,2019-01-07,000030,우리은행,KOSPI,46,-0.016,-0.04654113367461432,-0.028545711073685753,-0.08887071627462262,0.18830968670056017,-0.06674395452400572,24792000578.35,1.6518047694691318,29.97382642240896,0.0087083586728833,-0.0133918244605267,-0.0575613374685323,0.1462451348223674,-0.2054992282718611,-0.0691830143005686,0.0244879880986184,1.039935845035788,1.75,1124.5,1.797,-0.0028376341225503,-0.0007997156566554,0.0173708495431104,0.0009999999999998,-0.01,-0.1169999999999999,0.0,0.0469999999999999,2019-01-11,2019-01-14,0.9227504128958308,,,missing_exit_open
2020-04-29,2020-05-04,215600,신라젠,KOSDAQ,29,-0.0195,0.003931620315331452,-0.0491254824756191,-0.0769457494441318,0.48338658442286225,-0.07705007903691763,71808912500.0,0.3183417176802392,27.52829687225008,0.0061771808668389,0.0231436006134864,0.0900545284300586,0.3043132098124701,-0.2100164990153812,-0.0145731476769233,0.0215579177965008,0.8050696206616064,0.75,1218.2,1.006,-0.0057133529219719,-0.0113617919168965,0.0006571381632987,-0.0269999999999999,-0.04,-0.064,0.0,0.256,2020-05-08,2020-05-11,0.11700558968123184,,,missing_exit_open
2020-12-11,2020-12-14,003090,대웅,KOSPI,18,0.163,0.6262051447048693,1.2800615002775606,0.4931338245396968,1.2567684322562334,0.0,161348338820.0,6.908389238785471,28.690144620955692,0.0077138767656856,0.0133013236439138,0.1231138366589084,0.192242998178913,0.0,-0.1032891706654277,-0.1365921217524964,1.127221832694534,0.5,1090.3,0.98,0.0023903649903465,0.0075778578689584,-0.0226783793474363,0.007,0.014,0.015,0.0,0.48,2020-12-18,2020-12-21,2.9304230952627064,,,missing_exit_open
2020-12-18,2020-12-21,003090,대웅,KOSPI,10,0.1142,0.35666126693942335,1.9002873040142996,1.2234205397074591,1.5753692956523595,0.0,250177951422.5,2.336772438082338,28.995314023875494,-0.0009893499388931,-0.0007392876061634,0.0954340959127022,0.1849828358192741,-0.0023711555896507,0.2519293828864299,0.1206166685385512,1.042236631879072,0.5,1099.7,0.963,0.0058538370072258,0.0086214803265156,-0.0131023961231265,-0.036,-0.017,0.0,0.0,0.4629999999999999,2020-12-24,2020-12-28,,2.5636049081199896,,missing_entry_open
2021-04-02,2021-04-05,035720,카카오,KOSPI,10,0.004,0.012028906235573622,0.06362707738314333,0.2747903388676747,0.31916160433894686,0.0,238343132977.9,0.628746677647706,31.425658317813188,0.0094873475809622,0.0256186193226624,0.0279629154917542,0.1403669923209884,-0.0361245480675821,-0.0338803662168394,0.0080349417884197,0.9711530794042856,0.5,1127.5,1.151,-0.0038872691933917,-0.0015939077304524,0.0012432288429091,0.0130000000000001,0.034,0.0849999999999999,0.0,0.651,2021-04-09,2021-04-12,3.505270896815047,,,missing_exit_open
2021-04-09,2021-04-12,035720,카카오,KOSPI,7,0.0182,0.11376644182966511,0.15992899028387253,0.21957136628576923,0.3357763071168849,0.0,268675289577.9,1.6312440630046334,31.53358186382396,-0.0051245000645078,0.0015481806280002,0.0198810733028609,0.1047912985953684,-0.0346322947650953,-0.2772486753207696,-0.1895006714014648,0.998240404877956,0.5,1121.2,1.168,0.0035803795202291,-0.0055875831485586,-0.0111130710883753,0.016,0.0169999999999999,-0.0550000000000001,0.0,0.6679999999999999,2021-04-16,2021-04-19,,4.166496288997396,,missing_entry_open
2021-06-25,2021-06-28,042670,두산인프라코어,KOSPI,15,0.019299999999999998,0.02594374585125858,0.2780840437513752,0.3965499137387529,0.8268770989948289,-0.07585769500322481,169162137320.0,1.2898741370667377,28.92969883719692,0.0038824377675479,0.0113838401284174,0.0354262118603962,0.0815892951815628,-0.0029995292892267,0.2637298825058611,-0.1017613147686882,1.2079306418134657,0.5,1127.7,1.441,-0.0063441712926249,-0.0040625275986928,0.0109367996414164,0.0570000000000001,0.1280000000000001,0.2790000000000001,0.0,0.941,2021-07-02,2021-07-05,1.4860016153410236,,,missing_exit_open
2021-10-22,2021-10-25,017670,SK텔레콤,KOSPI,24,0.047,0.04004472183858132,0.0366635662275443,0.007671237547321574,0.31281421642885726,-0.04580806064585263,116988731860.25,1.6612181268205832,30.74377011453127,0.0005117650330976,0.0010407680534296,-0.0431243615934627,0.1733378754384517,-0.0993299882823063,-0.2811397883879446,-0.1895866621686618,0.7277222622142367,0.75,1177.1,1.889,-8.49473326538508e-05,-0.0044824086603519,0.001787234042553,0.0529999999999999,0.094,0.3540000000000001,0.0,1.139,2021-10-29,2021-11-01,1.204970037624541,,,missing_exit_open
2023-02-17,2023-02-20,009830,한화솔루션,KOSPI,25,0.0088,-0.006416430662489869,-0.003197224257744602,-0.1119719948481025,0.24174968785698364,-0.038707896665958974,63889851795.0,1.2797916265693852,29.803461419541144,-0.0109388686317248,-0.0068725710779301,0.0348031798128767,0.1967809006411975,-0.2705885887690413,-0.1337504692252377,-0.1537386944134287,1.0521026742350768,3.5,1299.5,3.639,0.0114414694894147,0.0271103382864368,0.0501858736059479,0.1349999999999998,0.2409999999999996,0.2489999999999996,0.0,0.1389999999999998,2023-02-24,2023-02-27,1.3296384369505077,,,missing_exit_open
2023-02-24,2023-02-27,009830,한화솔루션,KOSPI,22,0.0109,-0.09373885465215215,-0.10434633742734001,-0.2029604183149486,0.3664941060774038,-0.12881831741865035,79666076780.0,1.3439991214288085,29.70509646974186,-0.0081984125892403,-0.0100232044047177,-0.0245153085384167,0.1962296869978499,-0.2778996284389428,-0.1406613589561377,-0.1277713117489968,0.815631094265169,3.5,1304.8,3.555,0.0059363194819213,0.0040784917275875,0.0596930073905628,-0.044,-0.0839999999999996,0.2510000000000003,0.0,0.0550000000000001,2023-03-03,2023-03-06,,,,missing_both_open
2023-12-08,2023-12-11,091990,셀트리온헬스케어,KOSDAQ,38,0.0572,0.025025787364087337,0.058991112814074764,0.11996526916133887,0.3907218740256347,-0.032548566865287065,34955850630.0,1.6480329519018775,30.128674768340645,0.0132293742916325,0.0052669673900398,0.0417634964538531,0.1347633181904493,-0.2210587987861672,-0.0854555484668595,0.0113905408729333,0.9642827584223448,3.5,1306.8,3.461,-0.013959103599185,0.0007658140603461,-0.0075941676792223,-0.0500000000000002,-0.1260000000000003,-0.4010000000000002,0.0,-0.0390000000000001,2023-12-15,2023-12-18,0.6850741329914594,,,missing_exit_open
2023-12-15,2023-12-18,091990,셀트리온헬스케어,KOSDAQ,22,-0.055999999999999994,0.027009109419418253,0.024487177893817824,0.17140784166276735,0.49313748835497323,-0.05600000000000005,68608312085.0,3.356105387270438,30.15537862478807,0.0068871134314552,0.0216324982481854,0.0397058534893914,0.1206617103281349,-0.2042083546154693,-0.1702113416603345,-0.1509397886348404,1.4882959814997758,3.5,1296.5,3.281,0.0008491585610621,-0.0078818487909396,-0.0003084277893439,0.0230000000000001,-0.1799999999999997,-0.3999999999999999,0.0,-0.2189999999999998,2023-12-22,2023-12-26,,,,missing_both_open
2024-04-05,2024-04-08,086520,에코프로,KOSDAQ,15,-0.0248,-0.13106617991316116,-0.06918070417620203,-0.13232066706131418,0.4575479074140218,-0.18389683481414898,186533399400.0,1.068308295677798,30.315134940754945,-0.0114506006402239,-0.0123628026937956,0.0269432707378558,0.1818305469895739,-0.1371070316177427,-0.0372476907938258,-0.1581987031104352,0.9113334458964216,3.5,1352.8,3.329,0.004231311706629,0.0041567695961994,0.0250037884527958,-0.0089999999999998,0.0070000000000001,0.0580000000000002,0.0,-0.1709999999999998,2024-04-12,2024-04-15,20.634354684513248,,,missing_exit_open
2024-08-23,2024-08-26,012450,한화에어로스페이스,KOSPI,6,-0.009000000000000001,-0.09669002173243701,-0.06134488697049856,0.2638510348119192,0.7014244638028053,-0.1457194438078201,216651490925.0,0.43882517537306903,30.266397751521197,-0.0024397396047152,-0.0041043356070142,-0.0083081174680356,0.4245853141729853,-0.1482438482107982,-0.051084854215606,0.0066260738119452,0.8038159402876014,3.5,1338.8,2.92,0.0030718513523637,-0.0138479670005892,-0.0336364948751264,0.0129999999999999,-0.008,-0.104,0.0,-0.5800000000000001,2024-08-30,2024-09-02,8.429247832466592,,,missing_exit_open
2025-03-14,2025-03-17,001570,금양,KOSPI,35,-0.08199999999999999,0.028320297972101782,-0.22360146548121906,-0.3649325308622873,1.704315005631604,-0.43801383514676717,92574783061.0,0.5260680104203955,27.47912723693617,-0.0002409149696953,0.0063433312061262,-0.0035826893549262,0.1837459578196339,-0.210337609790784,-0.2544218766870755,-0.2534971161636417,0.7947784674779584,2.75,1453.8,2.596,0.0,0.0048382637544925,0.0043523316062175,0.0260000000000002,0.0310000000000001,-0.0349999999999997,0.0,-0.1539999999999999,2025-03-21,2025-03-24,4.6467709859381525,,,missing_exit_open
2025-03-21,2025-03-24,001570,금양,KOSPI,31,-0.0462,-0.2629054782346739,-0.40646434093154127,-0.6147727921059348,1.7458820896160505,-0.5857630765787766,94913825588.25,0.43985406721577014,27.174170983541565,0.0027638391568447,0.0353405963448196,-0.0002877891668809,0.1846575495871351,-0.1824304700097146,0.117792228136603,0.1371515403814349,1.235999967942394,2.75,1462.7,2.597,0.0026047021728698,0.006121887467327,0.0172473746435775,-0.0009999999999998,0.0009999999999998,-0.0310000000000001,0.0,-0.153,2025-03-28,2025-03-31,,,,missing_both_open
2025-10-24,2025-10-27,207940,삼성바이오로직스,KOSPI,32,0.0138,0.0545215625032931,0.15050899891329084,0.08289318481078856,0.38710386978174305,0.0,98708777053.95,0.7265243035156237,32.05996678434628,0.0250661748663123,0.0465119211226408,0.1513131126317735,0.2415796516059226,0.0,0.2072120675865916,0.141497982702061,1.2170946829810074,2.5,1437.1,2.591,-0.0017365934981939,0.0111877286799886,0.0312141216991963,-0.0139999999999997,0.036,0.1500000000000003,0.0,0.0910000000000001,2025-10-31,2025-11-03,2.7299779179553694,,,missing_exit_open
2025-11-21,2025-11-24,010620,HD현대미포,KOSPI,49,-0.0409,-0.032670167022678887,-0.05124414694079171,0.16370769600911017,0.583443230630385,-0.09916838866387367,99814003140.0,0.3585899986377402,29.817869740655286,-0.0417877609296918,-0.0398550583011175,-0.0135538902677043,0.384125134533773,-0.0928124803793752,-0.1028088235282241,-0.053954056140082,0.7349020000412133,2.5,1475.6,2.872,0.0052455889365758,0.0127659574468084,0.0267900633219677,-0.036,-0.072,0.2809999999999997,0.0,0.3719999999999999,2025-11-28,2025-12-01,3.9576835133566015,,,missing_exit_open
2026-09-11,2026-09-14,000660,SK하이닉스,KOSPI,1,-0.022099999999999998,0.1002075337466295,0.13757452830455974,-0.2811560982137964,0.74939746660058,-0.023664640000000126,6337081921782.35,0.7414006107212457,34.81917110294009,-0.0199992542229624,0.0355157944045934,0.01390555879428,0.4634138934124887,-0.259829017035711,-0.4231672148013772,-0.4042532545853938,0.8017909343081959,3.0,1345.9,4.014,0.0050029868578256,-0.0033323459715639,-0.0517824432858954,0.084,0.1300000000000003,0.2330000000000001,0.0,1.0140000000000002,2026-09-15,,23.628572710507047,,,no_future_horizon
2026-09-11,2026-09-14,005930,삼성전자,KOSPI,2,-0.0353,0.01562455952880537,-0.03175643077665946,-0.25096622563170357,0.6688126929197198,-0.07812317287162185,5254155915724.5,0.6861571851551876,34.955583141973676,-0.0199992542229624,0.0355157944045934,0.01390555879428,0.4634138934124887,-0.259829017035711,-0.4231672148013772,-0.4042532545853938,0.8017909343081959,3.0,1345.9,4.014,0.0050029868578256,-0.0033323459715639,-0.0517824432858954,0.084,0.1300000000000003,0.2330000000000001,0.0,1.0140000000000002,2026-09-15,,5.241010490687753,,,no_future_horizon
2026-09-11,2026-09-14,009150,삼성전기,KOSPI,3,0.0,-0.0007408059647103782,-0.0684733440072135,-0.3108716203673496,0.5808892925597154,-0.10136344202895375,939641853513.5,0.9203882079179594,32.2808890502305,-0.0199992542229624,0.0355157944045934,0.01390555879428,0.4634138934124887,-0.259829017035711,-0.4231672148013772,-0.4042532545853938,0.8017909343081959,3.0,1345.9,4.014,0.0050029868578256,-0.0033323459715639,-0.0517824432858954,0.084,0.1300000000000003,0.2330000000000001,0.0,1.0140000000000002,2026-09-15,,13.424507585146145,,,no_future_horizon
2026-09-11,2026-09-14,402340,SK스퀘어,KOSPI,4,-0.0405,0.04616332241139176,-0.025140994669680894,-0.3177104256647296,0.8260061101468905,-0.056374982740955315,587591795575.4,0.7453222658957339,32.5985069439177,-0.0199992542229624,0.0355157944045934,0.01390555879428,0.4634138934124887,-0.259829017035711,-0.4231672148013772,-0.4042532545853938,0.8017909343081959,3.0,1345.9,4.014,0.0050029868578256,-0.0033323459715639,-0.0517824432858954,0.084,0.1300000000000003,0.2330000000000001,0.0,1.0140000000000002,2026-09-15,,12.581718695980731,,,no_future_horizon
2026-09-11,2026-09-14,034020,두산에너빌리티,KOSPI,5,0.01,0.14645454690864956,0.1224317905817307,-0.11990044485289297,0.7528094560763016,-0.009795999999999916,265333043947.5,0.8652736835349722,31.69426970537601,-0.0199992542229624,0.0355157944045934,0.01390555879428,0.4634138934124887,-0.259829017035711,-0.4231672148013772,-0.4042532545853938,0.8017909343081959,3.0,1345.9,4.014,0.0050029868578256,-0.0033323459715639,-0.0517824432858954,0.084,0.1300000000000003,0.2330000000000001,0.0,1.0140000000000002,2026-09-15,,7.221953149644803,,,no_future_horizon
2026-09-11,2026-09-14,006400,삼성SDI,KOSPI,6,-0.0285,-0.005415123825253665,0.11916696162902296,-0.009367450435593505,0.7017850818111135,-0.05541391591446232,252948732567.5,0.6501085292298022,31.41337073646908,-0.0199992542229624,0.0355157944045934,0.01390555879428,0.4634138934124887,-0.259829017035711,-0.4231672148013772,-0.4042532545853938,0.8017909343081959,3.0,1345.9,4.014,0.0050029868578256,-0.0033323459715639,-0.0517824432858954,0.084,0.1300000000000003,0.2330000000000001,0.0,1.0140000000000002,2026-09-15,,3.0688380198792578,,,no_future_horizon
2026-09-11,2026-09-14,036930,주성엔지니어링,KOSDAQ,7,-0.054299999999999994,0.1721629942422611,0.16555653789499192,-0.050299598909506194,0.6657545187703602,-0.054300000000000015,247230695952.5,1.5219011723054419,29.904646319064216,-0.0199992542229624,0.0355157944045934,0.01390555879428,0.4634138934124887,-0.259829017035711,-0.4231672148013772,-0.4042532545853938,0.8017909343081959,3.0,1345.9,4.014,0.0050029868578256,-0.0033323459715639,-0.0517824432858954,0.084,0.1300000000000003,0.2330000000000001,0.0,1.0140000000000002,2026-09-15,,15.546935378103049,,,no_future_horizon
2026-09-11,2026-09-14,005380,현대차,KOSPI,8,-0.0167,-0.002584790050703445,-0.08592616535875552,-0.38117351057119886,0.4782230526702608,-0.1555119783432698,242064254305.0,0.8253475294136945,31.991822141408818,-0.0199992542229624,0.0355157944045934,0.01390555879428,0.4634138934124887,-0.259829017035711,-0.4231672148013772,-0.4042532545853938,0.8017909343081959,3.0,1345.9,4.014,0.0050029868578256,-0.0033323459715639,-0.0517824432858954,0.084,0.1300000000000003,0.2330000000000001,0.0,1.0140000000000002,2026-09-15,,2.30726788336464,,,no_future_horizon
2026-09-11,2026-09-14,196170,알테오젠,KOSDAQ,9,-0.0325,-0.07110987207929687,-0.1559052278903782,-0.06592925445735931,0.6303222123393893,-0.21060775034308288,195517196050.0,0.6049963578126918,30.5578092120243,-0.0199992542229624,0.0355157944045934,0.01390555879428,0.4634138934124887,-0.259829017035711,-0.4231672148013772,-0.4042532545853938,0.8017909343081959,3.0,1345.9,4.014,0.0050029868578256,-0.0033323459715639,-0.0517824432858954,0.084,0.1300000000000003,0.2330000000000001,0.0,1.0140000000000002,2026-09-15,,55.180662148216705,,,no_future_horizon
2026-09-11,2026-09-14,105560,KB금융,KOSPI,10,0.026000000000000002,0.034330325078875124,0.058131553030519756,0.0848903975098152,0.342980837273516,-9.441713743729707e-06,193592584724.5,0.9419906133776684,31.775725211463488,-0.0199992542229624,0.0355157944045934,0.01390555879428,0.4634138934124887,-0.259829017035711,-0.4231672148013772,-0.4042532545853938,0.8017909343081959,3.0,1345.9,4.014,0.0050029868578256,-0.0033323459715639,-0.0517824432858954,0.084,0.1300000000000003,0.2330000000000001,0.0,1.0140000000000002,2026-09-15,,2.6475240906817987,,,no_future_horizon
2026-09-11,2026-09-14,096770,SK이노베이션,KOSPI,11,-0.0542,0.04696756344975084,0.18990096388763078,0.32838670004507664,0.8262259008668011,-0.056659080000000084,169159859142.5,0.9739164715857141,30.82883033807801,-0.0199992542229624,0.0355157944045934,0.01390555879428,0.4634138934124887,-0.259829017035711,-0.4231672148013772,-0.4042532545853938,0.8017909343081959,3.0,1345.9,4.014,0.0050029868578256,-0.0033323459715639,-0.0517824432858954,0.084,0.1300000000000003,0.2330000000000001,0.0,1.0140000000000002,2026-09-15,,0.7221529271835626,,,no_future_horizon
2026-09-11,2026-09-14,035420,NAVER,KOSPI,12,-0.0072,-0.03279579289950163,-0.08826742460447101,-0.15196989583224385,0.382271054702233,-0.09424540493192068,166306856725.0,0.8181782214487946,31.078067426231172,-0.0199992542229624,0.0355157944045934,0.01390555879428,0.4634138934124887,-0.259829017035711,-0.4231672148013772,-0.4042532545853938,0.8017909343081959,3.0,1345.9,4.014,0.0050029868578256,-0.0033323459715639,-0.0517824432858954,0.084,0.1300000000000003,0.2330000000000001,0.0,1.0140000000000002,2026-09-15,,1.117501177715319,,,no_future_horizon
2026-09-11,2026-09-14,066570,LG전자,KOSPI,13,-0.0339,-0.009946692561682347,-0.03416040360537398,-0.14964919279416322,0.5390682602026323,-0.07861549844019344,164002124302.5,0.8719172489878547,31.112122281183968,-0.0199992542229624,0.0355157944045934,0.01390555879428,0.4634138934124887,-0.259829017035711,-0.4231672148013772,-0.4042532545853938,0.8017909343081959,3.0,1345.9,4.014,0.0050029868578256,-0.0033323459715639,-0.0517824432858954,0.084,0.1300000000000003,0.2330000000000001,0.0,1.0140000000000002,2026-09-15,,1.9429559617848722,,,no_future_horizon
2026-09-11,2026-09-14,012450,한화에어로스페이스,KOSPI,14,0.0131,0.024663014792657645,-0.08768071086771645,-0.11667333099820365,0.46848484197238943,-0.08149227323426966,162931185636.0,0.6455496569881967,31.651719792467247,-0.0199992542229624,0.0355157944045934,0.01390555879428,0.4634138934124887,-0.259829017035711,-0.4231672148013772,-0.4042532545853938,0.8017909343081959,3.0,1345.9,4.014,0.0050029868578256,-0.0033323459715639,-0.0517824432858954,0.084,0.1300000000000003,0.2330000000000001,0.0,1.0140000000000002,2026-09-15,,32.39274133317654,,,no_future_horizon
2026-09-11,2026-09-14,047040,대우건설,KOSPI,15,0.0070999999999999995,0.18042812433342337,0.0809414146142593,-0.19782948415562307,0.8822894675367687,-0.005429159681547113,162015626542.25,0.947366767180163,29.73185139399324,-0.0199992542229624,0.0355157944045934,0.01390555879428,0.4634138934124887,-0.259829017035711,-0.4231672148013772,-0.4042532545853938,0.8017909343081959,3.0,1345.9,4.014,0.0050029868578256,-0.0033323459715639,-0.0517824432858954,0.084,0.1300000000000003,0.2330000000000001,0.0,1.0140000000000002,2026-09-15,,3.1705492489530247,,,no_future_horizon
2026-09-11,2026-09-14,011070,LG이노텍,KOSPI,16,-0.025099999999999997,-0.03382505754607734,-0.1170851436479805,-0.5649647856304247,0.6984034508867514,-0.1697246037690241,159584366300.0,0.5367546708113851,30.184461350714272,-0.0199992542229624,0.0355157944045934,0.01390555879428,0.4634138934124887,-0.259829017035711,-0.4231672148013772,-0.4042532545853938,0.8017909343081959,3.0,1345.9,4.014,0.0050029868578256,-0.0033323459715639,-0.0517824432858954,0.084,0.1300000000000003,0.2330000000000001,0.0,1.0140000000000002,2026-09-15,,4.143761963358362,,,no_future_horizon
2026-09-11,2026-09-14,042700,한미반도체,KOSPI,17,-0.087,0.0042950622694848395,0.022150004358254316,-0.27699079421056283,0.5997397685663326,-0.08699999999999997,154765870532.5,1.6700865789122556,30.722841366723998,-0.0199992542229624,0.0355157944045934,0.01390555879428,0.4634138934124887,-0.259829017035711,-0.4231672148013772,-0.4042532545853938,0.8017909343081959,3.0,1345.9,4.014,0.0050029868578256,-0.0033323459715639,-0.0517824432858954,0.084,0.1300000000000003,0.2330000000000001,0.0,1.0140000000000002,2026-09-15,,39.73648959387698,,,no_future_horizon
2026-09-11,2026-09-14,012330,현대모비스,KOSPI,18,0.0,-0.015482061483135912,-0.18681803850792145,-0.34131526292417436,0.5038082464171225,-0.2403718248556016,150764498677.4,0.625659296966441,31.250562631906348,-0.0199992542229624,0.0355157944045934,0.01390555879428,0.4634138934124887,-0.259829017035711,-0.4231672148013772,-0.4042532545853938,0.8017909343081959,3.0,1345.9,4.014,0.0050029868578256,-0.0033323459715639,-0.0517824432858954,0.084,0.1300000000000003,0.2330000000000001,0.0,1.0140000000000002,2026-09-15,,1.5847039209557567,,,no_future_horizon
2026-09-11,2026-09-14,403870,HPSP,KOSDAQ,19,-0.0414,0.04925234748169349,0.29353246936916877,-0.15145127230010713,0.6528655578536634,-0.04820606000000005,149268414598.75,0.5058452989064728,29.109573275801235,-0.0199992542229624,0.0355157944045934,0.01390555879428,0.4634138934124887,-0.259829017035711,-0.4231672148013772,-0.4042532545853938,0.8017909343081959,3.0,1345.9,4.014,0.0050029868578256,-0.0033323459715639,-0.0517824432858954,0.084,0.1300000000000003,0.2330000000000001,0.0,1.0140000000000002,2026-09-15,,4.124341935031262,,,no_future_horizon
2026-09-11,2026-09-14,047050,포스코인터내셔널,KOSPI,20,0.006999999999999999,0.054805517709910934,0.06267464113953536,-0.033548697658612125,0.4817099591422644,-0.005184700000000153,146875782141.25,0.21680512393374884,29.94856820469417,-0.0199992542229624,0.0355157944045934,0.01390555879428,0.4634138934124887,-0.259829017035711,-0.4231672148013772,-0.4042532545853938,0.8017909343081959,3.0,1345.9,4.014,0.0050029868578256,-0.0033323459715639,-0.0517824432858954,0.084,0.1300000000000003,0.2330000000000001,0.0,1.0140000000000002,2026-09-15,,2.375466730051311,,,no_future_horizon
2026-09-11,2026-09-14,028260,삼성물산,KOSPI,21,-0.0329,2.5659337658190395e-05,0.0056835895979536755,-0.2508475771834229,0.6357310849060241,-0.07193363731189273,143115067015.0,1.3320735001998,31.717257936175308,-0.0199992542229624,0.0355157944045934,0.01390555879428,0.4634138934124887,-0.259829017035711,-0.4231672148013772,-0.4042532545853938,0.8017909343081959,3.0,1345.9,4.014,0.0050029868578256,-0.0033323459715639,-0.0517824432858954,0.084,0.1300000000000003,0.2330000000000001,0.0,1.0140000000000002,2026-09-15,,2.527722784913213,,,no_future_horizon
2026-09-11,2026-09-14,032830,삼성생명,KOSPI,22,-0.006500000000000001,0.033598455551988815,0.05485019598615293,-0.31197163601289857,0.9143785104188475,-0.06406130307182833,135314737870.95,0.6670842808939794,31.75005829074102,-0.0199992542229624,0.0355157944045934,0.01390555879428,0.4634138934124887,-0.259829017035711,-0.4231672148013772,-0.4042532545853938,0.8017909343081959,3.0,1345.9,4.014,0.0050029868578256,-0.0033323459715639,-0.0517824432858954,0.084,0.1300000000000003,0.2330000000000001,0.0,1.0140000000000002,2026-09-15,,2.3298007261627993,,,no_future_horizon
2026-09-11,2026-09-14,017670,SK텔레콤,KOSPI,23,0.0055000000000000005,-0.017295066121404745,-0.002077967311408968,-0.08159542027590294,0.5385509373357946,-0.1113778790863792,125550404932.5,0.35028008729755916,30.602686891498628,-0.0199992542229624,0.0355157944045934,0.01390555879428,0.4634138934124887,-0.259829017035711,-0.4231672148013772,-0.4042532545853938,0.8017909343081959,3.0,1345.9,4.014,0.0050029868578256,-0.0033323459715639,-0.0517824432858954,0.084,0.1300000000000003,0.2330000000000001,0.0,1.0140000000000002,2026-09-15,,1.961487155525384,,,no_future_horizon
2026-09-11,2026-09-14,329180,HD현대중공업,KOSPI,24,0.0562,0.09724521426009147,-0.03444155887945288,-0.3224547054109963,0.5058823467337448,-0.06092351573570609,123525528239.8,2.7688784749499145,31.548557430597803,-0.0199992542229624,0.0355157944045934,0.01390555879428,0.4634138934124887,-0.259829017035711,-0.4231672148013772,-0.4042532545853938,0.8017909343081959,3.0,1345.9,4.014,0.0050029868578256,-0.0033323459715639,-0.0517824432858954,0.084,0.1300000000000003,0.2330000000000001,0.0,1.0140000000000002,2026-09-15,,4.28905912279054,,,no_future_horizon
2026-09-11,2026-09-14,055550,신한지주,KOSPI,25,0.0236,0.023588672845259895,0.05916964617038656,0.09539984153365899,0.34670007620723853,-0.013977031448161092,120613797146.0,0.9524153642468229,31.601330613912854,-0.0199992542229624,0.0355157944045934,0.01390555879428,0.4634138934124887,-0.259829017035711,-0.4231672148013772,-0.4042532545853938,0.8017909343081959,3.0,1345.9,4.014,0.0050029868578256,-0.0033323459715639,-0.0517824432858954,0.084,0.1300000000000003,0.2330000000000001,0.0,1.0140000000000002,2026-09-15,,2.10431558520118,,,no_future_horizon
2026-09-11,2026-09-14,373220,LG에너지솔루션,KOSPI,26,-0.0137,0.004253818913282581,-0.01493275603630062,-0.13469931836339488,0.5786266139930418,-0.047564151803431765,115690260712.5,0.938095232317804,32.06469098375427,-0.0199992542229624,0.0355157944045934,0.01390555879428,0.4634138934124887,-0.259829017035711,-0.4231672148013772,-0.4042532545853938,0.8017909343081959,3.0,1345.9,4.014,0.0050029868578256,-0.0033323459715639,-0.0517824432858954,0.084,0.1300000000000003,0.2330000000000001,0.0,1.0140000000000002,2026-09-15,,0.5969838505727695,,,no_future_horizon
2026-09-11,2026-09-14,475150,SK이터닉스,KOSPI,27,0.0019,-0.001982406876938625,-0.0911677653485986,-0.009865054460369116,0.5454636231780495,-0.11287690934915162,114879973541.25,0.995806577278876,28.200913918323366,-0.0199992542229624,0.0355157944045934,0.01390555879428,0.4634138934124887,-0.259829017035711,-0.4231672148013772,-0.4042532545853938,0.8017909343081959,3.0,1345.9,4.014,0.0050029868578256,-0.0033323459715639,-0.0517824432858954,0.084,0.1300000000000003,0.2330000000000001,0.0,1.0140000000000002,2026-09-15,,6.298012578244881,,,no_future_horizon
2026-09-11,2026-09-14,108490,로보티즈,KOSDAQ,28,0.0,0.06229749348454994,0.2392705238270474,0.04862828225836702,1.0283452825829107,0.0,114811763571.25,0.9022897939871105,29.188066932197685,-0.0199992542229624,0.0355157944045934,0.01390555879428,0.4634138934124887,-0.259829017035711,-0.4231672148013772,-0.4042532545853938,0.8017909343081959,3.0,1345.9,4.014,0.0050029868578256,-0.0033323459715639,-0.0517824432858954,0.084,0.1300000000000003,0.2330000000000001,0.0,1.0140000000000002,2026-09-15,,11.575663731828731,,,no_future_horizon
2026-09-11,2026-09-14,278470,에이피알,KOSPI,29,0.0305,-0.05580222334225693,-0.06889716044137817,-0.08941746661082572,0.587901555668886,-0.1991189917018139,112242373318.05,1.3531950658207867,30.264850062768552,-0.0199992542229624,0.0355157944045934,0.01390555879428,0.4634138934124887,-0.259829017035711,-0.4231672148013772,-0.4042532545853938,0.8017909343081959,3.0,1345.9,4.014,0.0050029868578256,-0.0033323459715639,-0.0517824432858954,0.084,0.1300000000000003,0.2330000000000001,0.0,1.0140000000000002,2026-09-15,,7.6205984143773815,,,no_future_horizon
2026-09-11,2026-09-14,080220,제주반도체,KOSDAQ,30,-0.045700000000000005,0.047461794278550906,-0.1481210647647777,-0.32523138351164915,0.6612894151022837,-0.0770542413486216,111467498977.5,0.5674924819365381,28.582718003079812,-0.0199992542229624,0.0355157944045934,0.01390555879428,0.4634138934124887,-0.259829017035711,-0.4231672148013772,-0.4042532545853938,0.8017909343081959,3.0,1345.9,4.014,0.0050029868578256,-0.0033323459715639,-0.0517824432858954,0.084,0.1300000000000003,0.2330000000000001,0.0,1.0140000000000002,2026-09-15,,12.984204197127413,,,no_future_horizon
2026-09-11,2026-09-14,298040,효성중공업,KOSPI,31,-0.0128,0.04467108183743873,-0.05420869329881817,-0.2597930423415242,0.6620600135780355,-0.09490886444154578,110907450900.0,0.5183966950231295,30.912393127488407,-0.0199992542229624,0.0355157944045934,0.01390555879428,0.4634138934124887,-0.259829017035711,-0.4231672148013772,-0.4042532545853938,0.8017909343081959,3.0,1345.9,4.014,0.0050029868578256,-0.0033323459715639,-0.0517824432858954,0.084,0.1300000000000003,0.2330000000000001,0.0,1.0140000000000002,2026-09-15,,46.510227229931296,,,no_future_horizon
2026-09-11,2026-09-14,010120,LS ELECTRIC,KOSPI,32,-0.0073,0.04712282881556917,-0.04439934135265944,-0.19828743283010342,0.6198503416148136,-0.06828495371864207,108916483020.0,0.48892422086583087,31.054469106525524,-0.0199992542229624,0.0355157944045934,0.01390555879428,0.4634138934124887,-0.259829017035711,-0.4231672148013772,-0.4042532545853938,0.8017909343081959,3.0,1345.9,4.014,0.0050029868578256,-0.0033323459715639,-0.0517824432858954,0.084,0.1300000000000003,0.2330000000000001,0.0,1.0140000000000002,2026-09-15,,16.406081618165587,,,no_future_horizon
2026-09-11,2026-09-14,222800,심텍,KOSDAQ,33,-0.0202,0.11278253112628933,0.2400127259203504,0.009840054028561251,0.9338281345876065,-0.020199999999999996,105382607427.5,0.6988579197062209,29.236896432567672,-0.0199992542229624,0.0355157944045934,0.01390555879428,0.4634138934124887,-0.259829017035711,-0.4231672148013772,-0.4042532545853938,0.8017909343081959,3.0,1345.9,4.014,0.0050029868578256,-0.0033323459715639,-0.0517824432858954,0.084,0.1300000000000003,0.2330000000000001,0.0,1.0140000000000002,2026-09-15,,13.835356081429012,,,no_future_horizon
2026-09-11,2026-09-14,000720,현대건설,KOSPI,34,0.0282,0.1269893551723844,0.1865509625502626,-0.03162938303155127,0.850981212792808,0.0,104204623512.5,0.9324243917866533,30.340529766209862,-0.0199992542229624,0.0355157944045934,0.01390555879428,0.4634138934124887,-0.259829017035711,-0.4231672148013772,-0.4042532545853938,0.8017909343081959,3.0,1345.9,4.014,0.0050029868578256,-0.0033323459715639,-0.0517824432858954,0.084,0.1300000000000003,0.2330000000000001,0.0,1.0140000000000002,2026-09-15,,3.1510533597437593,,,no_future_horizon
2026-09-11,2026-09-14,000270,기아,KOSPI,35,-0.0031,0.0008424906558957002,-0.07848600366099223,-0.2388910463132058,0.37906498220864737,-0.1064539936594514,102190975100.15,0.6554668456226688,31.531503494698566,-0.0199992542229624,0.0355157944045934,0.01390555879428,0.4634138934124887,-0.259829017035711,-0.4231672148013772,-0.4042532545853938,0.8017909343081959,3.0,1345.9,4.014,0.0050029868578256,-0.0033323459715639,-0.0517824432858954,0.084,0.1300000000000003,0.2330000000000001,0.0,1.0140000000000002,2026-09-15,,3.540911370128102,,,no_future_horizon
2026-09-11,2026-09-14,086790,하나금융지주,KOSPI,36,0.018500000000000003,0.026116076880596584,0.051902227833994896,0.08670442150170032,0.36572862717709337,-0.012158052787049622,100322610292.45,0.9370313514168459,31.263538548026602,-0.0199992542229624,0.0355157944045934,0.01390555879428,0.4634138934124887,-0.259829017035711,-0.4231672148013772,-0.4042532545853938,0.8017909343081959,3.0,1345.9,4.014,0.0050029868578256,-0.0033323459715639,-0.0517824432858954,0.084,0.1300000000000003,0.2330000000000001,0.0,1.0140000000000002,2026-09-15,,2.624772698760705,,,no_future_horizon
2026-09-11,2026-09-14,316140,우리금융지주,KOSPI,37,0.032400000000000005,0.05716394204421671,0.05405589698378632,0.09191944272420227,0.3572986119554107,0.0,96307657017.5,1.004884926049177,30.883765207078877,-0.0199992542229624,0.0355157944045934,0.01390555879428,0.4634138934124887,-0.259829017035711,-0.4231672148013772,-0.4042532545853938,0.8017909343081959,3.0,1345.9,4.014,0.0050029868578256,-0.0033323459715639,-0.0517824432858954,0.084,0.1300000000000003,0.2330000000000001,0.0,1.0140000000000002,2026-09-15,,2.247342672715399,,,no_future_horizon
2026-09-11,2026-09-14,267260,HD현대일렉트릭,KOSPI,38,0.0013,0.04608036587630848,-0.048370426615636064,-0.332776701365054,0.6783133891460046,-0.09020043533411737,93916181912.45,0.545419516178282,30.924158409697814,-0.0199992542229624,0.0355157944045934,0.01390555879428,0.4634138934124887,-0.259829017035711,-0.4231672148013772,-0.4042532545853938,0.8017909343081959,3.0,1345.9,4.014,0.0050029868578256,-0.0033323459715639,-0.0517824432858954,0.084,0.1300000000000003,0.2330000000000001,0.0,1.0140000000000002,2026-09-15,,13.509080013222944,,,no_future_horizon
2026-09-11,2026-09-14,128940,한미약품,KOSPI,39,-0.0363,-0.020082166116566547,0.16430866087805285,0.03892021232005893,1.2090056105394182,-0.14080792824224353,92980045787.5,0.3216095937223137,29.413453863525447,-0.0199992542229624,0.0355157944045934,0.01390555879428,0.4634138934124887,-0.259829017035711,-0.4231672148013772,-0.4042532545853938,0.8017909343081959,3.0,1345.9,4.014,0.0050029868578256,-0.0033323459715639,-0.0517824432858954,0.084,0.1300000000000003,0.2330000000000001,0.0,1.0140000000000002,2026-09-15,,0.9001106807327165,,,no_future_horizon
2026-09-11,2026-09-14,240810,원익IPS,KOSDAQ,40,-0.07150000000000001,-0.03913990400020928,-0.0807102928351856,-0.3179532779409353,0.6360256000309532,-0.08152780000000004,87255985190.0,1.2524635749860817,29.3200008623676,-0.0199992542229624,0.0355157944045934,0.01390555879428,0.4634138934124887,-0.259829017035711,-0.4231672148013772,-0.4042532545853938,0.8017909343081959,3.0,1345.9,4.014,0.0050029868578256,-0.0033323459715639,-0.0517824432858954,0.084,0.1300000000000003,0.2330000000000001,0.0,1.0140000000000002,2026-09-15,,3.3084764313620227,,,no_future_horizon
2026-09-11,2026-09-14,353200,대덕전자,KOSPI,41,-0.024399999999999998,0.0050915198766419145,-0.11475937088950872,-0.4257918789951296,0.6681103102269715,-0.16011325511338637,86042173742.5,0.7720433778068087,29.22872899978655,-0.0199992542229624,0.0355157944045934,0.01390555879428,0.4634138934124887,-0.259829017035711,-0.4231672148013772,-0.4042532545853938,0.8017909343081959,3.0,1345.9,4.014,0.0050029868578256,-0.0033323459715639,-0.0517824432858954,0.084,0.1300000000000003,0.2330000000000001,0.0,1.0140000000000002,2026-09-15,,9.558966998891512,,,no_future_horizon
2026-09-11,2026-09-14,257720,실리콘투,KOSDAQ,42,-0.0011,-0.09369305895434532,0.06606825029283026,0.24067600490162588,0.5931331729401933,-0.1973967065095904,85419656567.5,0.39860227836545264,28.67924039325374,-0.0199992542229624,0.0355157944045934,0.01390555879428,0.4634138934124887,-0.259829017035711,-0.4231672148013772,-0.4042532545853938,0.8017909343081959,3.0,1345.9,4.014,0.0050029868578256,-0.0033323459715639,-0.0517824432858954,0.084,0.1300000000000003,0.2330000000000001,0.0,1.0140000000000002,2026-09-15,,6.900232033533099,,,no_future_horizon
2026-09-11,2026-09-14,003490,대한항공,KOSPI,43,-0.0203,-0.04136123579576678,0.10922380735510595,0.00547232645712481,0.37332778274382594,-0.04613058288135974,84539462358.75,0.7355265368394449,29.997518421715345,-0.0199992542229624,0.0355157944045934,0.01390555879428,0.4634138934124887,-0.259829017035711,-0.4231672148013772,-0.4042532545853938,0.8017909343081959,3.0,1345.9,4.014,0.0050029868578256,-0.0033323459715639,-0.0517824432858954,0.084,0.1300000000000003,0.2330000000000001,0.0,1.0140000000000002,2026-09-15,,1.169145359791647,,,no_future_horizon
2026-09-11,2026-09-14,003230,삼양식품,KOSPI,44,0.0111,-0.09802630316516625,0.048371934041506526,0.11600899564072842,0.5623269359030428,-0.1738214533282646,83809782325.0,0.9269290212298615,29.895612831964016,-0.0199992542229624,0.0355157944045934,0.01390555879428,0.4634138934124887,-0.259829017035711,-0.4231672148013772,-0.4042532545853938,0.8017909343081959,3.0,1345.9,4.014,0.0050029868578256,-0.0033323459715639,-0.0517824432858954,0.084,0.1300000000000003,0.2330000000000001,0.0,1.0140000000000002,2026-09-15,,13.265269769010672,,,no_future_horizon
2026-09-11,2026-09-14,005490,POSCO홀딩스,KOSPI,45,-0.0147,-0.008947558689899937,0.026195664099467386,-0.13118754662032772,0.39475440106209786,-0.023416924333027223,83578390825.0,0.6596148981311761,30.906907322138206,-0.0199992542229624,0.0355157944045934,0.01390555879428,0.4634138934124887,-0.259829017035711,-0.4231672148013772,-0.4042532545853938,0.8017909343081959,3.0,1345.9,4.014,0.0050029868578256,-0.0033323459715639,-0.0517824432858954,0.084,0.1300000000000003,0.2330000000000001,0.0,1.0140000000000002,2026-09-15,,0.8438511707391282,,,no_future_horizon
2026-09-11,2026-09-14,066970,엘앤에프,KOSPI,46,-0.0252,-0.010758924477824006,0.16951884066020217,-0.1468164500466025,1.0272057536422725,-0.18207003569137692,83344616292.5,0.9863972684387772,29.216608746112446,-0.0199992542229624,0.0355157944045934,0.01390555879428,0.4634138934124887,-0.259829017035711,-0.4231672148013772,-0.4042532545853938,0.8017909343081959,3.0,1345.9,4.014,0.0050029868578256,-0.0033323459715639,-0.0517824432858954,0.084,0.1300000000000003,0.2330000000000001,0.0,1.0140000000000002,2026-09-15,,3.18526593841457,,,no_future_horizon
2026-09-11,2026-09-14,034730,SK,KOSPI,47,-0.0441,0.020883527424913284,0.05788676960801098,-0.173545515634711,0.6735341451900134,-0.04410000000000003,82545509925.0,0.7263903700453154,31.378501528102532,-0.0199992542229624,0.0355157944045934,0.01390555879428,0.4634138934124887,-0.259829017035711,-0.4231672148013772,-0.4042532545853938,0.8017909343081959,3.0,1345.9,4.014,0.0050029868578256,-0.0033323459715639,-0.0517824432858954,0.084,0.1300000000000003,0.2330000000000001,0.0,1.0140000000000002,2026-09-15,,1.8125915837559416,,,no_future_horizon
2026-09-11,2026-09-14,000150,두산,KOSPI,48,0.025699999999999997,0.18738411409708688,0.074482811713114,-0.1648940788234785,0.7255651483680261,0.0,80710231506.65,1.6157551969015878,30.720190919699892,-0.0199992542229624,0.0355157944045934,0.01390555879428,0.4634138934124887,-0.259829017035711,-0.4231672148013772,-0.4042532545853938,0.8017909343081959,3.0,1345.9,4.014,0.0050029868578256,-0.0033323459715639,-0.0517824432858954,0.084,0.1300000000000003,0.2330000000000001,0.0,1.0140000000000002,2026-09-15,,14.546743210591957,,,no_future_horizon
2026-09-11,2026-09-14,035720,카카오,KOSPI,49,-0.0115,-0.0470365969676958,-0.1397600528134606,-0.14941236733279084,0.40681686970144754,-0.137604062970888,80511378843.0,0.5079915098678743,30.35779471206721,-0.0199992542229624,0.0355157944045934,0.01390555879428,0.4634138934124887,-0.259829017035711,-0.4231672148013772,-0.4042532545853938,0.8017909343081959,3.0,1345.9,4.014,0.0050029868578256,-0.0033323459715639,-0.0517824432858954,0.084,0.1300000000000003,0.2330000000000001,0.0,1.0140000000000002,2026-09-15,,1.1808566244294536,,,no_future_horizon
2026-09-11,2026-09-14,032820,우리기술,KOSDAQ,50,-0.0377,0.3217395083168473,0.19486734243282644,-0.09622018775862928,0.9696987050788408,-0.037699999999999956,79943412502.75,1.6570776617828646,28.517934034204927,-0.0199992542229624,0.0355157944045934,0.01390555879428,0.4634138934124887,-0.259829017035711,-0.4231672148013772,-0.4042532545853938,0.8017909343081959,3.0,1345.9,4.014,0.0050029868578256,-0.0033323459715639,-0.0517824432858954,0.084,0.1300000000000003,0.2330000000000001,0.0,1.0140000000000002,2026-09-15,,20.678613949175354,,,no_future_horizon
2026-09-15,,000660,SK하이닉스,KOSPI,1,-0.0040999999999999995,-0.057449037747042575,0.01699987486972132,-0.3885181676591176,0.7833983118775728,-0.08941072142502404,6096884069398.9,0.7622510429262909,34.74946842425428,-0.0072273627031257,-0.0504857788605477,-0.0371748318352284,0.4701418309855046,-0.2914001577148866,0.0733760660858466,-0.1794099401926051,0.740889329870049,3.0,1359.4,4.091,0.0089809248125882,0.01025564803805,-0.0371157387731972,0.0659999999999998,0.1900000000000004,0.2440000000000002,0.0,1.0910000000000002,,,,,,no_future_horizon
2026-09-15,,005930,삼성전자,KOSPI,2,-0.002,-0.07797678824233001,-0.07455692507817524,-0.2979864651098292,0.6728130410526593,-0.11722826600158065,4988333113089.8,0.5711771082455191,34.91226928490442,-0.0072273627031257,-0.0504857788605477,-0.0371748318352284,0.4701418309855046,-0.2914001577148866,0.0733760660858466,-0.1794099401926051,0.740889329870049,3.0,1359.4,4.091,0.0089809248125882,0.01025564803805,-0.0371157387731972,0.0659999999999998,0.1900000000000004,0.2440000000000002,0.0,1.0910000000000002,,,,,,no_future_horizon
2026-09-15,,009150,삼성전기,KOSPI,3,-0.015,-0.03869547047200006,-0.08544309837778452,-0.4197220379455763,0.5211608427347553,-0.09676029990839685,835824435088.5,0.4973912666910496,32.21977323637043,-0.0072273627031257,-0.0504857788605477,-0.0371748318352284,0.4701418309855046,-0.2914001577148866,0.0733760660858466,-0.1794099401926051,0.740889329870049,3.0,1359.4,4.091,0.0089809248125882,0.01025564803805,-0.0371157387731972,0.0659999999999998,0.1900000000000004,0.2440000000000002,0.0,1.0910000000000002,,,,,,no_future_horizon
2026-09-15,,402340,SK스퀘어,KOSPI,4,0.0,-0.11573336161466208,-0.11893151667617619,-0.43826174335612156,0.8638895543443389,-0.12118203301000008,552303606450.4,0.6674486028964677,32.513247099966875,-0.0072273627031257,-0.0504857788605477,-0.0371748318352284,0.4701418309855046,-0.2914001577148866,0.0733760660858466,-0.1794099401926051,0.740889329870049,3.0,1359.4,4.091,0.0089809248125882,0.01025564803805,-0.0371157387731972,0.0659999999999998,0.1900000000000004,0.2440000000000002,0.0,1.0910000000000002,,,,,,no_future_horizon
2026-09-15,,034020,두산에너빌리티,KOSPI,5,-0.0092,-0.03689005808790713,0.10655577698117691,-0.11926148447581386,0.7382020551383806,-0.060013720562079875,271106288065.0,0.6965571304075536,31.64228059743841,-0.0072273627031257,-0.0504857788605477,-0.0371748318352284,0.4701418309855046,-0.2914001577148866,0.0733760660858466,-0.1794099401926051,0.740889329870049,3.0,1359.4,4.091,0.0089809248125882,0.01025564803805,-0.0371157387731972,0.0659999999999998,0.1900000000000004,0.2440000000000002,0.0,1.0910000000000002,,,,,,no_future_horizon
2026-09-15,,006400,삼성SDI,KOSPI,6,0.0282,0.0320851006669729,0.12101763154606981,-0.014724770144031063,0.6517057583554743,-0.051988827881846666,249159610680.0,0.890093387908002,31.41703374422782,-0.0072273627031257,-0.0504857788605477,-0.0371748318352284,0.4701418309855046,-0.2914001577148866,0.0733760660858466,-0.1794099401926051,0.740889329870049,3.0,1359.4,4.091,0.0089809248125882,0.01025564803805,-0.0371157387731972,0.0659999999999998,0.1900000000000004,0.2440000000000002,0.0,1.0910000000000002,,,,,,no_future_horizon
2026-09-15,,036930,주성엔지니어링,KOSDAQ,7,-0.0641,-0.009291887919833708,0.07521207194077006,-0.001922950101358123,0.7157148879561617,-0.12766453107200004,239262578122.5,1.2787344379168022,29.823965449275853,-0.0072273627031257,-0.0504857788605477,-0.0371748318352284,0.4701418309855046,-0.2914001577148866,0.0733760660858466,-0.1794099401926051,0.740889329870049,3.0,1359.4,4.091,0.0089809248125882,0.01025564803805,-0.0371157387731972,0.0659999999999998,0.1900000000000004,0.2440000000000002,0.0,1.0910000000000002,,,,,,no_future_horizon
2026-09-15,,005380,현대차,KOSPI,8,-0.0121,-0.04674354976300543,-0.15626080521008368,-0.4014495340831703,0.34213359855933145,-0.1282114111385576,210749074992.5,0.5046396455300447,31.950455336196796,-0.0072273627031257,-0.0504857788605477,-0.0371748318352284,0.4701418309855046,-0.2914001577148866,0.0733760660858466,-0.1794099401926051,0.740889329870049,3.0,1359.4,4.091,0.0089809248125882,0.01025564803805,-0.0371157387731972,0.0659999999999998,0.1900000000000004,0.2440000000000002,0.0,1.0910000000000002,,,,,,no_future_horizon
2026-09-15,,105560,KB금융,KOSPI,9,-0.0319,0.012126460598295141,0.04318056798066028,0.1107125327990317,0.37116804039481405,-0.03190000000000004,198601528089.6,1.0342715744731292,31.763850602042776,-0.0072273627031257,-0.0504857788605477,-0.0371748318352284,0.4701418309855046,-0.2914001577148866,0.0733760660858466,-0.1794099401926051,0.740889329870049,3.0,1359.4,4.091,0.0089809248125882,0.01025564803805,-0.0371157387731972,0.0659999999999998,0.1900000000000004,0.2440000000000002,0.0,1.0910000000000002,,,,,,no_future_horizon
2026-09-15,,196170,알테오젠,KOSDAQ,10,0.0,-0.06140957242217515,-0.12754063036548025,-0.04385848038678031,0.6155833585008282,-0.2342105786078248,191524088012.5,0.38232140019495087,30.52750386252897,-0.0072273627031257,-0.0504857788605477,-0.0371748318352284,0.4701418309855046,-0.2914001577148866,0.0733760660858466,-0.1794099401926051,0.740889329870049,3.0,1359.4,4.091,0.0089809248125882,0.01025564803805,-0.0371157387731972,0.0659999999999998,0.1900000000000004,0.2440000000000002,0.0,1.0910000000000002,,,,,,no_future_horizon
2026-09-15,,096770,SK이노베이션,KOSPI,11,0.0366,0.026880277836611066,0.0776897296677519,0.38384307812269425,0.8434769527316518,-0.0767955786778648,172695219595.0,0.7911106122126588,30.80718900482303,-0.0072273627031257,-0.0504857788605477,-0.0371748318352284,0.4701418309855046,-0.2914001577148866,0.0733760660858466,-0.1794099401926051,0.740889329870049,3.0,1359.4,4.091,0.0089809248125882,0.01025564803805,-0.0371157387731972,0.0659999999999998,0.1900000000000004,0.2440000000000002,0.0,1.0910000000000002,,,,,,no_future_horizon
2026-09-15,,047040,대우건설,KOSPI,12,0.0197,-0.04204540859909789,0.1140617400263535,-0.09957130363835065,0.8869271549035255,-0.04344062284484429,163459421796.75,0.5526103804363022,29.69289208457952,-0.0072273627031257,-0.0504857788605477,-0.0371748318352284,0.4701418309855046,-0.2914001577148866,0.0733760660858466,-0.1794099401926051,0.740889329870049,3.0,1359.4,4.091,0.0089809248125882,0.01025564803805,-0.0371157387731972,0.0659999999999998,0.1900000000000004,0.2440000000000002,0.0,1.0910000000000002,,,,,,no_future_horizon
2026-09-15,,012450,한화에어로스페이스,KOSPI,13,-0.06509999999999999,0.035034136035870356,-0.07232923654966694,-0.052481682076009784,0.5525959343241487,-0.09680579938629852,160729581961.0,1.074162474595948,31.634928353169986,-0.0072273627031257,-0.0504857788605477,-0.0371748318352284,0.4701418309855046,-0.2914001577148866,0.0733760660858466,-0.1794099401926051,0.740889329870049,3.0,1359.4,4.091,0.0089809248125882,0.01025564803805,-0.0371157387731972,0.0659999999999998,0.1900000000000004,0.2440000000000002,0.0,1.0910000000000002,,,,,,no_future_horizon
2026-09-15,,035420,NAVER,KOSPI,14,0.0098,-0.03961074608682946,-0.05067876116879655,-0.10242533482812044,0.3484974865121166,-0.07832249966987403,156489927612.5,0.4934369446524815,31.075643182619668,-0.0072273627031257,-0.0504857788605477,-0.0371748318352284,0.4701418309855046,-0.2914001577148866,0.0733760660858466,-0.1794099401926051,0.740889329870049,3.0,1359.4,4.091,0.0089809248125882,0.01025564803805,-0.0371157387731972,0.0659999999999998,0.1900000000000004,0.2440000000000002,0.0,1.0910000000000002,,,,,,no_future_horizon
2026-09-15,,042700,한미반도체,KOSPI,15,-0.0111,-0.09005436124090904,-0.028399060803492637,-0.24576541018188292,0.607149269515893,-0.12060880819999986,153059073320.0,0.7736739869868696,30.6853507578085,-0.0072273627031257,-0.0504857788605477,-0.0371748318352284,0.4701418309855046,-0.2914001577148866,0.0733760660858466,-0.1794099401926051,0.740889329870049,3.0,1359.4,4.091,0.0089809248125882,0.01025564803805,-0.0371157387731972,0.0659999999999998,0.1900000000000004,0.2440000000000002,0.0,1.0910000000000002,,,,,,no_future_horizon
2026-09-15,,011070,LG이노텍,KOSPI,16,-0.015600000000000001,-0.07156489531554877,-0.20066324361285803,-0.5581144076208469,0.664167074494138,-0.21188445027227454,148018254225.0,0.4412609434017259,30.113888700067804,-0.0072273627031257,-0.0504857788605477,-0.0371748318352284,0.4701418309855046,-0.2914001577148866,0.0733760660858466,-0.1794099401926051,0.740889329870049,3.0,1359.4,4.091,0.0089809248125882,0.01025564803805,-0.0371157387731972,0.0659999999999998,0.1900000000000004,0.2440000000000002,0.0,1.0910000000000002,,,,,,no_future_horizon
2026-09-15,,047050,포스코인터내셔널,KOSPI,17,-0.03,0.010999264986402801,0.06808307789599533,-0.0018067193173250118,0.4765004613683081,-0.05346010206310026,145778727731.25,0.17748367647781052,29.8988243796956,-0.0072273627031257,-0.0504857788605477,-0.0371748318352284,0.4701418309855046,-0.2914001577148866,0.0733760660858466,-0.1794099401926051,0.740889329870049,3.0,1359.4,4.091,0.0089809248125882,0.01025564803805,-0.0371157387731972,0.0659999999999998,0.1900000000000004,0.2440000000000002,0.0,1.0910000000000002,,,,,,no_future_horizon
2026-09-15,,012330,현대모비스,KOSPI,18,-0.0138,-0.04947330545651207,-0.23843486124456847,-0.3551864180668961,0.38815081889714925,-0.22494897338140507,141479875498.9,0.6905457973120679,31.198699157896776,-0.0072273627031257,-0.0504857788605477,-0.0371748318352284,0.4701418309855046,-0.2914001577148866,0.0733760660858466,-0.1794099401926051,0.740889329870049,3.0,1359.4,4.091,0.0089809248125882,0.01025564803805,-0.0371157387731972,0.0659999999999998,0.1900000000000004,0.2440000000000002,0.0,1.0910000000000002,,,,,,no_future_horizon
2026-09-15,,028260,삼성물산,KOSPI,19,-0.0321,-0.09164568737910461,-0.05952696362410215,-0.2938967754356071,0.6498286099548022,-0.12256455758692397,140535866127.5,0.7012476011681668,31.6612208680676,-0.0072273627031257,-0.0504857788605477,-0.0371748318352284,0.4701418309855046,-0.2914001577148866,0.0733760660858466,-0.1794099401926051,0.740889329870049,3.0,1359.4,4.091,0.0089809248125882,0.01025564803805,-0.0371157387731972,0.0659999999999998,0.1900000000000004,0.2440000000000002,0.0,1.0910000000000002,,,,,,no_future_horizon
2026-09-15,,066570,LG전자,KOSPI,20,0.0192,-0.014535065828816807,-0.029060767013864064,-0.045304680241348594,0.5094645597921494,-0.06702890405617845,140075310717.5,0.6542502710190357,31.124575742255253,-0.0072273627031257,-0.0504857788605477,-0.0371748318352284,0.4701418309855046,-0.2914001577148866,0.0733760660858466,-0.1794099401926051,0.740889329870049,3.0,1359.4,4.091,0.0089809248125882,0.01025564803805,-0.0371157387731972,0.0659999999999998,0.1900000000000004,0.2440000000000002,0.0,1.0910000000000002,,,,,,no_future_horizon
2026-09-15,,403870,HPSP,KOSDAQ,21,-0.0038,-0.026165915155704655,0.21676925501541588,-0.08325713682629865,0.6381348271989288,-0.07315686224013007,136261308683.75,0.4607810952096609,29.082955734801278,-0.0072273627031257,-0.0504857788605477,-0.0371748318352284,0.4701418309855046,-0.2914001577148866,0.0733760660858466,-0.1794099401926051,0.740889329870049,3.0,1359.4,4.091,0.0089809248125882,0.01025564803805,-0.0371157387731972,0.0659999999999998,0.1900000000000004,0.2440000000000002,0.0,1.0910000000000002,,,,,,no_future_horizon
2026-09-15,,032830,삼성생명,KOSPI,22,-0.04190000000000001,-0.07301038083483469,-0.08055285740726137,-0.4254278654203212,0.9207727768736325,-0.13098587101789938,132841157306.15,0.7156139044386283,31.675825232590512,-0.0072273627031257,-0.0504857788605477,-0.0371748318352284,0.4701418309855046,-0.2914001577148866,0.0733760660858466,-0.1794099401926051,0.740889329870049,3.0,1359.4,4.091,0.0089809248125882,0.01025564803805,-0.0371157387731972,0.0659999999999998,0.1900000000000004,0.2440000000000002,0.0,1.0910000000000002,,,,,,no_future_horizon
2026-09-15,,329180,HD현대중공업,KOSPI,23,-0.053200000000000004,0.02018804500522875,-0.07364282631648944,-0.3200195091187955,0.508886541485685,-0.053200000000000025,126526131464.8,1.0906487213543776,31.49385210274208,-0.0072273627031257,-0.0504857788605477,-0.0371748318352284,0.4701418309855046,-0.2914001577148866,0.0733760660858466,-0.1794099401926051,0.740889329870049,3.0,1359.4,4.091,0.0089809248125882,0.01025564803805,-0.0371157387731972,0.0659999999999998,0.1900000000000004,0.2440000000000002,0.0,1.0910000000000002,,,,,,no_future_horizon
2026-09-15,,055550,신한지주,KOSPI,24,-0.0209,-0.008742381214256523,0.05370691863661059,0.11242018206481474,0.3573853895049135,-0.02089999999999992,122595420551.8,0.806825128710305,31.595111135845833,-0.0072273627031257,-0.0504857788605477,-0.0371748318352284,0.4701418309855046,-0.2914001577148866,0.0733760660858466,-0.1794099401926051,0.740889329870049,3.0,1359.4,4.091,0.0089809248125882,0.01025564803805,-0.0371157387731972,0.0659999999999998,0.1900000000000004,0.2440000000000002,0.0,1.0910000000000002,,,,,,no_future_horizon
2026-09-15,,108490,로보티즈,KOSDAQ,25,0.0,0.14251108877500007,0.16294149472301545,0.13061152656372332,1.0031885530384448,0.0,120780506046.25,1.9271239136129346,29.191153354400875,-0.0072273627031257,-0.0504857788605477,-0.0371748318352284,0.4701418309855046,-0.2914001577148866,0.0733760660858466,-0.1794099401926051,0.740889329870049,3.0,1359.4,4.091,0.0089809248125882,0.01025564803805,-0.0371157387731972,0.0659999999999998,0.1900000000000004,0.2440000000000002,0.0,1.0910000000000002,,,,,,no_future_horizon
2026-09-15,,373220,LG에너지솔루션,KOSPI,26,0.0398,0.04876913337897504,0.04149545129683596,-0.09652667647587398,0.5713904810105552,-0.03302929500614127,114822733250.0,1.0660983459910802,32.07985323149395,-0.0072273627031257,-0.0504857788605477,-0.0371748318352284,0.4701418309855046,-0.2914001577148866,0.0733760660858466,-0.1794099401926051,0.740889329870049,3.0,1359.4,4.091,0.0089809248125882,0.01025564803805,-0.0371157387731972,0.0659999999999998,0.1900000000000004,0.2440000000000002,0.0,1.0910000000000002,,,,,,no_future_horizon
2026-09-15,,278470,에이피알,KOSPI,27,-0.0203,-0.04109731001092565,-0.0883991440712607,-0.06225934692919577,0.583226702605068,-0.22173232347328786,111984986093.05,0.5586924522901102,30.236218250094225,-0.0072273627031257,-0.0504857788605477,-0.0371748318352284,0.4701418309855046,-0.2914001577148866,0.0733760660858466,-0.1794099401926051,0.740889329870049,3.0,1359.4,4.091,0.0089809248125882,0.01025564803805,-0.0371157387731972,0.0659999999999998,0.1900000000000004,0.2440000000000002,0.0,1.0910000000000002,,,,,,no_future_horizon
2026-09-15,,017670,SK텔레콤,KOSPI,28,-0.0233,-0.047676468203032285,-0.11810761865612807,-0.07251363140219758,0.3832612449684114,-0.13972044608803424,107075204210.0,0.6648852904391767,30.5702637047934,-0.0072273627031257,-0.0504857788605477,-0.0371748318352284,0.4701418309855046,-0.2914001577148866,0.0733760660858466,-0.1794099401926051,0.740889329870049,3.0,1359.4,4.091,0.0089809248125882,0.01025564803805,-0.0371157387731972,0.0659999999999998,0.1900000000000004,0.2440000000000002,0.0,1.0910000000000002,,,,,,no_future_horizon
2026-09-15,,298040,효성중공업,KOSPI,29,-0.0407,-0.05120388174254409,-0.09911146781921187,-0.3026690970821919,0.6733045429662186,-0.14728781894028287,106605117000.0,1.0792874182577934,30.85284098572049,-0.0072273627031257,-0.0504857788605477,-0.0371748318352284,0.4701418309855046,-0.2914001577148866,0.0733760660858466,-0.1794099401926051,0.740889329870049,3.0,1359.4,4.091,0.0089809248125882,0.01025564803805,-0.0371157387731972,0.0659999999999998,0.1900000000000004,0.2440000000000002,0.0,1.0910000000000002,,,,,,no_future_horizon
2026-09-15,,316140,우리금융지주,KOSPI,30,-0.013600000000000001,0.06752748634404249,0.07704332981788986,0.17086396148981775,0.39889165287937794,-0.013599999999999945,105631830710.0,0.9391372620185842,30.918758280586587,-0.0072273627031257,-0.0504857788605477,-0.0371748318352284,0.4701418309855046,-0.2914001577148866,0.0733760660858466,-0.1794099401926051,0.740889329870049,3.0,1359.4,4.091,0.0089809248125882,0.01025564803805,-0.0371157387731972,0.0659999999999998,0.1900000000000004,0.2440000000000002,0.0,1.0910000000000002,,,,,,no_future_horizon
2026-09-15,,000720,현대건설,KOSPI,31,-0.0008,-0.02524591140803989,0.16345434060514163,-0.00401283820431475,0.8516112039138408,-0.05046023999999982,105527001992.5,0.5047545750781933,30.28880721189884,-0.0072273627031257,-0.0504857788605477,-0.0371748318352284,0.4701418309855046,-0.2914001577148866,0.0733760660858466,-0.1794099401926051,0.740889329870049,3.0,1359.4,4.091,0.0089809248125882,0.01025564803805,-0.0371157387731972,0.0659999999999998,0.1900000000000004,0.2440000000000002,0.0,1.0910000000000002,,,,,,no_future_horizon
2026-09-15,,010120,LS ELECTRIC,KOSPI,32,-0.0231,-0.028898136005341413,-0.06845847541801275,-0.24843932296926652,0.6165783523010817,-0.1129264589770328,101800609997.5,0.862170221790964,31.00536104342082,-0.0072273627031257,-0.0504857788605477,-0.0371748318352284,0.4701418309855046,-0.2914001577148866,0.0733760660858466,-0.1794099401926051,0.740889329870049,3.0,1359.4,4.091,0.0089809248125882,0.01025564803805,-0.0371157387731972,0.0659999999999998,0.1900000000000004,0.2440000000000002,0.0,1.0910000000000002,,,,,,no_future_horizon
2026-09-15,,086790,하나금융지주,KOSPI,33,-0.0227,0.005892632045245483,0.05281928078948961,0.11414148140720881,0.37381628586639537,-0.022700000000000053,100360729423.25,0.7811108772375978,31.24962454395038,-0.0072273627031257,-0.0504857788605477,-0.0371748318352284,0.4701418309855046,-0.2914001577148866,0.0733760660858466,-0.1794099401926051,0.740889329870049,3.0,1359.4,4.091,0.0089809248125882,0.01025564803805,-0.0371157387731972,0.0659999999999998,0.1900000000000004,0.2440000000000002,0.0,1.0910000000000002,,,,,,no_future_horizon
2026-09-15,,000270,기아,KOSPI,34,-0.019299999999999998,-0.02862224102612121,-0.11211437965479187,-0.21383922875991945,0.34964243946306667,-0.0970515066226475,99132174117.15,0.594040773587878,31.492851340264288,-0.0072273627031257,-0.0504857788605477,-0.0371748318352284,0.4701418309855046,-0.2914001577148866,0.0733760660858466,-0.1794099401926051,0.740889329870049,3.0,1359.4,4.091,0.0089809248125882,0.01025564803805,-0.0371157387731972,0.0659999999999998,0.1900000000000004,0.2440000000000002,0.0,1.0910000000000002,,,,,,no_future_horizon
2026-09-15,,222800,심텍,KOSDAQ,35,0.0064,0.030395073785240978,0.1316809647014785,0.009543338479288455,0.9561471804784254,-0.06273978063999996,98685815277.5,0.5071290824245782,29.192479314629523,-0.0072273627031257,-0.0504857788605477,-0.0371748318352284,0.4701418309855046,-0.2914001577148866,0.0733760660858466,-0.1794099401926051,0.740889329870049,3.0,1359.4,4.091,0.0089809248125882,0.01025564803805,-0.0371157387731972,0.0659999999999998,0.1900000000000004,0.2440000000000002,0.0,1.0910000000000002,,,,,,no_future_horizon
2026-09-15,,128940,한미약품,KOSPI,36,0.0475,0.054265222765388144,0.2666025922850328,0.20779171112612294,1.2110658442702018,-0.08055622501815896,98289925000.0,0.9019888304930541,29.481152794784418,-0.0072273627031257,-0.0504857788605477,-0.0371748318352284,0.4701418309855046,-0.2914001577148866,0.0733760660858466,-0.1794099401926051,0.740889329870049,3.0,1359.4,4.091,0.0089809248125882,0.01025564803805,-0.0371157387731972,0.0659999999999998,0.1900000000000004,0.2440000000000002,0.0,1.0910000000000002,,,,,,no_future_horizon
2026-09-15,,475150,SK이터닉스,KOSPI,37,-0.006,-0.02168623473586584,-0.14712269944216427,0.15457410678998262,0.5445959437002222,-0.13676386583215017,95224480537.5,0.25137893470128503,28.161616130908996,-0.0072273627031257,-0.0504857788605477,-0.0371748318352284,0.4701418309855046,-0.2914001577148866,0.0733760660858466,-0.1794099401926051,0.740889329870049,3.0,1359.4,4.091,0.0089809248125882,0.01025564803805,-0.0371157387731972,0.0659999999999998,0.1900000000000004,0.2440000000000002,0.0,1.0910000000000002,,,,,,no_future_horizon
2026-09-15,,267260,HD현대일렉트릭,KOSPI,38,-0.0528,-0.03855225856258704,-0.10824971479806766,-0.3503715317855105,0.6924661292875834,-0.14745870732834732,93277897112.45,1.033314718531913,30.8591735596084,-0.0072273627031257,-0.0504857788605477,-0.0371748318352284,0.4701418309855046,-0.2914001577148866,0.0733760660858466,-0.1794099401926051,0.740889329870049,3.0,1359.4,4.091,0.0089809248125882,0.01025564803805,-0.0371157387731972,0.0659999999999998,0.1900000000000004,0.2440000000000002,0.0,1.0910000000000002,,,,,,no_future_horizon
2026-09-15,,052690,한전기술,KOSPI,39,0.0405,0.008422476194677175,0.4902598824737272,0.16252573918768243,1.2526952043283983,-0.05397739999999995,92322876830.0,2.1251824768337864,29.335048221045483,-0.0072273627031257,-0.0504857788605477,-0.0371748318352284,0.4701418309855046,-0.2914001577148866,0.0733760660858466,-0.1794099401926051,0.740889329870049,3.0,1359.4,4.091,0.0089809248125882,0.01025564803805,-0.0371157387731972,0.0659999999999998,0.1900000000000004,0.2440000000000002,0.0,1.0910000000000002,,,,,,no_future_horizon
2026-09-15,,080220,제주반도체,KOSDAQ,40,-0.0241,-0.05750335728045919,-0.09213112245872723,-0.39776202922957227,0.6019970740443007,-0.12690496562499998,86976266367.5,0.5371813185517285,28.493770517063314,-0.0072273627031257,-0.0504857788605477,-0.0371748318352284,0.4701418309855046,-0.2914001577148866,0.0733760660858466,-0.1794099401926051,0.740889329870049,3.0,1359.4,4.091,0.0089809248125882,0.01025564803805,-0.0371157387731972,0.0659999999999998,0.1900000000000004,0.2440000000000002,0.0,1.0910000000000002,,,,,,no_future_horizon
2026-09-15,,032820,우리기술,KOSDAQ,41,-0.0462,0.11858294091554455,0.14888390912608407,-0.08873776738054129,0.9792328651605441,-0.09519161270800003,84357231272.25,0.7961832794540056,28.456285756959407,-0.0072273627031257,-0.0504857788605477,-0.0371748318352284,0.4701418309855046,-0.2914001577148866,0.0733760660858466,-0.1794099401926051,0.740889329870049,3.0,1359.4,4.091,0.0089809248125882,0.01025564803805,-0.0371157387731972,0.0659999999999998,0.1900000000000004,0.2440000000000002,0.0,1.0910000000000002,,,,,,no_future_horizon
2026-09-15,,003490,대한항공,KOSPI,42,-0.0168,-0.024993575226476716,0.16228895492977924,0.05036677279542778,0.35479757787104205,-0.03298862790961943,83374851055.0,0.3443502631394296,30.01124062275077,-0.0072273627031257,-0.0504857788605477,-0.0371748318352284,0.4701418309855046,-0.2914001577148866,0.0733760660858466,-0.1794099401926051,0.740889329870049,3.0,1359.4,4.091,0.0089809248125882,0.01025564803805,-0.0371157387731972,0.0659999999999998,0.1900000000000004,0.2440000000000002,0.0,1.0910000000000002,,,,,,no_future_horizon
2026-09-15,,066970,엘앤에프,KOSPI,43,0.0053,0.008815536282208658,0.08817848184399835,-0.10844721846929095,1.0096020032926991,-0.21819044454201864,83118361942.5,0.5755091153395416,29.171437027465725,-0.0072273627031257,-0.0504857788605477,-0.0371748318352284,0.4701418309855046,-0.2914001577148866,0.0733760660858466,-0.1794099401926051,0.740889329870049,3.0,1359.4,4.091,0.0089809248125882,0.01025564803805,-0.0371157387731972,0.0659999999999998,0.1900000000000004,0.2440000000000002,0.0,1.0910000000000002,,,,,,no_future_horizon
2026-09-15,,000150,두산,KOSPI,44,0.0271,0.03364628123074054,0.031206728390815064,-0.20963293119306792,0.778663385958001,-0.049418950000000184,82411658806.65,0.8908179262868576,30.66951845413874,-0.0072273627031257,-0.0504857788605477,-0.0371748318352284,0.4701418309855046,-0.2914001577148866,0.0733760660858466,-0.1794099401926051,0.740889329870049,3.0,1359.4,4.091,0.0089809248125882,0.01025564803805,-0.0371157387731972,0.0659999999999998,0.1900000000000004,0.2440000000000002,0.0,1.0910000000000002,,,,,,no_future_horizon
2026-09-15,,005490,POSCO홀딩스,KOSPI,45,0.0184,0.010640106893728296,0.02310731526672538,-0.06863435581751975,0.38517526728272244,-0.029317048642976795,82191590150.0,1.0105081565939262,30.900901298077994,-0.0072273627031257,-0.0504857788605477,-0.0371748318352284,0.4701418309855046,-0.2914001577148866,0.0733760660858466,-0.1794099401926051,0.740889329870049,3.0,1359.4,4.091,0.0089809248125882,0.01025564803805,-0.0371157387731972,0.0659999999999998,0.1900000000000004,0.2440000000000002,0.0,1.0910000000000002,,,,,,no_future_horizon
2026-09-15,,353200,대덕전자,KOSPI,46,-0.0031,-0.03198382795966437,-0.17747153828424023,-0.38116191302647606,0.6353176418967637,-0.15299303705513356,80788880560.0,0.709123280368424,29.195172216257706,-0.0072273627031257,-0.0504857788605477,-0.0371748318352284,0.4701418309855046,-0.2914001577148866,0.0733760660858466,-0.1794099401926051,0.740889329870049,3.0,1359.4,4.091,0.0089809248125882,0.01025564803805,-0.0371157387731972,0.0659999999999998,0.1900000000000004,0.2440000000000002,0.0,1.0910000000000002,,,,,,no_future_horizon
2026-09-15,,240810,원익IPS,KOSDAQ,47,-0.0154,-0.06380989408304782,-0.035459300152551276,-0.3052016344504278,0.6186587383415132,-0.09730006179061601,79700001052.5,0.7478686231225631,29.30262502511369,-0.0072273627031257,-0.0504857788605477,-0.0371748318352284,0.4701418309855046,-0.2914001577148866,0.0733760660858466,-0.1794099401926051,0.740889329870049,3.0,1359.4,4.091,0.0089809248125882,0.01025564803805,-0.0371157387731972,0.0659999999999998,0.1900000000000004,0.2440000000000002,0.0,1.0910000000000002,,,,,,no_future_horizon
2026-09-15,,003230,삼양식품,KOSPI,48,-0.0252,-0.010837418454845094,-0.04277131247421051,0.15754872594205271,0.5269156901500612,-0.17450718152200229,79532840000.0,0.5375781626809756,29.894830053059074,-0.0072273627031257,-0.0504857788605477,-0.0371748318352284,0.4701418309855046,-0.2914001577148866,0.0733760660858466,-0.1794099401926051,0.740889329870049,3.0,1359.4,4.091,0.0089809248125882,0.01025564803805,-0.0371157387731972,0.0659999999999998,0.1900000000000004,0.2440000000000002,0.0,1.0910000000000002,,,,,,no_future_horizon
2026-09-15,,257720,실리콘투,KOSDAQ,49,-0.0268,-0.05622777272160551,-0.019229803542735513,0.31433796227768673,0.5700113658146571,-0.19469257549316255,78658057447.5,0.38030322538750616,28.68268273744471,-0.0072273627031257,-0.0504857788605477,-0.0371748318352284,0.4701418309855046,-0.2914001577148866,0.0733760660858466,-0.1794099401926051,0.740889329870049,3.0,1359.4,4.091,0.0089809248125882,0.01025564803805,-0.0371157387731972,0.0659999999999998,0.1900000000000004,0.2440000000000002,0.0,1.0910000000000002,,,,,,no_future_horizon
2026-09-15,,034730,SK,KOSPI,50,-0.0351,-0.08789839534816524,-0.06773743022806566,-0.2401408695590992,0.6594969623648171,-0.10126419649599994,76631270300.0,0.6315610887113273,31.316807959097194,-0.0072273627031257,-0.0504857788605477,-0.0371748318352284,0.4701418309855046,-0.2914001577148866,0.0733760660858466,-0.1794099401926051,0.740889329870049,3.0,1359.4,4.091,0.0089809248125882,0.01025564803805,-0.0371157387731972,0.0659999999999998,0.1900000000000004,0.2440000000000002,0.0,1.0910000000000002,,,,,,no_future_horizon
