stock_code,period_key,rcept_no,rcept_dt,is_correction,role,period_end_expected,selection_status,concept_local_name,concept_namespace,context_ref,unit_ref,decimals,scale,raw_value,numeric_value,selected_value,start_date,end_date,instant,duration_days,dimension_count,dimension_text,candidate_count_final
000070,반기보고서_(2022.06),20220816002633,2022-08-16,True,assets_total,2022-06-30,selected,Assets,http://xbrl.ifrs.org/taxonomy/2019-03-27/ifrs-full,CFY2022eHYA_ifrs-full_ConsolidatedAndSeparateFinancialStatementsAxis_ifrs-full_ConsolidatedMember,KRW,-6,,4513523000000,4513523000000.0,4513523000000.0,,,2022-06-30,,1,ifrs-full:ConsolidatedAndSeparateFinancialStatementsAxis=ifrs-full:ConsolidatedMember,1
000070,반기보고서_(2022.06),20220816002633,2022-08-16,True,liabilities_total,2022-06-30,selected,Liabilities,http://xbrl.ifrs.org/taxonomy/2019-03-27/ifrs-full,CFY2022eHYA_ifrs-full_ConsolidatedAndSeparateFinancialStatementsAxis_ifrs-full_ConsolidatedMember,KRW,-6,,2042285000000,2042285000000.0,2042285000000.0,,,2022-06-30,,1,ifrs-full:ConsolidatedAndSeparateFinancialStatementsAxis=ifrs-full:ConsolidatedMember,1
000070,반기보고서_(2022.06),20220816002633,2022-08-16,True,equity_total,2022-06-30,selected,Equity,http://xbrl.ifrs.org/taxonomy/2019-03-27/ifrs-full,CFY2022eHYA_ifrs-full_ConsolidatedAndSeparateFinancialStatementsAxis_ifrs-full_ConsolidatedMember,KRW,-6,,2471238000000,2471238000000.0,2471238000000.0,,,2022-06-30,,1,ifrs-full:ConsolidatedAndSeparateFinancialStatementsAxis=ifrs-full:ConsolidatedMember,1
000070,반기보고서_(2022.06),20220816002633,2022-08-16,True,equity_parent,2022-06-30,selected,EquityAttributableToOwnersOfParent,http://xbrl.ifrs.org/taxonomy/2019-03-27/ifrs-full,CFY2022eHYA_ifrs-full_ConsolidatedAndSeparateFinancialStatementsAxis_ifrs-full_ConsolidatedMember,KRW,-6,,1767096000000,1767096000000.0,1767096000000.0,,,2022-06-30,,1,ifrs-full:ConsolidatedAndSeparateFinancialStatementsAxis=ifrs-full:ConsolidatedMember,1
000070,반기보고서_(2022.06),20220816002633,2022-08-16,True,revenue_cumulative,2022-06-30,selected,Revenue,http://xbrl.ifrs.org/taxonomy/2019-03-27/ifrs-full,CFY2022dHYA_ifrs-full_ConsolidatedAndSeparateFinancialStatementsAxis_ifrs-full_ConsolidatedMember,KRW,-6,,1685137000000,1685137000000.0,1685137000000.0,2022-01-01,2022-06-30,,181.0,1,ifrs-full:ConsolidatedAndSeparateFinancialStatementsAxis=ifrs-full:ConsolidatedMember,1
000070,반기보고서_(2022.06),20220816002633,2022-08-16,True,operating_income_cumulative,2022-06-30,selected,OperatingIncomeLoss,http://dart.fss.or.kr/taxonomy/2019-10-01/ifrs/dart,CFY2022dHYA_ifrs-full_ConsolidatedAndSeparateFinancialStatementsAxis_ifrs-full_ConsolidatedMember,KRW,-6,,100427000000,100427000000.0,100427000000.0,2022-01-01,2022-06-30,,181.0,1,ifrs-full:ConsolidatedAndSeparateFinancialStatementsAxis=ifrs-full:ConsolidatedMember,1
000070,반기보고서_(2022.06),20220816002633,2022-08-16,True,net_income_total_cumulative,2022-06-30,selected,ProfitLoss,http://xbrl.ifrs.org/taxonomy/2019-03-27/ifrs-full,CFY2022dHYA_ifrs-full_ConsolidatedAndSeparateFinancialStatementsAxis_ifrs-full_ConsolidatedMember,KRW,-6,,90144000000,90144000000.0,90144000000.0,2022-01-01,2022-06-30,,181.0,1,ifrs-full:ConsolidatedAndSeparateFinancialStatementsAxis=ifrs-full:ConsolidatedMember,1
000070,반기보고서_(2022.06),20220816002633,2022-08-16,True,net_income_parent_cumulative,2022-06-30,selected,ProfitLossAttributableToOwnersOfParent,http://xbrl.ifrs.org/taxonomy/2019-03-27/ifrs-full,CFY2022dHYA_ifrs-full_ConsolidatedAndSeparateFinancialStatementsAxis_ifrs-full_ConsolidatedMember,KRW,-6,,68024000000,68024000000.0,68024000000.0,2022-01-01,2022-06-30,,181.0,1,ifrs-full:ConsolidatedAndSeparateFinancialStatementsAxis=ifrs-full:ConsolidatedMember,1
000070,반기보고서_(2022.06),20220816002215,2022-08-16,False,assets_total,2022-06-30,selected,Assets,http://xbrl.ifrs.org/taxonomy/2019-03-27/ifrs-full,CFY2022eHYA_ifrs-full_ConsolidatedAndSeparateFinancialStatementsAxis_ifrs-full_ConsolidatedMember,KRW,-6,,4513523000000,4513523000000.0,4513523000000.0,,,2022-06-30,,1,ifrs-full:ConsolidatedAndSeparateFinancialStatementsAxis=ifrs-full:ConsolidatedMember,1
000070,반기보고서_(2022.06),20220816002215,2022-08-16,False,liabilities_total,2022-06-30,selected,Liabilities,http://xbrl.ifrs.org/taxonomy/2019-03-27/ifrs-full,CFY2022eHYA_ifrs-full_ConsolidatedAndSeparateFinancialStatementsAxis_ifrs-full_ConsolidatedMember,KRW,-6,,2042285000000,2042285000000.0,2042285000000.0,,,2022-06-30,,1,ifrs-full:ConsolidatedAndSeparateFinancialStatementsAxis=ifrs-full:ConsolidatedMember,1
000070,반기보고서_(2022.06),20220816002215,2022-08-16,False,equity_total,2022-06-30,selected,Equity,http://xbrl.ifrs.org/taxonomy/2019-03-27/ifrs-full,CFY2022eHYA_ifrs-full_ConsolidatedAndSeparateFinancialStatementsAxis_ifrs-full_ConsolidatedMember,KRW,-6,,2471238000000,2471238000000.0,2471238000000.0,,,2022-06-30,,1,ifrs-full:ConsolidatedAndSeparateFinancialStatementsAxis=ifrs-full:ConsolidatedMember,1
000070,반기보고서_(2022.06),20220816002215,2022-08-16,False,equity_parent,2022-06-30,selected,EquityAttributableToOwnersOfParent,http://xbrl.ifrs.org/taxonomy/2019-03-27/ifrs-full,CFY2022eHYA_ifrs-full_ConsolidatedAndSeparateFinancialStatementsAxis_ifrs-full_ConsolidatedMember,KRW,-6,,1767096000000,1767096000000.0,1767096000000.0,,,2022-06-30,,1,ifrs-full:ConsolidatedAndSeparateFinancialStatementsAxis=ifrs-full:ConsolidatedMember,1
000070,반기보고서_(2022.06),20220816002215,2022-08-16,False,revenue_cumulative,2022-06-30,selected,Revenue,http://xbrl.ifrs.org/taxonomy/2019-03-27/ifrs-full,CFY2022dHYA_ifrs-full_ConsolidatedAndSeparateFinancialStatementsAxis_ifrs-full_ConsolidatedMember,KRW,-6,,1685137000000,1685137000000.0,1685137000000.0,2022-01-01,2022-06-30,,181.0,1,ifrs-full:ConsolidatedAndSeparateFinancialStatementsAxis=ifrs-full:ConsolidatedMember,1
000070,반기보고서_(2022.06),20220816002215,2022-08-16,False,operating_income_cumulative,2022-06-30,selected,OperatingIncomeLoss,http://dart.fss.or.kr/taxonomy/2019-10-01/ifrs/dart,CFY2022dHYA_ifrs-full_ConsolidatedAndSeparateFinancialStatementsAxis_ifrs-full_ConsolidatedMember,KRW,-6,,100427000000,100427000000.0,100427000000.0,2022-01-01,2022-06-30,,181.0,1,ifrs-full:ConsolidatedAndSeparateFinancialStatementsAxis=ifrs-full:ConsolidatedMember,1
000070,반기보고서_(2022.06),20220816002215,2022-08-16,False,net_income_total_cumulative,2022-06-30,selected,ProfitLoss,http://xbrl.ifrs.org/taxonomy/2019-03-27/ifrs-full,CFY2022dHYA_ifrs-full_ConsolidatedAndSeparateFinancialStatementsAxis_ifrs-full_ConsolidatedMember,KRW,-6,,90144000000,90144000000.0,90144000000.0,2022-01-01,2022-06-30,,181.0,1,ifrs-full:ConsolidatedAndSeparateFinancialStatementsAxis=ifrs-full:ConsolidatedMember,1
000070,반기보고서_(2022.06),20220816002215,2022-08-16,False,net_income_parent_cumulative,2022-06-30,selected,ProfitLossAttributableToOwnersOfParent,http://xbrl.ifrs.org/taxonomy/2019-03-27/ifrs-full,CFY2022dHYA_ifrs-full_ConsolidatedAndSeparateFinancialStatementsAxis_ifrs-full_ConsolidatedMember,KRW,-6,,68024000000,68024000000.0,68024000000.0,2022-01-01,2022-06-30,,181.0,1,ifrs-full:ConsolidatedAndSeparateFinancialStatementsAxis=ifrs-full:ConsolidatedMember,1
000080,반기보고서_(2016.06),20210210001188,2021-02-10,True,assets_total,2016-06-30,selected,Assets,http://xbrl.iasb.org/taxonomy/2010-04-30/ifrs,CFY2016eHYA_ifrs_ConsolidatedAndSeparateFinancialStatementsAxis_ifrs_ConsolidatedMember,KRW,0,,3410383526656,3410383526656.0,3410383526656.0,,,2016-06-30,,1,ifrs:ConsolidatedAndSeparateFinancialStatementsAxis=ifrs:ConsolidatedMember,1
000080,반기보고서_(2016.06),20210210001188,2021-02-10,True,liabilities_total,2016-06-30,selected,Liabilities,http://xbrl.iasb.org/taxonomy/2010-04-30/ifrs,CFY2016eHYA_ifrs_ConsolidatedAndSeparateFinancialStatementsAxis_ifrs_ConsolidatedMember,KRW,0,,2124720308402,2124720308402.0,2124720308402.0,,,2016-06-30,,1,ifrs:ConsolidatedAndSeparateFinancialStatementsAxis=ifrs:ConsolidatedMember,1
000080,반기보고서_(2016.06),20210210001188,2021-02-10,True,equity_total,2016-06-30,selected,Equity,http://xbrl.iasb.org/taxonomy/2010-04-30/ifrs,CFY2016eHYA_ifrs_ConsolidatedAndSeparateFinancialStatementsAxis_ifrs_ConsolidatedMember,KRW,0,,1285663218254,1285663218254.0,1285663218254.0,,,2016-06-30,,1,ifrs:ConsolidatedAndSeparateFinancialStatementsAxis=ifrs:ConsolidatedMember,1
000080,반기보고서_(2016.06),20210210001188,2021-02-10,True,equity_parent,2016-06-30,selected,EquityAttributableToOwnersOfParent,http://xbrl.iasb.org/taxonomy/2010-04-30/ifrs,CFY2016eHYA_ifrs_ConsolidatedAndSeparateFinancialStatementsAxis_ifrs_ConsolidatedMember,KRW,0,,1285072178987,1285072178987.0,1285072178987.0,,,2016-06-30,,1,ifrs:ConsolidatedAndSeparateFinancialStatementsAxis=ifrs:ConsolidatedMember,1
000080,반기보고서_(2016.06),20210210001188,2021-02-10,True,revenue_cumulative,2016-06-30,selected,Revenue,http://xbrl.iasb.org/taxonomy/2010-04-30/ifrs,CFY2016dHYA_ifrs_ConsolidatedAndSeparateFinancialStatementsAxis_ifrs_ConsolidatedMember,KRW,0,,909787648044,909787648044.0,909787648044.0,2016-01-01,2016-06-30,,182.0,1,ifrs:ConsolidatedAndSeparateFinancialStatementsAxis=ifrs:ConsolidatedMember,1
000080,반기보고서_(2016.06),20210210001188,2021-02-10,True,operating_income_cumulative,2016-06-30,selected,OperatingIncomeLoss,http://dart.fss.or.kr/taxonomy/2013-03-31/ifrs/dart,CFY2016dHYA_ifrs_ConsolidatedAndSeparateFinancialStatementsAxis_ifrs_ConsolidatedMember,KRW,0,,54798054333,54798054333.0,54798054333.0,2016-01-01,2016-06-30,,182.0,1,ifrs:ConsolidatedAndSeparateFinancialStatementsAxis=ifrs:ConsolidatedMember,1
000080,반기보고서_(2016.06),20210210001188,2021-02-10,True,net_income_total_cumulative,2016-06-30,selected,ProfitLoss,http://xbrl.iasb.org/taxonomy/2010-04-30/ifrs,CFY2016dHYA_ifrs_ConsolidatedAndSeparateFinancialStatementsAxis_ifrs_ConsolidatedMember,KRW,0,,16269787876,16269787876.0,16269787876.0,2016-01-01,2016-06-30,,182.0,1,ifrs:ConsolidatedAndSeparateFinancialStatementsAxis=ifrs:ConsolidatedMember,1
000080,반기보고서_(2016.06),20210210001188,2021-02-10,True,net_income_parent_cumulative,2016-06-30,selected,ProfitLossAttributableToOwnersOfParent,http://xbrl.iasb.org/taxonomy/2010-04-30/ifrs,CFY2016dHYA_ifrs_ConsolidatedAndSeparateFinancialStatementsAxis_ifrs_ConsolidatedMember,KRW,0,,16233610786,16233610786.0,16233610786.0,2016-01-01,2016-06-30,,182.0,1,ifrs:ConsolidatedAndSeparateFinancialStatementsAxis=ifrs:ConsolidatedMember,1
000080,반기보고서_(2016.06),20210210001252,2021-02-10,True,assets_total,2016-06-30,selected,Assets,http://xbrl.iasb.org/taxonomy/2010-04-30/ifrs,CFY2016eHYA_ifrs_ConsolidatedAndSeparateFinancialStatementsAxis_ifrs_ConsolidatedMember,KRW,0,,3410383526656,3410383526656.0,3410383526656.0,,,2016-06-30,,1,ifrs:ConsolidatedAndSeparateFinancialStatementsAxis=ifrs:ConsolidatedMember,1
000080,반기보고서_(2016.06),20210210001252,2021-02-10,True,liabilities_total,2016-06-30,selected,Liabilities,http://xbrl.iasb.org/taxonomy/2010-04-30/ifrs,CFY2016eHYA_ifrs_ConsolidatedAndSeparateFinancialStatementsAxis_ifrs_ConsolidatedMember,KRW,0,,2124720308402,2124720308402.0,2124720308402.0,,,2016-06-30,,1,ifrs:ConsolidatedAndSeparateFinancialStatementsAxis=ifrs:ConsolidatedMember,1
000080,반기보고서_(2016.06),20210210001252,2021-02-10,True,equity_total,2016-06-30,selected,Equity,http://xbrl.iasb.org/taxonomy/2010-04-30/ifrs,CFY2016eHYA_ifrs_ConsolidatedAndSeparateFinancialStatementsAxis_ifrs_ConsolidatedMember,KRW,0,,1285663218254,1285663218254.0,1285663218254.0,,,2016-06-30,,1,ifrs:ConsolidatedAndSeparateFinancialStatementsAxis=ifrs:ConsolidatedMember,1
000080,반기보고서_(2016.06),20210210001252,2021-02-10,True,equity_parent,2016-06-30,selected,EquityAttributableToOwnersOfParent,http://xbrl.iasb.org/taxonomy/2010-04-30/ifrs,CFY2016eHYA_ifrs_ConsolidatedAndSeparateFinancialStatementsAxis_ifrs_ConsolidatedMember,KRW,0,,1285072178987,1285072178987.0,1285072178987.0,,,2016-06-30,,1,ifrs:ConsolidatedAndSeparateFinancialStatementsAxis=ifrs:ConsolidatedMember,1
000080,반기보고서_(2016.06),20210210001252,2021-02-10,True,revenue_cumulative,2016-06-30,selected,Revenue,http://xbrl.iasb.org/taxonomy/2010-04-30/ifrs,CFY2016dHYA_ifrs_ConsolidatedAndSeparateFinancialStatementsAxis_ifrs_ConsolidatedMember,KRW,0,,909787648044,909787648044.0,909787648044.0,2016-01-01,2016-06-30,,182.0,1,ifrs:ConsolidatedAndSeparateFinancialStatementsAxis=ifrs:ConsolidatedMember,1
000080,반기보고서_(2016.06),20210210001252,2021-02-10,True,operating_income_cumulative,2016-06-30,selected,OperatingIncomeLoss,http://dart.fss.or.kr/taxonomy/2013-03-31/ifrs/dart,CFY2016dHYA_ifrs_ConsolidatedAndSeparateFinancialStatementsAxis_ifrs_ConsolidatedMember,KRW,0,,54798054333,54798054333.0,54798054333.0,2016-01-01,2016-06-30,,182.0,1,ifrs:ConsolidatedAndSeparateFinancialStatementsAxis=ifrs:ConsolidatedMember,1
000080,반기보고서_(2016.06),20210210001252,2021-02-10,True,net_income_total_cumulative,2016-06-30,selected,ProfitLoss,http://xbrl.iasb.org/taxonomy/2010-04-30/ifrs,CFY2016dHYA_ifrs_ConsolidatedAndSeparateFinancialStatementsAxis_ifrs_ConsolidatedMember,KRW,0,,16269787876,16269787876.0,16269787876.0,2016-01-01,2016-06-30,,182.0,1,ifrs:ConsolidatedAndSeparateFinancialStatementsAxis=ifrs:ConsolidatedMember,1
000080,반기보고서_(2016.06),20210210001252,2021-02-10,True,net_income_parent_cumulative,2016-06-30,selected,ProfitLossAttributableToOwnersOfParent,http://xbrl.iasb.org/taxonomy/2010-04-30/ifrs,CFY2016dHYA_ifrs_ConsolidatedAndSeparateFinancialStatementsAxis_ifrs_ConsolidatedMember,KRW,0,,16233610786,16233610786.0,16233610786.0,2016-01-01,2016-06-30,,182.0,1,ifrs:ConsolidatedAndSeparateFinancialStatementsAxis=ifrs:ConsolidatedMember,1
000120,반기보고서_(2019.06),20190814002624,2019-08-14,False,assets_total,2019-06-30,selected,Assets,http://xbrl.iasb.org/taxonomy/2010-04-30/ifrs,CFY2019eHYA_ifrs_ConsolidatedAndSeparateFinancialStatementsAxis_ifrs_ConsolidatedMember,KRW,0,,9101231987199,9101231987199.0,9101231987199.0,,,2019-06-30,,1,ifrs:ConsolidatedAndSeparateFinancialStatementsAxis=ifrs:ConsolidatedMember,1
000120,반기보고서_(2019.06),20190814002624,2019-08-14,False,liabilities_total,2019-06-30,selected,Liabilities,http://xbrl.iasb.org/taxonomy/2010-04-30/ifrs,CFY2019eHYA_ifrs_ConsolidatedAndSeparateFinancialStatementsAxis_ifrs_ConsolidatedMember,KRW,0,,5581776556152,5581776556152.0,5581776556152.0,,,2019-06-30,,1,ifrs:ConsolidatedAndSeparateFinancialStatementsAxis=ifrs:ConsolidatedMember,1
000120,반기보고서_(2019.06),20190814002624,2019-08-14,False,equity_total,2019-06-30,selected,Equity,http://xbrl.iasb.org/taxonomy/2010-04-30/ifrs,CFY2019eHYA_ifrs_ConsolidatedAndSeparateFinancialStatementsAxis_ifrs_ConsolidatedMember,KRW,0,,3519455431047,3519455431047.0,3519455431047.0,,,2019-06-30,,1,ifrs:ConsolidatedAndSeparateFinancialStatementsAxis=ifrs:ConsolidatedMember,1
000120,반기보고서_(2019.06),20190814002624,2019-08-14,False,equity_parent,2019-06-30,selected,EquityAttributableToOwnersOfParent,http://xbrl.iasb.org/taxonomy/2010-04-30/ifrs,CFY2019eHYA_ifrs_ConsolidatedAndSeparateFinancialStatementsAxis_ifrs_ConsolidatedMember,KRW,0,,3019108955239,3019108955239.0,3019108955239.0,,,2019-06-30,,1,ifrs:ConsolidatedAndSeparateFinancialStatementsAxis=ifrs:ConsolidatedMember,1
000120,반기보고서_(2019.06),20190814002624,2019-08-14,False,revenue_cumulative,2019-06-30,selected,Revenue,http://xbrl.iasb.org/taxonomy/2010-04-30/ifrs,CFY2019dHYA_ifrs_ConsolidatedAndSeparateFinancialStatementsAxis_ifrs_ConsolidatedMember,KRW,0,,4967569774523,4967569774523.0,4967569774523.0,2019-01-01,2019-06-30,,181.0,1,ifrs:ConsolidatedAndSeparateFinancialStatementsAxis=ifrs:ConsolidatedMember,1
000120,반기보고서_(2019.06),20190814002624,2019-08-14,False,operating_income_cumulative,2019-06-30,selected,OperatingIncomeLoss,http://dart.fss.or.kr/taxonomy/2018-07-01/ifrs/dart,CFY2019dHYA_ifrs_ConsolidatedAndSeparateFinancialStatementsAxis_ifrs_ConsolidatedMember,KRW,0,,117135247731,117135247731.0,117135247731.0,2019-01-01,2019-06-30,,181.0,1,ifrs:ConsolidatedAndSeparateFinancialStatementsAxis=ifrs:ConsolidatedMember,1
000120,반기보고서_(2019.06),20190814002624,2019-08-14,False,net_income_total_cumulative,2019-06-30,selected,ProfitLoss,http://xbrl.iasb.org/taxonomy/2010-04-30/ifrs,CFY2019dHYA_ifrs_ConsolidatedAndSeparateFinancialStatementsAxis_ifrs_ConsolidatedMember,KRW,0,,4583707480,4583707480.0,4583707480.0,2019-01-01,2019-06-30,,181.0,1,ifrs:ConsolidatedAndSeparateFinancialStatementsAxis=ifrs:ConsolidatedMember,1
000120,반기보고서_(2019.06),20190814002624,2019-08-14,False,net_income_parent_cumulative,2019-06-30,selected,ProfitLossAttributableToOwnersOfParent,http://xbrl.iasb.org/taxonomy/2010-04-30/ifrs,CFY2019dHYA_ifrs_ConsolidatedAndSeparateFinancialStatementsAxis_ifrs_ConsolidatedMember,KRW,0,,-1972426403,-1972426403.0,-1972426403.0,2019-01-01,2019-06-30,,181.0,1,ifrs:ConsolidatedAndSeparateFinancialStatementsAxis=ifrs:ConsolidatedMember,1
000120,반기보고서_(2019.06),20191002000607,2019-10-02,True,assets_total,2019-06-30,selected,Assets,http://xbrl.iasb.org/taxonomy/2010-04-30/ifrs,CFY2019eHYA_ifrs_ConsolidatedAndSeparateFinancialStatementsAxis_ifrs_ConsolidatedMember,KRW,0,,9093576673071,9093576673071.0,9093576673071.0,,,2019-06-30,,1,ifrs:ConsolidatedAndSeparateFinancialStatementsAxis=ifrs:ConsolidatedMember,1
000120,반기보고서_(2019.06),20191002000607,2019-10-02,True,liabilities_total,2019-06-30,selected,Liabilities,http://xbrl.iasb.org/taxonomy/2010-04-30/ifrs,CFY2019eHYA_ifrs_ConsolidatedAndSeparateFinancialStatementsAxis_ifrs_ConsolidatedMember,KRW,0,,5581776556152,5581776556152.0,5581776556152.0,,,2019-06-30,,1,ifrs:ConsolidatedAndSeparateFinancialStatementsAxis=ifrs:ConsolidatedMember,1
000120,반기보고서_(2019.06),20191002000607,2019-10-02,True,equity_total,2019-06-30,selected,Equity,http://xbrl.iasb.org/taxonomy/2010-04-30/ifrs,CFY2019eHYA_ifrs_ConsolidatedAndSeparateFinancialStatementsAxis_ifrs_ConsolidatedMember,KRW,0,,3511800116919,3511800116919.0,3511800116919.0,,,2019-06-30,,1,ifrs:ConsolidatedAndSeparateFinancialStatementsAxis=ifrs:ConsolidatedMember,1
000120,반기보고서_(2019.06),20191002000607,2019-10-02,True,equity_parent,2019-06-30,selected,EquityAttributableToOwnersOfParent,http://xbrl.iasb.org/taxonomy/2010-04-30/ifrs,CFY2019eHYA_ifrs_ConsolidatedAndSeparateFinancialStatementsAxis_ifrs_ConsolidatedMember,KRW,0,,3011453641111,3011453641111.0,3011453641111.0,,,2019-06-30,,1,ifrs:ConsolidatedAndSeparateFinancialStatementsAxis=ifrs:ConsolidatedMember,1
000120,반기보고서_(2019.06),20191002000607,2019-10-02,True,revenue_cumulative,2019-06-30,selected,Revenue,http://xbrl.iasb.org/taxonomy/2010-04-30/ifrs,CFY2019dHYA_ifrs_ConsolidatedAndSeparateFinancialStatementsAxis_ifrs_ConsolidatedMember,KRW,0,,4967569774523,4967569774523.0,4967569774523.0,2019-01-01,2019-06-30,,181.0,1,ifrs:ConsolidatedAndSeparateFinancialStatementsAxis=ifrs:ConsolidatedMember,1
000120,반기보고서_(2019.06),20191002000607,2019-10-02,True,operating_income_cumulative,2019-06-30,selected,OperatingIncomeLoss,http://dart.fss.or.kr/taxonomy/2018-07-01/ifrs/dart,CFY2019dHYA_ifrs_ConsolidatedAndSeparateFinancialStatementsAxis_ifrs_ConsolidatedMember,KRW,0,,117135247731,117135247731.0,117135247731.0,2019-01-01,2019-06-30,,181.0,1,ifrs:ConsolidatedAndSeparateFinancialStatementsAxis=ifrs:ConsolidatedMember,1
000120,반기보고서_(2019.06),20191002000607,2019-10-02,True,net_income_total_cumulative,2019-06-30,selected,ProfitLoss,http://xbrl.iasb.org/taxonomy/2010-04-30/ifrs,CFY2019dHYA_ifrs_ConsolidatedAndSeparateFinancialStatementsAxis_ifrs_ConsolidatedMember,KRW,0,,5093707480,5093707480.0,5093707480.0,2019-01-01,2019-06-30,,181.0,1,ifrs:ConsolidatedAndSeparateFinancialStatementsAxis=ifrs:ConsolidatedMember,1
000120,반기보고서_(2019.06),20191002000607,2019-10-02,True,net_income_parent_cumulative,2019-06-30,selected,ProfitLossAttributableToOwnersOfParent,http://xbrl.iasb.org/taxonomy/2010-04-30/ifrs,CFY2019dHYA_ifrs_ConsolidatedAndSeparateFinancialStatementsAxis_ifrs_ConsolidatedMember,KRW,0,,-1462426403,-1462426403.0,-1462426403.0,2019-01-01,2019-06-30,,181.0,1,ifrs:ConsolidatedAndSeparateFinancialStatementsAxis=ifrs:ConsolidatedMember,1
000150,반기보고서_(2023.06),20230814002153,2023-08-14,False,assets_total,2023-06-30,selected,Assets,http://xbrl.ifrs.org/taxonomy/2019-03-27/ifrs-full,CFY2023eHYA_ifrs-full_ConsolidatedAndSeparateFinancialStatementsAxis_ifrs-full_ConsolidatedMember,KRW,0,,28268346829211,28268346829211.0,28268346829211.0,,,2023-06-30,,1,ifrs-full:ConsolidatedAndSeparateFinancialStatementsAxis=ifrs-full:ConsolidatedMember,1
000150,반기보고서_(2023.06),20230814002153,2023-08-14,False,liabilities_total,2023-06-30,selected,Liabilities,http://xbrl.ifrs.org/taxonomy/2019-03-27/ifrs-full,CFY2023eHYA_ifrs-full_ConsolidatedAndSeparateFinancialStatementsAxis_ifrs-full_ConsolidatedMember,KRW,0,,17209821707497,17209821707497.0,17209821707497.0,,,2023-06-30,,1,ifrs-full:ConsolidatedAndSeparateFinancialStatementsAxis=ifrs-full:ConsolidatedMember,1
000150,반기보고서_(2023.06),20230814002153,2023-08-14,False,equity_total,2023-06-30,selected,Equity,http://xbrl.ifrs.org/taxonomy/2019-03-27/ifrs-full,CFY2023eHYA_ifrs-full_ConsolidatedAndSeparateFinancialStatementsAxis_ifrs-full_ConsolidatedMember,KRW,0,,11058525121714,11058525121714.0,11058525121714.0,,,2023-06-30,,1,ifrs-full:ConsolidatedAndSeparateFinancialStatementsAxis=ifrs-full:ConsolidatedMember,1
000150,반기보고서_(2023.06),20230814002153,2023-08-14,False,equity_parent,2023-06-30,selected,EquityAttributableToOwnersOfParent,http://xbrl.ifrs.org/taxonomy/2019-03-27/ifrs-full,CFY2023eHYA_ifrs-full_ConsolidatedAndSeparateFinancialStatementsAxis_ifrs-full_ConsolidatedMember,KRW,0,,1676213459619,1676213459619.0,1676213459619.0,,,2023-06-30,,1,ifrs-full:ConsolidatedAndSeparateFinancialStatementsAxis=ifrs-full:ConsolidatedMember,1
000150,반기보고서_(2023.06),20230814002153,2023-08-14,False,revenue_cumulative,2023-06-30,selected,Revenue,http://xbrl.ifrs.org/taxonomy/2019-03-27/ifrs-full,CFY2023dHYA_ifrs-full_ConsolidatedAndSeparateFinancialStatementsAxis_ifrs-full_ConsolidatedMember,KRW,0,,9319461916954,9319461916954.0,9319461916954.0,2023-01-01,2023-06-30,,181.0,1,ifrs-full:ConsolidatedAndSeparateFinancialStatementsAxis=ifrs-full:ConsolidatedMember,1
000150,반기보고서_(2023.06),20230814002153,2023-08-14,False,operating_income_cumulative,2023-06-30,selected,OperatingIncomeLoss,http://dart.fss.or.kr/taxonomy/2019-10-01/ifrs/dart,CFY2023dHYA_ifrs-full_ConsolidatedAndSeparateFinancialStatementsAxis_ifrs-full_ConsolidatedMember,KRW,0,,850197554627,850197554627.0,850197554627.0,2023-01-01,2023-06-30,,181.0,1,ifrs-full:ConsolidatedAndSeparateFinancialStatementsAxis=ifrs-full:ConsolidatedMember,1
000150,반기보고서_(2023.06),20230814002153,2023-08-14,False,net_income_total_cumulative,2023-06-30,selected,ProfitLoss,http://xbrl.ifrs.org/taxonomy/2019-03-27/ifrs-full,CFY2023dHYA_ifrs-full_ConsolidatedAndSeparateFinancialStatementsAxis_ifrs-full_ConsolidatedMember,KRW,0,,288911009346,288911009346.0,288911009346.0,2023-01-01,2023-06-30,,181.0,1,ifrs-full:ConsolidatedAndSeparateFinancialStatementsAxis=ifrs-full:ConsolidatedMember,1
000150,반기보고서_(2023.06),20230814002153,2023-08-14,False,net_income_parent_cumulative,2023-06-30,selected,ProfitLossAttributableToOwnersOfParent,http://xbrl.ifrs.org/taxonomy/2019-03-27/ifrs-full,CFY2023dHYA_ifrs-full_ConsolidatedAndSeparateFinancialStatementsAxis_ifrs-full_ConsolidatedMember,KRW,0,,-108847072458,-108847072458.0,-108847072458.0,2023-01-01,2023-06-30,,181.0,1,ifrs-full:ConsolidatedAndSeparateFinancialStatementsAxis=ifrs-full:ConsolidatedMember,1
000150,반기보고서_(2023.06),20230922000499,2023-09-22,True,assets_total,2023-06-30,selected,Assets,http://xbrl.ifrs.org/taxonomy/2019-03-27/ifrs-full,CFY2023eHYA_ifrs-full_ConsolidatedAndSeparateFinancialStatementsAxis_ifrs-full_ConsolidatedMember,KRW,0,,28268346829211,28268346829211.0,28268346829211.0,,,2023-06-30,,1,ifrs-full:ConsolidatedAndSeparateFinancialStatementsAxis=ifrs-full:ConsolidatedMember,1
000150,반기보고서_(2023.06),20230922000499,2023-09-22,True,liabilities_total,2023-06-30,selected,Liabilities,http://xbrl.ifrs.org/taxonomy/2019-03-27/ifrs-full,CFY2023eHYA_ifrs-full_ConsolidatedAndSeparateFinancialStatementsAxis_ifrs-full_ConsolidatedMember,KRW,0,,17209821707497,17209821707497.0,17209821707497.0,,,2023-06-30,,1,ifrs-full:ConsolidatedAndSeparateFinancialStatementsAxis=ifrs-full:ConsolidatedMember,1
000150,반기보고서_(2023.06),20230922000499,2023-09-22,True,equity_total,2023-06-30,selected,Equity,http://xbrl.ifrs.org/taxonomy/2019-03-27/ifrs-full,CFY2023eHYA_ifrs-full_ConsolidatedAndSeparateFinancialStatementsAxis_ifrs-full_ConsolidatedMember,KRW,0,,11058525121714,11058525121714.0,11058525121714.0,,,2023-06-30,,1,ifrs-full:ConsolidatedAndSeparateFinancialStatementsAxis=ifrs-full:ConsolidatedMember,1
000150,반기보고서_(2023.06),20230922000499,2023-09-22,True,equity_parent,2023-06-30,selected,EquityAttributableToOwnersOfParent,http://xbrl.ifrs.org/taxonomy/2019-03-27/ifrs-full,CFY2023eHYA_ifrs-full_ConsolidatedAndSeparateFinancialStatementsAxis_ifrs-full_ConsolidatedMember,KRW,0,,1676213459619,1676213459619.0,1676213459619.0,,,2023-06-30,,1,ifrs-full:ConsolidatedAndSeparateFinancialStatementsAxis=ifrs-full:ConsolidatedMember,1
000150,반기보고서_(2023.06),20230922000499,2023-09-22,True,revenue_cumulative,2023-06-30,selected,Revenue,http://xbrl.ifrs.org/taxonomy/2019-03-27/ifrs-full,CFY2023dHYA_ifrs-full_ConsolidatedAndSeparateFinancialStatementsAxis_ifrs-full_ConsolidatedMember,KRW,0,,9319461916954,9319461916954.0,9319461916954.0,2023-01-01,2023-06-30,,181.0,1,ifrs-full:ConsolidatedAndSeparateFinancialStatementsAxis=ifrs-full:ConsolidatedMember,1
000150,반기보고서_(2023.06),20230922000499,2023-09-22,True,operating_income_cumulative,2023-06-30,selected,OperatingIncomeLoss,http://dart.fss.or.kr/taxonomy/2019-10-01/ifrs/dart,CFY2023dHYA_ifrs-full_ConsolidatedAndSeparateFinancialStatementsAxis_ifrs-full_ConsolidatedMember,KRW,0,,850197554627,850197554627.0,850197554627.0,2023-01-01,2023-06-30,,181.0,1,ifrs-full:ConsolidatedAndSeparateFinancialStatementsAxis=ifrs-full:ConsolidatedMember,1
000150,반기보고서_(2023.06),20230922000499,2023-09-22,True,net_income_total_cumulative,2023-06-30,selected,ProfitLoss,http://xbrl.ifrs.org/taxonomy/2019-03-27/ifrs-full,CFY2023dHYA_ifrs-full_ConsolidatedAndSeparateFinancialStatementsAxis_ifrs-full_ConsolidatedMember,KRW,0,,288911009346,288911009346.0,288911009346.0,2023-01-01,2023-06-30,,181.0,1,ifrs-full:ConsolidatedAndSeparateFinancialStatementsAxis=ifrs-full:ConsolidatedMember,1
000150,반기보고서_(2023.06),20230922000499,2023-09-22,True,net_income_parent_cumulative,2023-06-30,selected,ProfitLossAttributableToOwnersOfParent,http://xbrl.ifrs.org/taxonomy/2019-03-27/ifrs-full,CFY2023dHYA_ifrs-full_ConsolidatedAndSeparateFinancialStatementsAxis_ifrs-full_ConsolidatedMember,KRW,0,,-108847072458,-108847072458.0,-108847072458.0,2023-01-01,2023-06-30,,181.0,1,ifrs-full:ConsolidatedAndSeparateFinancialStatementsAxis=ifrs-full:ConsolidatedMember,1
000210,반기보고서_(2017.06),20180228002234,2018-02-28,True,assets_total,2017-06-30,selected,Assets,http://xbrl.iasb.org/taxonomy/2010-04-30/ifrs,CFY2017eHYA_ifrs_ConsolidatedAndSeparateFinancialStatementsAxis_ifrs_ConsolidatedMember,KRW,0,,13206284371189,13206284371189.0,13206284371189.0,,,2017-06-30,,1,ifrs:ConsolidatedAndSeparateFinancialStatementsAxis=ifrs:ConsolidatedMember,1
000210,반기보고서_(2017.06),20180228002234,2018-02-28,True,liabilities_total,2017-06-30,selected,Liabilities,http://xbrl.iasb.org/taxonomy/2010-04-30/ifrs,CFY2017eHYA_ifrs_ConsolidatedAndSeparateFinancialStatementsAxis_ifrs_ConsolidatedMember,KRW,0,,7818788259566,7818788259566.0,7818788259566.0,,,2017-06-30,,1,ifrs:ConsolidatedAndSeparateFinancialStatementsAxis=ifrs:ConsolidatedMember,1
000210,반기보고서_(2017.06),20180228002234,2018-02-28,True,equity_total,2017-06-30,selected,Equity,http://xbrl.iasb.org/taxonomy/2010-04-30/ifrs,CFY2017eHYA_ifrs_ConsolidatedAndSeparateFinancialStatementsAxis_ifrs_ConsolidatedMember,KRW,0,,5387496111623,5387496111623.0,5387496111623.0,,,2017-06-30,,1,ifrs:ConsolidatedAndSeparateFinancialStatementsAxis=ifrs:ConsolidatedMember,1
000210,반기보고서_(2017.06),20180228002234,2018-02-28,True,equity_parent,2017-06-30,selected,EquityAttributableToOwnersOfParent,http://xbrl.iasb.org/taxonomy/2010-04-30/ifrs,CFY2017eHYA_ifrs_ConsolidatedAndSeparateFinancialStatementsAxis_ifrs_ConsolidatedMember,KRW,0,,4842407168094,4842407168094.0,4842407168094.0,,,2017-06-30,,1,ifrs:ConsolidatedAndSeparateFinancialStatementsAxis=ifrs:ConsolidatedMember,1
000210,반기보고서_(2017.06),20180228002234,2018-02-28,True,revenue_cumulative,2017-06-30,selected,Revenue,http://xbrl.iasb.org/taxonomy/2010-04-30/ifrs,CFY2017dHYA_ifrs_ConsolidatedAndSeparateFinancialStatementsAxis_ifrs_ConsolidatedMember,KRW,0,,5617646387303,5617646387303.0,5617646387303.0,2017-01-01,2017-06-30,,181.0,1,ifrs:ConsolidatedAndSeparateFinancialStatementsAxis=ifrs:ConsolidatedMember,1
000210,반기보고서_(2017.06),20180228002234,2018-02-28,True,operating_income_cumulative,2017-06-30,selected,OperatingIncomeLoss,http://dart.fss.or.kr/taxonomy/2013-03-31/ifrs/dart,CFY2017dHYA_ifrs_ConsolidatedAndSeparateFinancialStatementsAxis_ifrs_ConsolidatedMember,KRW,0,,257020259020,257020259020.0,257020259020.0,2017-01-01,2017-06-30,,181.0,1,ifrs:ConsolidatedAndSeparateFinancialStatementsAxis=ifrs:ConsolidatedMember,1
000210,반기보고서_(2017.06),20180228002234,2018-02-28,True,net_income_total_cumulative,2017-06-30,selected,ProfitLoss,http://xbrl.iasb.org/taxonomy/2010-04-30/ifrs,CFY2017dHYA_ifrs_ConsolidatedAndSeparateFinancialStatementsAxis_ifrs_ConsolidatedMember,KRW,0,,253879833349,253879833349.0,253879833349.0,2017-01-01,2017-06-30,,181.0,1,ifrs:ConsolidatedAndSeparateFinancialStatementsAxis=ifrs:ConsolidatedMember,1
000210,반기보고서_(2017.06),20180228002234,2018-02-28,True,net_income_parent_cumulative,2017-06-30,selected,ProfitLossAttributableToOwnersOfParent,http://xbrl.iasb.org/taxonomy/2010-04-30/ifrs,CFY2017dHYA_ifrs_ConsolidatedAndSeparateFinancialStatementsAxis_ifrs_ConsolidatedMember,KRW,0,,241185060046,241185060046.0,241185060046.0,2017-01-01,2017-06-30,,181.0,1,ifrs:ConsolidatedAndSeparateFinancialStatementsAxis=ifrs:ConsolidatedMember,1
000240,반기보고서_(2021.06),20210817002055,2021-08-17,False,assets_total,2021-06-30,selected,Assets,http://xbrl.ifrs.org/taxonomy/2019-03-27/ifrs-full,CFY2021eHYA_ifrs-full_ConsolidatedAndSeparateFinancialStatementsAxis_ifrs-full_ConsolidatedMember,KRW,0,,3935941154579,3935941154579.0,3935941154579.0,,,2021-06-30,,1,ifrs-full:ConsolidatedAndSeparateFinancialStatementsAxis=ifrs-full:ConsolidatedMember,1
000240,반기보고서_(2021.06),20210817002055,2021-08-17,False,liabilities_total,2021-06-30,selected,Liabilities,http://xbrl.ifrs.org/taxonomy/2019-03-27/ifrs-full,CFY2021eHYA_ifrs-full_ConsolidatedAndSeparateFinancialStatementsAxis_ifrs-full_ConsolidatedMember,KRW,0,,314326684668,314326684668.0,314326684668.0,,,2021-06-30,,1,ifrs-full:ConsolidatedAndSeparateFinancialStatementsAxis=ifrs-full:ConsolidatedMember,1
000240,반기보고서_(2021.06),20210817002055,2021-08-17,False,equity_total,2021-06-30,selected,Equity,http://xbrl.ifrs.org/taxonomy/2019-03-27/ifrs-full,CFY2021eHYA_ifrs-full_ConsolidatedAndSeparateFinancialStatementsAxis_ifrs-full_ConsolidatedMember,KRW,0,,3621614469911,3621614469911.0,3621614469911.0,,,2021-06-30,,1,ifrs-full:ConsolidatedAndSeparateFinancialStatementsAxis=ifrs-full:ConsolidatedMember,1
000240,반기보고서_(2021.06),20210817002055,2021-08-17,False,equity_parent,2021-06-30,selected,EquityAttributableToOwnersOfParent,http://xbrl.ifrs.org/taxonomy/2019-03-27/ifrs-full,CFY2021eHYA_ifrs-full_ConsolidatedAndSeparateFinancialStatementsAxis_ifrs-full_ConsolidatedMember,KRW,0,,3621771608952,3621771608952.0,3621771608952.0,,,2021-06-30,,1,ifrs-full:ConsolidatedAndSeparateFinancialStatementsAxis=ifrs-full:ConsolidatedMember,1
000240,반기보고서_(2021.06),20210817002055,2021-08-17,False,revenue_cumulative,2021-06-30,selected,Revenue,http://xbrl.ifrs.org/taxonomy/2019-03-27/ifrs-full,CFY2021dHYA_ifrs-full_ConsolidatedAndSeparateFinancialStatementsAxis_ifrs-full_ConsolidatedMember,KRW,0,,468319316377,468319316377.0,468319316377.0,2021-01-01,2021-06-30,,181.0,1,ifrs-full:ConsolidatedAndSeparateFinancialStatementsAxis=ifrs-full:ConsolidatedMember,1
000240,반기보고서_(2021.06),20210817002055,2021-08-17,False,operating_income_cumulative,2021-06-30,selected,OperatingIncomeLoss,http://dart.fss.or.kr/taxonomy/2019-10-01/ifrs/dart,CFY2021dHYA_ifrs-full_ConsolidatedAndSeparateFinancialStatementsAxis_ifrs-full_ConsolidatedMember,KRW,0,,126982708612,126982708612.0,126982708612.0,2021-01-01,2021-06-30,,181.0,1,ifrs-full:ConsolidatedAndSeparateFinancialStatementsAxis=ifrs-full:ConsolidatedMember,1
000240,반기보고서_(2021.06),20210817002055,2021-08-17,False,net_income_total_cumulative,2021-06-30,selected,ProfitLoss,http://xbrl.ifrs.org/taxonomy/2019-03-27/ifrs-full,CFY2021dHYA_ifrs-full_ConsolidatedAndSeparateFinancialStatementsAxis_ifrs-full_ConsolidatedMember,KRW,0,,115700635825,115700635825.0,115700635825.0,2021-01-01,2021-06-30,,181.0,1,ifrs-full:ConsolidatedAndSeparateFinancialStatementsAxis=ifrs-full:ConsolidatedMember,1
000240,반기보고서_(2021.06),20210817002055,2021-08-17,False,net_income_parent_cumulative,2021-06-30,selected,ProfitLossAttributableToOwnersOfParent,http://xbrl.ifrs.org/taxonomy/2019-03-27/ifrs-full,CFY2021dHYA_ifrs-full_ConsolidatedAndSeparateFinancialStatementsAxis_ifrs-full_ConsolidatedMember,KRW,0,,112792665115,112792665115.0,112792665115.0,2021-01-01,2021-06-30,,181.0,1,ifrs-full:ConsolidatedAndSeparateFinancialStatementsAxis=ifrs-full:ConsolidatedMember,1
000240,반기보고서_(2021.06),20210831001486,2021-08-31,True,assets_total,2021-06-30,selected,Assets,http://xbrl.ifrs.org/taxonomy/2019-03-27/ifrs-full,CFY2021eHYA_ifrs-full_ConsolidatedAndSeparateFinancialStatementsAxis_ifrs-full_ConsolidatedMember,KRW,0,,3935941154579,3935941154579.0,3935941154579.0,,,2021-06-30,,1,ifrs-full:ConsolidatedAndSeparateFinancialStatementsAxis=ifrs-full:ConsolidatedMember,1
000240,반기보고서_(2021.06),20210831001486,2021-08-31,True,liabilities_total,2021-06-30,selected,Liabilities,http://xbrl.ifrs.org/taxonomy/2019-03-27/ifrs-full,CFY2021eHYA_ifrs-full_ConsolidatedAndSeparateFinancialStatementsAxis_ifrs-full_ConsolidatedMember,KRW,0,,314326684668,314326684668.0,314326684668.0,,,2021-06-30,,1,ifrs-full:ConsolidatedAndSeparateFinancialStatementsAxis=ifrs-full:ConsolidatedMember,1
000240,반기보고서_(2021.06),20210831001486,2021-08-31,True,equity_total,2021-06-30,selected,Equity,http://xbrl.ifrs.org/taxonomy/2019-03-27/ifrs-full,CFY2021eHYA_ifrs-full_ConsolidatedAndSeparateFinancialStatementsAxis_ifrs-full_ConsolidatedMember,KRW,0,,3621614469911,3621614469911.0,3621614469911.0,,,2021-06-30,,1,ifrs-full:ConsolidatedAndSeparateFinancialStatementsAxis=ifrs-full:ConsolidatedMember,1
000240,반기보고서_(2021.06),20210831001486,2021-08-31,True,equity_parent,2021-06-30,selected,EquityAttributableToOwnersOfParent,http://xbrl.ifrs.org/taxonomy/2019-03-27/ifrs-full,CFY2021eHYA_ifrs-full_ConsolidatedAndSeparateFinancialStatementsAxis_ifrs-full_ConsolidatedMember,KRW,0,,3619700022470,3619700022470.0,3619700022470.0,,,2021-06-30,,1,ifrs-full:ConsolidatedAndSeparateFinancialStatementsAxis=ifrs-full:ConsolidatedMember,1
000240,반기보고서_(2021.06),20210831001486,2021-08-31,True,revenue_cumulative,2021-06-30,selected,Revenue,http://xbrl.ifrs.org/taxonomy/2019-03-27/ifrs-full,CFY2021dHYA_ifrs-full_ConsolidatedAndSeparateFinancialStatementsAxis_ifrs-full_ConsolidatedMember,KRW,0,,468319316377,468319316377.0,468319316377.0,2021-01-01,2021-06-30,,181.0,1,ifrs-full:ConsolidatedAndSeparateFinancialStatementsAxis=ifrs-full:ConsolidatedMember,1
000240,반기보고서_(2021.06),20210831001486,2021-08-31,True,operating_income_cumulative,2021-06-30,selected,OperatingIncomeLoss,http://dart.fss.or.kr/taxonomy/2019-10-01/ifrs/dart,CFY2021dHYA_ifrs-full_ConsolidatedAndSeparateFinancialStatementsAxis_ifrs-full_ConsolidatedMember,KRW,0,,126982708612,126982708612.0,126982708612.0,2021-01-01,2021-06-30,,181.0,1,ifrs-full:ConsolidatedAndSeparateFinancialStatementsAxis=ifrs-full:ConsolidatedMember,1
000240,반기보고서_(2021.06),20210831001486,2021-08-31,True,net_income_total_cumulative,2021-06-30,selected,ProfitLoss,http://xbrl.ifrs.org/taxonomy/2019-03-27/ifrs-full,CFY2021dHYA_ifrs-full_ConsolidatedAndSeparateFinancialStatementsAxis_ifrs-full_ConsolidatedMember,KRW,0,,115700635825,115700635825.0,115700635825.0,2021-01-01,2021-06-30,,181.0,1,ifrs-full:ConsolidatedAndSeparateFinancialStatementsAxis=ifrs-full:ConsolidatedMember,1
000240,반기보고서_(2021.06),20210831001486,2021-08-31,True,net_income_parent_cumulative,2021-06-30,selected,ProfitLossAttributableToOwnersOfParent,http://xbrl.ifrs.org/taxonomy/2019-03-27/ifrs-full,CFY2021dHYA_ifrs-full_ConsolidatedAndSeparateFinancialStatementsAxis_ifrs-full_ConsolidatedMember,KRW,0,,112792665115,112792665115.0,112792665115.0,2021-01-01,2021-06-30,,181.0,1,ifrs-full:ConsolidatedAndSeparateFinancialStatementsAxis=ifrs-full:ConsolidatedMember,1
