stock_code,period_key,rcept_no,rcept_dt,table_index,ranking_score,base_statement_score,balance_coverage,income_coverage,families,unit_hints,false_positive_hits,score_reason,heading_context,columns_json,assets_rows,liabilities_rows,equity_rows,revenue_rows,operating_income_rows,net_income_rows,rank_within_receipt
000030,반기보고서_(2018.06),20180814002502,2018-08-14,265,14.0,8.0,3,0,assets | equity | liabilities,백만원,,"statement_heading=연결재무상태표,재무상태표 | consolidated_hint=연결,연결재무,종속기업",(단위:백만원) || (주식회사 우리은행과 종속기업) || (1) 요약연결재무상태표 || (1) 요약연결재무상태표 || 가. 요약연결재무정보,"[""과 목 | 과 목"", ""2018년 반기말 | 제 185기 반기"", ""2017년말 | 제 184기"", ""2016년말 | 제 183기""]",자산총계 | 326561330 | 316295461 | 310682727,부채총계 | 305564719 | 295730561 | 290136774,자본총계 | 20996611 | 20564900 | 20545953 || 부채와자본총계 | 326561330 | 316295461 | 310682727,,,,1
000030,반기보고서_(2018.06),20180814002502,2018-08-14,937,12.0,0.0,3,3,assets | equity | liabilities | net_income | operating_income | revenue,백만원,,,(단위 : 백만원) || 다. 최대주주(법인 또는 단체)의 최근 결산기 재무현황,"[""구 분"", ""Unnamed: 1""]",자산총계 | nan,부채총계 | nan,자본총계 | nan,매출액 | nan,영업이익 | nan,당기순이익 | nan,2
000030,반기보고서_(2018.06),20180814002502,2018-08-14,274,9.0,3.0,3,0,assets | equity | liabilities,백만원,,consolidated_hint=종속기업,(단위:백만원) || 주식회사 우리은행과 그 종속기업 || 2016년 12월 31일 현재 || 제183(전전)기 || 제183(전전)기 2016년 12월 31일 현재,"[""과 목"", ""제185(당) 반기"", ""제185(당) 반기.1"", ""제184(전)기"", ""제184(전)기.1"", ""제183(전전)기"", ""제183(전전)기.1""]",자산총계 | nan | 326561330.0 | nan | 316295461.0 | nan | 310682727.0,부채총계 | nan | 305564719.0 | nan | 295730561.0 | nan | 290136774.0,자본총계 | nan | 20996611.0 | nan | 20564900.0 | nan | 20545953.0 || 부채와자본총계 | nan | 326561330.0 | nan | 316295461.0 | nan | 310682727.0,,,,3
000030,반기보고서_(2018.06),20180814002502,2018-08-14,553,9.0,3.0,3,0,assets | equity | liabilities,백만원,,consolidated_hint=종속기업,(단위:백만원) || 주식회사 우리은행 || 제183(전전)기 2016년 12월 31일 현재 || 제184(전)기 2017년 12월 31일 현재,"[""과 목"", ""제185(당) 반기"", ""제185(당) 반기.1"", ""제184(전)기"", ""제184(전)기.1"", ""제183(전전)기"", ""제183(전전)기.1""]",자산총계 | nan | 304499490.0 | nan | 296737571.0 | nan | 290772143.0,부채총계 | nan | 284321725.0 | nan | 276943481.0 | nan | 270919625.0,자본총계 | nan | 20177765.0 | nan | 19794090.0 | nan | 19852518.0 || 부채와자본총계 | nan | 304499490.0 | nan | 296737571.0 | nan | 290772143.0,,,,3
000030,반기보고서_(2018.06),20180814002502,2018-08-14,269,8.0,2.0,3,0,assets | equity | liabilities,백만원,,statement_heading=재무상태표 | consolidated_hint=종속기업 | separate_hint=별도 | note_penalty=요약재무,(단위:백만원) || (주식회사 우리은행) || 1) 요약재무상태표 || 나. 요약별도재무정보 (,"[""과 목 | 과 목"", ""2018년 반기말 | 제185기 반기"", ""2017년말 | 제184기"", ""2016년말 | 제183기""]",자산총계 | 304499490 | 296737571 | 290772143,부채총계 | 284321725 | 276943481 | 270919625,자본총계 | 20177765 | 19794090 | 19852518 || 부채와자본총계 | 304499490 | 296737571 | 290772143,,,,4
000030,반기보고서_(2018.06),20180814002502,2018-08-14,267,7.0,3.0,0,2,net_income | operating_income,백만원,,consolidated_hint=종속기업,(단위:백만원) || (주식회사 우리은행과 종속기업),"[""과 목 | 과 목"", ""2018년 반기중 | 제185기 반기"", ""2017년 반기중 | 제184기 반기"", ""2017년 기중 | 제184기"", ""2016년 기중 | 제183기""]",,,,,I. 영업이익 | 1807715 | 1484228 | 2156742 | 1574206,V. 당기순이익 | 1316316 | 1109015 | 1530088 | 1277533,5
000030,반기보고서_(2018.06),20180814002502,2018-08-14,271,7.0,5.0,0,1,operating_income,백만원,,"statement_heading=손익계산서,포괄손익계산서",(단위:백만원) || (주식회사 우리은행) || 2) 요약포괄손익계산서,"[""과 목 | 과 목"", ""2018년 반기중 | 제185기 반기"", ""2017년 반기중 | 제184기 반기"", ""2017년 기중 | 제184기"", ""2016년 기중 | 제183기""]",,,,,I. 영업이익 | 1623039 | 1298340 | 1790558 | 1270501,,5
000030,반기보고서_(2018.06),20180814002502,2018-08-14,164,6.0,0.0,0,3,net_income | operating_income | revenue,백만원,,,(단위 : 백만원) || 가.영업실적 || 업 종류별 현황,"[""구 분"", ""2018년 6월 (제47기 반기)"", ""2017년 (제46기)"", ""2016년 (제45기)""]",,,,영업수익 | 108452 | 183595 | 177379,영업이익(손실) | 17000 | 23254 | 21364,당기순이익(손실) | 16178 | 21742 | 23876,6
000030,반기보고서_(2018.06),20180814002502,2018-08-14,262,6.0,0.0,3,0,assets | equity | liabilities,억원,,,(단위 : 억원) || 황 || 나. 종류별 영업현,"[""0"", ""1"", ""2"", ""3"", ""4""]",자산총계 | 자산총계 | 7782 | 7867 | 7851,부채총계 | 부채총계 | 3.0 | 3.0 | 3.0,자본총계 | 자본총계 | 7780 | 7864 | 7847,,,,6
000030,반기보고서_(2018.06),20180814002502,2018-08-14,278,5.0,3.0,0,1,operating_income,백만원,,consolidated_hint=종속기업,(단위:백만원) || 주식회사 우리은행과 그 종속기업 || 제183(전전)기 2016년 01월 01일부터 2016년 12월 31일까지 || 제184(전)기 2017년 01월 01일부터 2017년 12월 31일까지,"[""과 목"", ""제185(당) 반기"", ""제185(당) 반기.1"", ""제184(전) 반기"", ""제184(전) 반기.1"", ""제184(전)기"", ""제184(전)기.1"", ""제183(전전)기"", ""제183(전전)기.1""]",,,,,I. 영업이익 | nan | 1807715 | nan | 1484228 | nan | 2156742 | nan | 1574206,,7
000030,반기보고서_(2018.06),20180814002502,2018-08-14,282,5.0,3.0,0,1,net_income,백만원,,consolidated_hint=종속기업,(단위:백만원) || 주식회사 우리은행과 그 종속기업 || 제183(전전)기 2016년 01월 01일부터 2016년 12월 31일까지 || 제184(전)기 2017년 01월 01일부터 2017년 12월 31일까지,"[""과 목"", ""자 본 금"", ""신종자본 증권"", ""자본 잉여금"", ""기타자본 등"", ""이익 잉여금"", ""지배기업 소유주지분 합계"", ""비지배 지분"", ""총 계""]",,,,,,당기순이익 | - | - | - | - | 1261266 | 1261266 | 16267 | 1277533 || 당기순이익 | - | - | - | - | 1512148 | 1512148 | 17940 | 1530088 || 반기순이익 | - | - | - | - | 1098361 | 1098361 | 10654 | 1109015 || 반기순이익 | - | - | - | - | 1305878 | 1305878 | 10438 | 1316316,7
000030,반기보고서_(2018.06),20180814002502,2018-08-14,560,5.0,3.0,0,1,operating_income,백만원,,consolidated_hint=종속기업,(단위:백만원) || 주식회사 우리은행 || 제183(전전)기 2016년 01월 01일부터 2016년 12월 31일까지 || 제184(전)기 2017년 01월 01일부터 2017년 12월 31일까지,"[""과 목"", ""제 185(당) 반기"", ""제 185(당) 반기.1"", ""제 184(전) 반기"", ""제 184(전) 반기.1"", ""제 184(전)기"", ""제 184(전)기.1"", ""제 183(전전)기"", ""제 183(전전)기.1""]",,,,,I. 영업이익 | nan | 1623039 | nan | 1298340 | nan | 1790558 | nan | 1270501,,7
000030,반기보고서_(2018.06),20180814002502,2018-08-14,964,5.0,3.0,0,1,net_income,백만원,,consolidated_hint=연결,(단위 : 백만원) || 2) 산정기준 및 방법 || 2) 산정기준 및 방법 || 해당사항 없음,"[""이름"", ""보수의 종류"", ""보수의 종류.1"", ""총액"", ""산정기준 및 방법""]",,,,,,"손태승 | 근로소득 | 상여 | 187 | 상여금액은 2017년 재임기간에 대한 기본성과급과 2014년 재임기간에 대한 이연성과급이 포함되어 있음 보상위원회에서 결의된 경영진 보수지급기준에 따라 BIS자기자본비율과 같은 자본적정성 지표, 총자산이익률, 자기자본이익률과 같은 수익성 지표, 고정이하여신비율과 같은 건전성 지표 등으로 구성된 재무지표와 경영과제, 그룹 경영 관리, 대 이사회 관계, 윤리경영 등으로 구성된 비재무지표를 종합적으로 평가하여 평가대상기간 다음 해에 기본성과급을 40%의 비율로 지급하고, 장기달성도를 고려하여 3년이 지난 시점에 이연성과급을 60% 비율로 지급 재무지표와 관련하여 연결기준 당기순이익이 1조 5,121억원으로 전년대비 19.9% 증가한 점, 부실우려자산 감축 등을 통한 철저한 리스크 관리로 2017년말 고정이하여신비율 0.83% 등 자산건전성이 양호하게 유지되고 있는 점 등이 성과에 반영됨 비재무지표와 관련해서는 활동성 고객 및 PB 고객 증대 등으로 고객기반을 확대, 동남아 중심 글로벌 Business 성장으로 국내은행 최다 글로벌 네트워크를 달성(301개), 자산관리 관련 주요상품 판매 확대 등으로 비이자이익을 증대, 우량자산 지속 증대 및 선제적 리스크 관리로 건전성을 개선, 非은행 부문 사업 포트폴리오를 강화한 점과 뱅커誌 '2017 아시아 최우수은행(Bank of the year in Asia-Pacific 2017)'으로 선정된 점 등을 반영하여 성과급 187백만원을 산출·지급하였음",7
000030,반기보고서_(2018.06),20180814002502,2018-08-14,137,4.0,0.0,0,2,net_income | revenue,억원,,,(단위 : 억원) || (단위 : 억원) || 가.영업실적,"[""구 분"", ""2018년 6월 (제6기 반기)"", ""2017년 (제5기)"", ""2016년 (제4기)""]",,,,영업수익 | 9447 | 17670 | 15515,,당기순이익 | 676 | 1012 | 1094,8
000030,반기보고서_(2018.06),20180814002502,2018-08-14,339,4.0,0.0,0,2,net_income | operating_income,백만원,,,"<제184(전)기 반기> || 1,316,316 || (39,899) || 1,356,215 || 191,433 || 67,618 || 32,197 || 114,354","[""(단위:백만원) | 영업부문항목명"", ""(단위:백만원) | 개인금융"", ""(단위:백만원) | 기업금융"", ""(단위:백만원) | 투자금융"", ""(단위:백만원) | 자금시장"", ""(단위:백만원) | 신용카드"", ""(단위:백만원) | 본사/기타"", ""(단위:백만원) | 보고부문합계"", ""(단위:백만원) | 조정"", ""(단위:백만원) | 합 계""]",,,,,영업이익 | 218089 | 616524 | 121897 | 54434 | 84079 | 380952 | 1475975 | 8253 | 1484228,"반기순이익 | 172028 | 474264 | 109514 | 41261 | 61864 | 303931 | 1162862 | (53,847) | 1109015",8
000030,반기보고서_(2018.06),20180814002502,2018-08-14,607,4.0,0.0,0,2,net_income | operating_income,백만원,,,"<제184(전)기 반기> || 1,204,815 || - || 1,204,815 || 107,651 || 32,197 || 114,354 || 698,770","[""(단위:백만원) | 영업부문항목명"", ""(단위:백만원) | 개인금융"", ""(단위:백만원) | 기업금융"", ""(단위:백만원) | 투자금융"", ""(단위:백만원) | 자금시장"", ""(단위:백만원) | 본사/기타"", ""(단위:백만원) | 보고부문 합계"", ""(단위:백만원) | 조정"", ""(단위:백만원) | 합 계""]",,,,,영업이익 | 218088 | 616525 | 121897 | 54434 | 287396 | 1298340 | - | 1298340,반기순이익 | 172028 | 474265 | 109514 | 41261 | 207358 | 1004426 | - | 1004426,8
000030,반기보고서_(2018.06),20180814002502,2018-08-14,65,2.0,-4.0,0,3,net_income | operating_income | revenue,억원,,note_penalty=부문별,(단위 : 억원) || (1) 부문별 수지상황 || 가. 영업실적,"[""0"", ""1"", ""2"", ""3"", ""4"", ""5""]",,,,기타 영업부문 | 기타 영업수익 | 소 계 | 57244 | 131052 | 132205 || 기타 영업부문 | 기타 영업수익 | 유가증권관련수익 | 1064 | 2575 | 1229 || 기타 영업부문 | 기타 영업수익 | 외환거래이익 | 8474 | 33911 | 47918 || 기타 영업부문 | 기타 영업수익 | 충당금환입액 | 861 | 348 | 423 || 기타 영업부문 | 기타 영업수익 | 파생금융상품관련이익 | 43876 | 88569 | 75718,영업이익 | 영업이익 | 영업이익 | 18077 | 21567 | 15742 || 법인세비용차감전 계속영업이익 | 법인세비용차감전 계속영업이익 | 법인세비용차감전 계속영업이익 | 18015 | 19495 | 15534 || 중단영업이익 | 중단영업이익 | 중단영업이익 | - | - | -,당기순이익 | 당기순이익 | 당기순이익 | 13163 | 15301 | 12775,9
000030,반기보고서_(2018.06),20180814002502,2018-08-14,84,2.0,0.0,0,1,revenue,나,,,품 || 1)기업수신상 || 2) 기업상품 || (,"[""0"", ""1"", ""2""]",,,,우리동네사장님 적금 | 신용카드 가맹점 결제계좌 이용 고객에게 우대금리 및 부대서비스를 제공하는 적립식 예금 상품 (우대금리 제공 및 가맹점 매출액 일정비율 자동 적립 서비스 등 혜택 제공) | -가입대상 : 실명의 개인사업자(1인 1계좌) -정기적립식 및 자유적립식 계좌 운용,,,9
000030,반기보고서_(2018.06),20180814002502,2018-08-14,135,2.0,0.0,1,0,equity,백만원,,,(단위 : 백만원) || (단위 : 백만원) || 다. 자금조달 및 운영실적,"[""0"", ""1"", ""2"", ""3"", ""4"", ""5"", ""6"", ""7"", ""8"", ""9"", ""10"", ""11""]",,,조달 | 기타 | 자본총계 | 1585123 | 17.2 | - | 1538755 | 18.5 | - | 1370683 | 18.8 | -,,,,9
000030,반기보고서_(2018.06),20180814002502,2018-08-14,197,2.0,0.0,0,1,revenue,천미불,,,(단위 : 천미불) || 황 || 나. 종류별 영업현 || 나. 종류별 영업현 황,"[""0"", ""1"", ""2"", ""3""]",,,,영업수익 | 34732 | 64207 | 58034,,,9
000030,반기보고서_(2018.06),20180814002502,2018-08-14,203,2.0,0.0,0,1,revenue,천미불,,,(단위 : 천미불) || (단위 : 천미불) || 황 || 나. 종류별 영업현,"[""0"", ""1"", ""2"", ""3""]",,,,영업수익 | 47416 | 76746 | 93182,,,9
000030,반기보고서_(2018.06),20180814002502,2018-08-14,213,2.0,0.0,0,1,revenue,천미불,,,(단위 : 천미불) || 황 || 나. 종류별 영업현,"[""0"", ""1"", ""2"", ""3""]",,,,영업수익 | 54248 | 96147 | 81549,,,9
000030,반기보고서_(2018.06),20180814002502,2018-08-14,220,2.0,0.0,0,1,revenue,천미불,,,(단위 : 천미불) || (단위 : 천미불) || 황,"[""0"", ""1"", ""2"", ""3""]",,,,영업수익 | 5350 | 10258 | 11529,,,9
000030,반기보고서_(2018.06),20180814002502,2018-08-14,227,2.0,0.0,0,1,revenue,천미불,,,(단위 : 천미불) || (단위 : 천미불),"[""0"", ""1"", ""2"", ""3""]",,,,영업수익 | 3393 | 6955 | 8430,,,9
000030,반기보고서_(2018.06),20180814002502,2018-08-14,234,2.0,0.0,0,1,revenue,천미불,,,(단위 : 천미불) || (단위 : 천미불) || 나. 종류별 영업현황,"[""0"", ""1"", ""2"", ""3""]",,,,영업수익 | 4038 | 9196 | 7372,,,9
000030,반기보고서_(2018.06),20180814002502,2018-08-14,241,2.0,0.0,0,1,revenue,천미불,,,(단위 : 천미불) || (단위 : 천미불) || 나. 종류별 영업현황 || 나. 종류별 영업현황,"[""0"", ""1"", ""2"", ""3""]",,,,영업수익 | 12909 | 16268 | -,,,9
000030,반기보고서_(2018.06),20180814002502,2018-08-14,248,2.0,0.0,0,1,revenue,천미불,,,(단위 : 천미불) || (단위 : 천미불) || 나. 종류별 영업현황,"[""0"", ""1"", ""2"", ""3""]",,,,영업수익 | 12712 | - | -,,,9
000030,반기보고서_(2018.06),20180814002502,2018-08-14,260,2.0,0.0,0,1,net_income,억원,,,(단위 : 억원) || 가. 영업실적,"[""0"", ""1"", ""2"", ""3""]",,,,,,당기순이익 | 130.3 | 262.7 | 297.2,9
000030,반기보고서_(2018.06),20180814002502,2018-08-14,498,2.0,0.0,0,1,net_income,백만원,,,"(2) 대손준비금 전입액 및 대손준비금 반영후 조정이익 등 당반기 및 전반기 중 대손준비금 전입필요액 및 대손준비금 반영후 조정이익 등은 다음과 같습니다. || 2,578,457 || 2,353,543 || 대손준비금 잔액 || 140,266 || (224,914) || 예정액 || 대손준비금 전입(환입)","[""(단위:백만원) | 구 분 | 구 분"", ""(단위:백만원) | 제185(당)기 반기 | 3개월"", ""(단위:백만원) | 제185(당)기 반기 | 누적"", ""(단위:백만원) | 제184(전)기 반기 | 3개월"", ""(단위:백만원) | 제184(전)기 반기 | 누적""]",,,,,,대손준비금 반영전 반기순이익 | 721796 | 1316316 | 466284 | 1109015,9
000030,반기보고서_(2018.06),20180814002502,2018-08-14,566,2.0,0.0,0,1,net_income,백만원,,,(단위:백만원) || 주식회사 우리은행 || 제183(전전)기 2016년 01월 01일부터 2016년 12월 31일까지 || 제184(전)기 2017년 01월 01일부터 2017년 12월 31일까지 || 제184(전) 반기 2017년 01월 01일부터 2017년 6월 30일까지 || 제185(당) 반기 2018년 01월 01일부터 2018년 6월 30일까지 || 자 본 변 동 표,"[""과 목"", ""자 본 금"", ""신종자본증권"", ""자본잉여금"", ""기타자본"", ""이익잉여금"", ""총 계""]",,,,,,당기순이익 | - | - | - | - | 1065602 | 1065602 || 당기순이익 | - | - | - | - | 1276112 | 1276112 || 반기순이익 | - | - | - | - | 1004426 | 1004426 || 반기순이익 | - | - | - | - | 1204815 | 1204815,9
000030,반기보고서_(2018.06),20180814002502,2018-08-14,764,2.0,0.0,0,1,net_income,백만원,,,"(2) 대손준비금 전입액 및 대손준비금 반영후 조정이익 등 당반기 및 전반기 중 대손준비금 전입필요액 및 대손준비금 반영후 조정이익 등은 다음과 같습니다. || 2,091,721 || 1,912,848 || 대손준비금 잔액 || 74,379 || (178,873) || 예정액 || 대손준비금 전입(환입)","[""(단위:백만원) | 구 분 | 구 분"", ""(단위:백만원) | 제185(당)기 반기 | 3개월"", ""(단위:백만원) | 제185(당)기 반기 | 누적"", ""(단위:백만원) | 제184(전)기 반기 | 3개월"", ""(단위:백만원) | 제184(전)기 반기 | 누적""]",,,,,,대손준비금 반영전 반기순이익 | 658828 | 1204815 | 402523 | 1004426,9
000030,반기보고서_(2018.06),20180814002502,2018-08-14,85,0.0,3.0,0,1,revenue,,여신상품,"statement_heading=손익계산서 | separate_hint=개별,별도",) 기업여신상품 || 2 || 2 ) 기업여신상품 || -가입대상 : 사업자 등록증이 있는 개인사업자 및 중소기업기본법 제2조의 중소기업에 해당 하는 법인(1인 1계좌),"[""0"", ""1"", ""2"", ""3""]",,,,"우리 상생파트너론 | -주계약업체: 당행 신용등급 A- 이상인 구매기업 -협력업체 : 구매기업의 1차, 2차, 3차 협력기업 | -주계약업체:최근 결산일 현재 손익계산서의 과거 1년간 매출액의 1/2 범위 이내 -협력업체:수취한 외상매출채권 금액 범위내 | -주계약업체 : 1년 -협력업체:주계약업체 약정기일까지 || 결제성대출 조달청 네트워크론 | -조달청과 납품계약을 체결한 협력기업 | -한도거래: 연간 매출액의 1/2 이내 外 -건별거래 : 개별 계약서(발주서 포함) 근거 (계약금액 - 납품금액 - 감가액 - 선금미청산액)의 80% 이내 | - 한도 : 1년 이내 - 건별 : 납품기한으로부터 60일 || 결제성대출 우리전자어음 대출 | -대상어음: 경상적 영업활동으로 이루어지는 재화 및 용역의 거래에 수반하여 발행된 전자상업어음 -발행인: 자산 100억원 이상 외감 기업으로 신용등급 BBB-이상 기업 -할인의뢰인 : 신용등급 BB(소호6 등급) 이상 기업 | - 과거 1년간 받을어음금액 범위 내 - 과거 1년간 매출액의 1/2 범위 내 - 부가가치세 확정(예정)신고서에 의한 최근 6개월 매출액 범위 내 -납품계약서 등에 의해 확인된 금액 범위 내 -보증기금 보증서상 대출예정금액 범위 내 | - 우리은행에서 정한 여신업무지침 준용",,,10
000030,반기보고서_(2018.06),20180814002502,2018-08-14,573,0.0,-2.0,0,1,net_income,백만원,,separate_hint=별도,(단위: 백만원) || 주식회사 우리은행 || 처분확정일 : 2017년 3월 24일 || 제 183(전전)기 2016년 1월 1일부터 2016년 12월 31일까지 || 처분확정일 : 2018년 3월 23일 || 제 184(전)기 2017년 1월 1일부터 2017년 12월 31일까지,"[""구 분"", ""제184(전)기"", ""제184(전)기.1"", ""제183(전전)기"", ""제183(전전)기.1""]",,,,,,2. 당기순이익 | 1276112 | nan | 1065602 | nan,10
000030,반기보고서_(2018.06),20180814002502,2018-08-14,760,0.0,-2.0,0,1,net_income,,,separate_hint=별도,"은행은 2001년 귀속 조세감면분까지 조세특례제한법에 따라 기업합리화적립금을 적립하였으나, 2002년부터 동 규정이 삭제되어 더이상 적립의무는 없습니다. || 기업합리화적립금 || 3) || 기타준비금은 일본, 베트남 및 방글라데시 소재지점에서 현지 법규에 따라 적립한 준비금으로 현지소재지점의 결손보전을 위해 사용할 수 있습니다. || 기타준비금 || 2)","[""0"", ""1""]",,,,,,"nan | 은행은 2002년부터 2014년까지 금융감독원의 권고에 따라 단순자기자본비율이 100분의 5.5에 달할 때까지 매 보고기간의 당기순이익에서 이월결손금을 차감한 금액의 100분의 10이상을 재무구조개선적립금으로 적립하였고, 동 적립금은 결손보전과 자본전입 이외의 사용이 제한되었습니다. 한편, 2015년부터 동 적립금의 적립 및 처분은 은행의 자율적 판단사항입니다.",10
000030,반기보고서_(2018.06),20180814002502,2018-08-14,53,-2.0,1.0,0,1,net_income,,배당,consolidated_hint=연결 | separate_hint=별도,"나. 최근 3사업연도 배당에 관한 사항 || 사업년도 개시일 이후 제1항의 기준일 이전에 신주를 발행한 경우(준비금의 자본전입, 주식배당, 전환사채의 전환청구, 신주인수권부사채의 신주인수권 행사. 주식매수선택 권 행사의 경우를 포함한다)에는 중간배당에 관해서는 당해 신주는 직전사업년도 말 에 발행된 것으로 봅니다. 4) 중간배당을 할 때에는 정관 제6조의 우선주식에 대하여도 보통주식과 동일한 배 당률을 적용합니다. 5) 당해 결산기에 이익이 예상되지 않는 경우에는 중간배당을 하여서는 아니됩니다. || 3) || 5. 중간배당에 따라 당해 결산기에 적립하여야 할 이익준비금","[""구 분 | 구 분"", ""주식의 종류 | 주식의 종류"", ""당기 | 제185기 반기"", ""전기 | 제184기"", ""전전기 | 제183기""]",,,,,,(연결)당기순이익(백만원) | (연결)당기순이익(백만원) | nan | nan | nan || (별도)당기순이익(백만원) | (별도)당기순이익(백만원) | nan | nan | nan,11
000030,반기보고서_(2018.06),20180814002502,2018-08-14,525,-2.0,-4.0,0,1,net_income,백만원,,note_penalty=주석,"당반기 및 전반기 지배기업소유주지분 기본주당순이익은 지배기업소유주지분순이익을 가중평균유통보통주식수로 나누어 산정하였습니다. || 43. 주당이익 || 주석 - 계속 || (43,199) || 106,218 || 합 계 || (248) || 1,735","[""(단위:백만원, 백만주) | 구 분 | 구 분"", ""(단위:백만원, 백만주) | 제185(당)기 반기 | 3개월"", ""(단위:백만원, 백만주) | 제185(당)기 반기 | 누적"", ""(단위:백만원, 백만주) | 제184(전)기 반기 | 3개월"", ""(단위:백만원, 백만주) | 제184(전)기 반기 | 누적""]",,,,,,지배기업 보통주에 귀속되는 반기순이익 | 716142 | 1305878 | 460888 | 1098361,11
000030,반기보고서_(2018.06),20180814002502,2018-08-14,791,-2.0,-4.0,0,1,net_income,백만원,,note_penalty=주석,"당반기 및 전반기 기본주당순이익은 보통주에 귀속되는 당기순이익을 가중평균유통보통주식수로 나누어 산정하였습니다. || 43. 주당이익 || 주석 - 계속 || (40,582) || 111,122 || 합 계 || 52,298 || 74,429","[""(단위:백만원, 백만주) | 구 분 | 구 분"", ""(단위:백만원, 백만주) | 제185(당)기 반기 | 3개월"", ""(단위:백만원, 백만주) | 제185(당)기 반기 | 누적"", ""(단위:백만원, 백만주) | 제184(전)기 반기 | 3개월"", ""(단위:백만원, 백만주) | 제184(전)기 반기 | 누적""]",,,,,,보통주에 귀속되는 반기순이익 | 658828 | 1204815 | 402523 | 1004426,11
000030,반기보고서_(2018.06),20180814002502,2018-08-14,338,-5.0,-4.0,0,2,net_income | operating_income,백만원,영업부문,"note_penalty=부문별,영업부문,주석","<제185(당)기 반기> || 주석 - 계속 당반기 및 전반기 중 영업부문별 손익의 구성내용은 다음과 같습니다. || 상기 영업부문에 해당되지 않는 부문 || 본사/기타 || 신용카드, 현금서비스 및 카드론 등 || 신용카드 || 자금관리, 유가증권 및 파생상품 투자업무 등 || 자금시장","[""(단위:백만원) | 영업부문항목명"", ""(단위:백만원) | 개인금융"", ""(단위:백만원) | 기업금융"", ""(단위:백만원) | 투자금융"", ""(단위:백만원) | 자금시장"", ""(단위:백만원) | 신용카드"", ""(단위:백만원) | 본사/기타"", ""(단위:백만원) | 보고부문합계"", ""(단위:백만원) | 조정"", ""(단위:백만원) | 합 계""]",,,,,"영업이익 | 357260 | 958285 | 140320 | 44409 | 93147 | 226138 | 1819559 | (11,844) | 1807715","반기순이익 | 251843 | 698770 | 114354 | 32197 | 67618 | 191433 | 1356215 | (39,899) | 1316316",12
000030,반기보고서_(2018.06),20180814002502,2018-08-14,606,-5.0,-4.0,0,2,net_income | operating_income,백만원,영업부문,"note_penalty=부문별,영업부문,주석","주석 - 계속 당반기 및 전반기 중 영업부문별 손익의 구성내용은 다음과 같습니다. <제185(당)기 반기> || 상기 영업부문에 해당되지 않는 부문 || 본사/기타 || 자금관리, 유가증권 및 파생상품 투자업무 등 || 자금시장 || 국내외투자, 구조화 금융, M&A, Equity 및 펀드 투자 관련 업무, Venture 자문관련업무, 부동산 SOC 개발 업무 등 || 투자금융","[""(단위:백만원) | 영업부문항목명"", ""(단위:백만원) | 개인금융"", ""(단위:백만원) | 기업금융"", ""(단위:백만원) | 투자금융"", ""(단위:백만원) | 자금시장"", ""(단위:백만원) | 본사/기타"", ""(단위:백만원) | 보고부문 합계"", ""(단위:백만원) | 조정"", ""(단위:백만원) | 합 계""]",,,,,영업이익 | 357260 | 958285 | 140320 | 44409 | 122765 | 1623039 | - | 1623039,반기순이익 | 251843 | 698770 | 114354 | 32197 | 107651 | 1204815 | - | 1204815,12
000030,반기보고서_(2018.06),20180814002502,2018-08-14,495,-7.0,-4.0,0,1,net_income,백만원,배당,note_penalty=주석,"(2) 당반기 및 전반기 중 이익잉여금의 변동내용은 다음과 같습니다. || 주석 - 계속 || 주석 - 계속 || 한국채택국제회계기준 도입 시 전환일에 발생한 부동산에 대한 재평가차익을 보완자본으로 인정받기 위하여 은행업감독업무시행세칙 별표3에 따라 이사회의 결의로 배당제한한 금액입니다. || 재평가차액준비금 || 7) || 은행업감독규정 제29조 제1항 및 제2항에 따라 한국채택국제회계기준에 따른 대손충당금이 은행업감독규정에서 정한 대손충당금에 미달하는 경우, 적립하는 준비금으로 배당이 제한됩니다.","[""(단위:백만원) | 구 분"", ""(단위:백만원) | 제185(당)기 반기(*)"", ""(단위:백만원) | 제184(전)기 반기""]",,,,,,지배기업소유주지분 반기순이익 | 1305878 | 1098361,13
000030,반기보고서_(2018.06),20180814002502,2018-08-14,761,-7.0,-4.0,0,1,net_income,백만원,배당,note_penalty=주석,"주석 - 계속 (2) 당반기 및 전반기 중 이익잉여금의 변동내용은 다음과 같습니다. || 한국채택국제회계기준 도입 시 전환일에 발생한 부동산에 대한 재평가차익을 보완자본으로 인정받기 위하여 은행업감독업무시행세칙 별표3에 따라 이사회의 결의로 배당제한한 금액입니다. || 재평가차액준비금 || 7) || 은행업감독규정 제29조 제1항 및 제2항에 따라 한국채택국제회계기준에 따른 대손충당금이 은행업감독규정에서 정한 대손충당금에 미달하는 경우, 적립하는 준비금으로 배당이 제한됩니다. || 대손준비금","[""(단위:백만원) | 구 분"", ""(단위:백만원) | 제185(당)기 반기(*)"", ""(단위:백만원) | 제184(전)기 반기""]",,,,,,반기순이익 | 1204815 | 1004426,13
000030,반기보고서_(2018.06),20180814002502,2018-08-14,494,-9.0,-6.0,0,1,net_income,,배당,separate_hint=별도 | note_penalty=주석,"주석 - 계속 || 기타준비금은 일본, 베트남 및 방글라데시 소재지점에서 현지 법규에 따라 적립한 준비금으로 현지소재지점의 결손보전을 위해 사용할 수 있습니다. || 기타준비금 || 2) || 이익준비금은 은행법 제40조의 규정에 따라 납입자본금에 달할 때까지 배당시 법인세비용차감후순이익의 10분의 1 이상을 적립한 것입니다. 동 준비금은 결손보전과 자본전입이외에는 사용할 수 없습니다. || 이익준비금","[""0"", ""1""]",,,,,,"nan | 은행은 2002년부터 2014년까지 금융감독원의 권고에 따라 단순자기자본비율이 100분의 5.5에 달할 때까지 매 보고기간의 당기순이익에서 이월결손금을 차감한 금액의 100분의 10이상을 재무구조개선적립금으로 적립하였고, 동 적립금은 결손보전과 자본전입 이외의 사용이 제한되었습니다. 한편, 2015년부터 동 적립금의 적립 및 처분은 은행의 자율적 판단사항입니다.",14
000060,반기보고서_(2020.06),20200814001271,2020-08-14,668,15.0,3.0,3,3,assets | equity | liabilities | net_income | operating_income | revenue,백만원,,statement_heading=재무제표 | separate_hint=개별,"(단위 : 백만원) || 주식회사메리츠금융지주 || 주식회사메리츠금융지주 || 주1) 상기 현황은 ㈜메리츠금융지주의 제11기 1분기보고서(공시일자: 2020.05.15) 상의 개별재무제표 기준임 주2) BS 기준일 : 2020.03.31, IS 기준일 : 2020.01.01 ~ 2020.03.31","[""구 분 | 구 분"", ""제10기 1분기 | (2019년 3월말)"", ""제10기 기말 | (2019년 12월말)"", ""제9기 기말 | (2018년 12월말)""]",자산총계 | 1623634 | 1594304 | 1572967,부채총계 | 398468 | 395860 | 394083,자본총계 | 1225166 | 1198444 | 1178884,영업수익 | 117541 | 150484 | 158340,영업이익 | 112105 | 130403 | 138381,당기순이익 | 110850 | 124561 | 129758,1
000060,반기보고서_(2020.06),20200814001271,2020-08-14,666,12.0,0.0,3,3,assets | equity | liabilities | net_income | operating_income | revenue,백만원,,,(단위 : 백만원) || (2) 최대주주인 법인의 재무현황,"[""구 분"", ""Unnamed: 1""]",자산총계 | nan,부채총계 | nan,자본총계 | nan,매출액 | nan,영업이익 | nan,당기순이익 | nan,2
000060,반기보고서_(2020.06),20200814001271,2020-08-14,71,9.0,3.0,0,3,net_income | operating_income | revenue,백만원,,consolidated_hint=연결,(단위 : 백만원),"[""구 분"", ""제 100기 반기"", ""제 99기"", ""제 98기""]",,,,[영업수익] | 5592241 | 10117987 | 8418179,[영업이익] | 292505 | 352756 | 312734,[연결당기순이익] | 209833 | 301296 | 234721,3
000060,반기보고서_(2020.06),20200814001271,2020-08-14,82,9.0,3.0,0,3,net_income | operating_income | revenue,원,,"consolidated_hint=연결,종속기업",(단위 : 원) || 메리츠화재해상보험주식회사와 그 종속기업 || 06월 30일까지 || 01일부터 2019년 || 01월 || 반기 2019년 || 제 99 기,"[""과목 | 과목"", ""주석 | 주석"", ""당반기 | 3개월"", ""당반기 | 누적"", ""전반기 | 3개월"", ""전반기 | 누적""]",,,,Ⅰ. 영업수익 | nan | 2711119012136 | 5592241326173 | 2451652402676 | 4785346415612 || 7. 기타영업수익 | 20.0 | 29047733469 | 248306434076 | 96392596283 | 201933423788,Ⅲ. 영업이익 | nan | 146220101537 | 292504882891 | 117626192991 | 218350346531,"Ⅷ. 연결반기순이익 대손준비금 반영후 조정이익 비상위험준비금 반영후 조정이익 | nan | 106213200111 | 209,833,392,097 208,113,220,193 203,304,920,079 | 85140355224 | 158,650,837,487 153,843,567,117 149,156,498,714 || 1. 지배주주지분반기순이익 | nan | 106579537145 | 209309959857 | 85005647472 | 158127048835 || 2. 비지배주주지분반기순이익 | nan | (366,337,034) | 523432240 | 134707752 | 523788652",3
000060,반기보고서_(2020.06),20200814001271,2020-08-14,75,6.0,0.0,0,3,net_income | operating_income | revenue,백만원,,,(단위 : 백만원),"[""구 분"", ""제 100기 반기"", ""제 99기"", ""제 98기""]",,,,[영업수익] | 5570539 | 10058869 | 8391469,[영업이익] | 297372 | 312421 | 352960,[당기순이익] | 213404 | 271182 | 260043,4
000060,반기보고서_(2020.06),20200814001271,2020-08-14,361,6.0,0.0,0,3,net_income | operating_income | revenue,원,,,(단위 : 원) || 메리츠화재해상보험주식회사 || 06월 30일까지 || 01일부터 2019년 || 01월 || 반기 2019년 || 제 99 기,"[""과목 | 과목"", ""주석 | 주석"", ""당반기 | 3개월"", ""당반기 | 누적"", ""전반기 | 3개월"", ""전반기 | 누적""]",,,,"Ⅰ. 영업수익 | nan | 2711047407188 | 5570538613883 | 2440992463198 | 4750300795761 || 7. 기타영업수익 | 20, 22 | 34689453384 | 244448489277 | 95238121034 | 200841045109",Ⅲ. 영업이익 | nan | 145657501392 | 297371674131 | 97710472838 | 188070450311,"Ⅷ. 반기순이익 대손준비금 반영후 조정이익 비상위험준비금 반영후 조정이익 | nan | 105,763,051,859 104,425,380,342 102,156,102,422 | 213,404,087,482 211,683,915,578 206,875,615,464 | 70,340,409,289 66,459,759,717 66,995,196,713 | 136,142,897,669 131,335,627,299 126,648,558,896",4
000060,반기보고서_(2020.06),20200814001271,2020-08-14,86,5.0,3.0,0,1,net_income,원,,"consolidated_hint=연결,종속기업",(단위 : 원) || 메리츠화재해상보험주식회사와 그 종속기업 || 06월 30일까지 || 01일부터 2019년 || 01월 || 반기 2019년 || 제 99 기,"[""과목"", ""주석"", ""자본금"", ""연결자본잉여금"", ""연결자본조정"", ""연결기타포괄손익누계액"", ""연결이익잉여금"", ""지배주주지분 소계"", ""비지배주주지분"", ""총계""]",,,,,,연결반기순이익 | nan | - | - | - | - | 158127048835 | 158127048835 | 523788652 | 158650837487 || 연결반기순이익 | nan | - | - | - | - | 209309959857 | 209309959857 | 523432240 | 209833392097,5
000060,반기보고서_(2020.06),20200814001271,2020-08-14,24,3.0,6.0,0,1,net_income,,배당,statement_heading=재무제표 | consolidated_hint=연결 | separate_hint=별도,"나. 최근 3사업연도 배당에 관한 사항 || ③ 배당금의 지급청구권은 5년간 이를 행사하지 아니하면 소멸시효가 완성한다. || ② 분기배당의 배당금은 이사회 결의가 있은 날로부터 20일 이내에 지급한다. || ① 배당금은 재무제표의 승인이 있은 날로부터 1개월 이내에 지급한다. 단, 주주총회에서 지급시기를 따로 정한 경우에는 그에 따른다.","[""구 분 | 구 분"", ""주식의 종류 | 주식의 종류"", ""당기 | 제99기"", ""전기 | 제98기"", ""전전기 | 제97기""]",,,,,,(연결)당기순이익(백만원) | (연결)당기순이익(백만원) | nan | nan | nan || (별도)당기순이익(백만원) | (별도)당기순이익(백만원) | nan | nan | nan,6
000060,반기보고서_(2020.06),20200814001271,2020-08-14,319,2.0,0.0,0,1,revenue,백만원,,,"(단위: 백만원) || (1) 당반기와 전반기 중 기타영업수익의 내역은 다음과 같습니다. || 20. 기타영업수익 및 기타영업비용 || 20. 기타영업수익 및 기타영업비용 (1) 당반기와 전반기 중 기타영업수익의 내역은 다음과 같습니다. || 17,156 || 5,773","[""구 분 | 구 분"", ""당반기 | 3개월"", ""당반기 | 누적"", ""전반기 | 3개월"", ""전반기 | 누적""]",,,,기타영업수익 | 353 | 442 | 30 | 51,,,7
000060,반기보고서_(2020.06),20200814001271,2020-08-14,365,2.0,0.0,0,1,net_income,원,,,(단위 : 원) || 메리츠화재해상보험주식회사 || 6월 30일까지 || 0 || 1일부터 2019년 || 0 || 1월 || 0,"[""과목"", ""주석"", ""자본금"", ""자본잉여금"", ""자본조정"", ""기타포괄손익누계액"", ""이익잉여금"", ""총계""]",,,,,,반기순이익 | nan | - | - | - | - | 136142897669 | 136142897669 || 반기순이익 | nan | - | - | - | - | 213404087482 | 213404087482,7
000060,반기보고서_(2020.06),20210115000067,2021-01-15,674,15.0,3.0,3,3,assets | equity | liabilities | net_income | operating_income | revenue,백만원,,statement_heading=재무제표 | separate_hint=개별,"(단위 : 백만원) || 주식회사메리츠금융지주 || 주식회사메리츠금융지주 || 주1) 상기 현황은 ㈜메리츠금융지주의 제11기 1분기보고서(공시일자: 2020.05.15) 상의 개별재무제표 기준임 주2) BS 기준일 : 2020.03.31, IS 기준일 : 2020.01.01 ~ 2020.03.31","[""구 분 | 구 분"", ""제10기 1분기 | (2019년 3월말)"", ""제10기 기말 | (2019년 12월말)"", ""제9기 기말 | (2018년 12월말)""]",자산총계 | 1623634 | 1594304 | 1572967,부채총계 | 398468 | 395860 | 394083,자본총계 | 1225166 | 1198444 | 1178884,영업수익 | 117541 | 150484 | 158340,영업이익 | 112105 | 130403 | 138381,당기순이익 | 110850 | 124561 | 129758,1
000060,반기보고서_(2020.06),20210115000067,2021-01-15,672,12.0,0.0,3,3,assets | equity | liabilities | net_income | operating_income | revenue,백만원,,,(단위 : 백만원) || (2) 최대주주인 법인의 재무현황,"[""구 분"", ""Unnamed: 1""]",자산총계 | nan,부채총계 | nan,자본총계 | nan,매출액 | nan,영업이익 | nan,당기순이익 | nan,2
000060,반기보고서_(2020.06),20210115000067,2021-01-15,77,9.0,3.0,0,3,net_income | operating_income | revenue,백만원,,consolidated_hint=연결,(단위 : 백만원),"[""구 분"", ""제 100기 반기"", ""제 99기"", ""제 98기""]",,,,[영업수익] | 5592241 | 10117987 | 8418179,[영업이익] | 292505 | 352756 | 312734,[연결당기순이익] | 209833 | 301296 | 234721,3
000060,반기보고서_(2020.06),20210115000067,2021-01-15,88,9.0,3.0,0,3,net_income | operating_income | revenue,원,,"consolidated_hint=연결,종속기업",(단위 : 원) || 메리츠화재해상보험주식회사와 그 종속기업 || 06월 30일까지 || 01일부터 2019년 || 01월 || 반기 2019년 || 제 99 기,"[""과목 | 과목"", ""주석 | 주석"", ""당반기 | 3개월"", ""당반기 | 누적"", ""전반기 | 3개월"", ""전반기 | 누적""]",,,,Ⅰ. 영업수익 | nan | 2711119012136 | 5592241326173 | 2451652402676 | 4785346415612 || 7. 기타영업수익 | 20.0 | 29047733469 | 248306434076 | 96392596283 | 201933423788,Ⅲ. 영업이익 | nan | 146220101537 | 292504882891 | 117626192991 | 218350346531,"Ⅷ. 연결반기순이익 대손준비금 반영후 조정이익 비상위험준비금 반영후 조정이익 | nan | 106213200111 | 209,833,392,097 208,113,220,193 203,304,920,079 | 85140355224 | 158,650,837,487 153,843,567,117 149,156,498,714 || 1. 지배주주지분반기순이익 | nan | 106579537145 | 209309959857 | 85005647472 | 158127048835 || 2. 비지배주주지분반기순이익 | nan | (366,337,034) | 523432240 | 134707752 | 523788652",3
000060,반기보고서_(2020.06),20210115000067,2021-01-15,81,6.0,0.0,0,3,net_income | operating_income | revenue,백만원,,,(단위 : 백만원),"[""구 분"", ""제 100기 반기"", ""제 99기"", ""제 98기""]",,,,[영업수익] | 5570539 | 10058869 | 8391469,[영업이익] | 297372 | 312421 | 352960,[당기순이익] | 213404 | 271182 | 260043,4
000060,반기보고서_(2020.06),20210115000067,2021-01-15,367,6.0,0.0,0,3,net_income | operating_income | revenue,원,,,(단위 : 원) || 메리츠화재해상보험주식회사 || 06월 30일까지 || 01일부터 2019년 || 01월 || 반기 2019년 || 제 99 기,"[""과목 | 과목"", ""주석 | 주석"", ""당반기 | 3개월"", ""당반기 | 누적"", ""전반기 | 3개월"", ""전반기 | 누적""]",,,,"Ⅰ. 영업수익 | nan | 2711047407188 | 5570538613883 | 2440992463198 | 4750300795761 || 7. 기타영업수익 | 20, 22 | 34689453384 | 244448489277 | 95238121034 | 200841045109",Ⅲ. 영업이익 | nan | 145657501392 | 297371674131 | 97710472838 | 188070450311,"Ⅷ. 반기순이익 대손준비금 반영후 조정이익 비상위험준비금 반영후 조정이익 | nan | 105,763,051,859 104,425,380,342 102,156,102,422 | 213,404,087,482 211,683,915,578 206,875,615,464 | 70,340,409,289 66,459,759,717 66,995,196,713 | 136,142,897,669 131,335,627,299 126,648,558,896",4
000060,반기보고서_(2020.06),20210115000067,2021-01-15,92,5.0,3.0,0,1,net_income,원,,"consolidated_hint=연결,종속기업",(단위 : 원) || 메리츠화재해상보험주식회사와 그 종속기업 || 06월 30일까지 || 01일부터 2019년 || 01월 || 반기 2019년 || 제 99 기,"[""과목"", ""주석"", ""자본금"", ""연결자본잉여금"", ""연결자본조정"", ""연결기타포괄손익누계액"", ""연결이익잉여금"", ""지배주주지분 소계"", ""비지배주주지분"", ""총계""]",,,,,,연결반기순이익 | nan | - | - | - | - | 158127048835 | 158127048835 | 523788652 | 158650837487 || 연결반기순이익 | nan | - | - | - | - | 209309959857 | 209309959857 | 523432240 | 209833392097,5
000060,반기보고서_(2020.06),20210115000067,2021-01-15,30,3.0,6.0,0,1,net_income,,배당,statement_heading=재무제표 | consolidated_hint=연결 | separate_hint=별도,"나. 최근 3사업연도 배당에 관한 사항 || ③ 배당금의 지급청구권은 5년간 이를 행사하지 아니하면 소멸시효가 완성한다. || ② 분기배당의 배당금은 이사회 결의가 있은 날로부터 20일 이내에 지급한다. || ① 배당금은 재무제표의 승인이 있은 날로부터 1개월 이내에 지급한다. 단, 주주총회에서 지급시기를 따로 정한 경우에는 그에 따른다.","[""구 분 | 구 분"", ""주식의 종류 | 주식의 종류"", ""당기 | 제99기"", ""전기 | 제98기"", ""전전기 | 제97기""]",,,,,,(연결)당기순이익(백만원) | (연결)당기순이익(백만원) | nan | nan | nan || (별도)당기순이익(백만원) | (별도)당기순이익(백만원) | nan | nan | nan,6
000060,반기보고서_(2020.06),20210115000067,2021-01-15,325,2.0,0.0,0,1,revenue,백만원,,,"(단위: 백만원) || (1) 당반기와 전반기 중 기타영업수익의 내역은 다음과 같습니다. || 20. 기타영업수익 및 기타영업비용 || 20. 기타영업수익 및 기타영업비용 (1) 당반기와 전반기 중 기타영업수익의 내역은 다음과 같습니다. || 17,156 || 5,773","[""구 분 | 구 분"", ""당반기 | 3개월"", ""당반기 | 누적"", ""전반기 | 3개월"", ""전반기 | 누적""]",,,,기타영업수익 | 353 | 442 | 30 | 51,,,7
000060,반기보고서_(2020.06),20210115000067,2021-01-15,371,2.0,0.0,0,1,net_income,원,,,(단위 : 원) || 메리츠화재해상보험주식회사 || 6월 30일까지 || 0 || 1일부터 2019년 || 0 || 1월 || 0,"[""과목"", ""주석"", ""자본금"", ""자본잉여금"", ""자본조정"", ""기타포괄손익누계액"", ""이익잉여금"", ""총계""]",,,,,,반기순이익 | nan | - | - | - | - | 136142897669 | 136142897669 || 반기순이익 | nan | - | - | - | - | 213404087482 | 213404087482,7
