stock_code,historical_name,corp_code,dart_corp_name,mapping_method,mapped
000030,,00254045,우리은행,stock_code,True
000060,,00117744,메리츠화재해상보험,stock_code,True
000070,,00126937,삼양홀딩스,stock_code,True
000080,,00150244,하이트진로,stock_code,True
000100,,00145109,유한양행,stock_code,True
000120,,00113410,CJ대한통운,stock_code,True
000150,,00117212,두산,stock_code,True
000210,,00109693,DL,stock_code,True
000240,,00160047,한국앤컴퍼니,stock_code,True
000250,,00128546,삼천당제약,stock_code,True
000270,,00106641,기아,stock_code,True
000370,,00135917,한화손해보험,stock_code,True
000400,,00113562,롯데손해보험,stock_code,True
000500,,00104768,가온전선,stock_code,True
000640,,00116824,동아쏘시오홀딩스,stock_code,True
000660,,00164779,SK하이닉스,stock_code,True
000670,,00141307,영풍,stock_code,True
000720,,00164478,현대건설,stock_code,True
000810,,00139214,삼성화재해상보험,stock_code,True
000880,,00160588,한화,stock_code,True
000990,,00160843,DB하이텍,stock_code,True
001040,,00148540,CJ,stock_code,True
001060,,00149947,JW중외제약,stock_code,True
001120,,00120076,LX인터내셔널,stock_code,True
001230,,00114792,동국홀딩스,stock_code,True
001430,,00106669,세아베스틸지주,stock_code,True
001440,,00113207,대한전선,stock_code,True
001450,,00164973,현대해상,stock_code,True
001520,,00117337,동양,stock_code,True
001530,,00118345,디아이동일,stock_code,True
001570,,00106119,금양,stock_code,True
001630,,00149354,종근당홀딩스,stock_code,True
001680,,00121941,대상,stock_code,True
001720,,00136721,신영증권,stock_code,True
001740,,00131780,SK네트웍스,stock_code,True
001800,,00117577,오리온홀딩스,stock_code,True
001820,,00129350,삼화콘덴서공업,stock_code,True
002020,,00152862,코오롱,stock_code,True
002270,,00120508,롯데푸드,stock_code,True
002320,,00163512,한진,stock_code,True
002350,,00173874,넥센타이어,stock_code,True
002380,,00105271,케이씨씨,stock_code,True
002710,,00117300,TCC스틸,stock_code,True
002790,,00154462,아모레퍼시픽홀딩스,stock_code,True
003000,,00123718,부광약품,stock_code,True
003030,,00124197,세아제강지주,stock_code,True
003090,,00111810,대웅,stock_code,True
003100,,00131896,선광,stock_code,True
003230,,00126955,삼양식품,stock_code,True
003240,,00153393,태광산업,stock_code,True
003300,,00162993,한일홀딩스,stock_code,True
003380,,00148364,하림지주,stock_code,True
003410,,00138224,쌍용씨앤이,stock_code,True
003470,,00117601,유안타증권,stock_code,True
003490,,00113526,대한항공,stock_code,True
003520,,00141149,영진약품,stock_code,True
003530,,00148610,한화투자증권,stock_code,True
003540,,00110893,대신증권,stock_code,True
003550,,00120021,LG,stock_code,True
003570,,00134477,SNT다이내믹스,stock_code,True
003620,,00138242,KG모빌리티,stock_code,True
003670,,00155276,포스코퓨처엠,stock_code,True
003690,,00113191,코리안리,stock_code,True
003850,,00123143,보령,stock_code,True
004000,,00157681,롯데정밀화학,stock_code,True
004020,,00145880,현대제철,stock_code,True
004170,,00136378,신세계,stock_code,True
004360,,00133812,세방,stock_code,True
004370,,00108241,농심,stock_code,True
004430,,00134963,송원산업,stock_code,True
004490,,00133858,세방전지,stock_code,True
004690,,00128555,삼천리,stock_code,True
004800,,00117188,효성,stock_code,True
004990,,00120562,롯데지주,stock_code,True
005070,,00129989,코스모신소재,stock_code,True
005180,,00124726,빙그레,stock_code,True
005250,,00108135,녹십자홀딩스,stock_code,True
005290,,00118804,동진쎄미켐,stock_code,True
005300,,00120571,롯데칠성음료,stock_code,True
005380,,00164742,현대자동차,stock_code,True
005420,,00160302,코스모화학,stock_code,True
005440,,00105280,현대지에프홀딩스,stock_code,True
005490,,00155319,POSCO홀딩스,stock_code,True
005500,,00128412,삼진제약,stock_code,True
005610,,00125530,삼립,stock_code,True
005690,,00145163,파미셀,stock_code,True
005830,,00159102,DB손해보험,stock_code,True
005850,,00125521,에스엘,stock_code,True
005880,,00113535,대한해운,stock_code,True
005930,,00126380,삼성전자,stock_code,True
005940,,00120182,NH투자증권,stock_code,True
005950,,00145552,이수화학,stock_code,True
006040,,00118026,동원산업,stock_code,True
006060,,00166227,화승인더스트리,stock_code,True
006110,,00126779,삼아알미늄,stock_code,True
006120,,00131832,SK디스커버리,stock_code,True
006260,,00105952,LS,stock_code,True
006280,,00129679,녹십자,stock_code,True
006360,,00120030,GS건설,stock_code,True
006400,,00126362,삼성SDI,stock_code,True
006650,,00260383,대한유화,stock_code,True
006730,,00130383,서부T&D,stock_code,True
006800,,00111722,미래에셋증권,stock_code,True
006840,,00125080,AK홀딩스,stock_code,True
007070,,00140177,GS리테일,stock_code,True
007310,,00141529,오뚜기,stock_code,True
007340,,00116949,DN오토모티브,stock_code,True
007390,,00117276,네이처셀,stock_code,True
007460,,00152385,에이프로젠,stock_code,True
007570,,00146454,일양약품,stock_code,True
007660,,00107613,이수페타시스,stock_code,True
007700,,00126487,F&F 홀딩스,stock_code,True
007810,,00152686,코리아써키트,stock_code,True
008060,,00109189,대덕,stock_code,True
008350,,00107224,남선알미늄,stock_code,True
008560,,00163682,메리츠증권,stock_code,True
008730,,00145260,율촌화학,stock_code,True
008770,,00165680,호텔신라,stock_code,True
008930,,00161426,한미사이언스,stock_code,True
009150,,00126371,삼성전기,stock_code,True
009240,,00161693,한샘,stock_code,True
009290,,00103592,광동제약,stock_code,True
009410,,00153861,태영건설,stock_code,True
009420,,00162586,한올바이오파마,stock_code,True
009450,,00101488,경동나비엔,stock_code,True
009520,,00128111,포스코엠텍,stock_code,True
009540,,00164830,HD한국조선해양,stock_code,True
009830,,00162461,한화솔루션,stock_code,True
009900,,00173078,명신산업,stock_code,True
009970,,00140964,영원무역홀딩스,stock_code,True
010060,,00148896,OCI홀딩스,stock_code,True
010120,,00105855,엘에스일렉트릭,stock_code,True
010130,,00102858,고려아연,stock_code,True
010140,,00126478,삼성중공업,stock_code,True
010620,,00164609,에이치디현대미포,stock_code,True
010780,,00115977,아이에스동서,stock_code,True
010950,,00138279,S-Oil,stock_code,True
011000,,00118521,진원생명과학,stock_code,True
011070,,00105961,LG이노텍,stock_code,True
011170,,00165413,롯데케미칼,stock_code,True
011200,,00164645,HMM,stock_code,True
011210,,00106623,현대위아,stock_code,True
011780,,00106368,금호석유화학,stock_code,True
011790,,00139889,SKC,stock_code,True
011930,,00136271,신성이엔지,stock_code,True
012330,,00164788,현대모비스,stock_code,True
012450,,00126566,한화에어로스페이스,stock_code,True
012510,,00172291,더존비즈온,stock_code,True
012630,,00164636,HDC,stock_code,True
0126Z0,,01965324,삼성에피스홀딩스,stock_code,True
012750,,00158501,에스원,stock_code,True
013890,,00150633,지누스,stock_code,True
014680,,00140955,한솔케미칼,stock_code,True
014820,,00132637,동원시스템즈,stock_code,True
014830,,00159786,유니드,stock_code,True
015750,,00132992,성우하이텍,stock_code,True
015760,,00159193,한국전력공사,stock_code,True
016170,,00130949,카카오엠,stock_code,True
016360,,00104856,삼성증권,stock_code,True
016380,,00115676,KG스틸,stock_code,True
016710,,00108940,대성홀딩스,stock_code,True
016790,,00164618,현대사료,stock_code,True
017390,,00130684,서울도시가스,stock_code,True
017670,,00159023,SK텔레콤,stock_code,True
017800,,00164724,현대엘리베이터,stock_code,True
017810,,00155355,풀무원,stock_code,True
017960,,00159795,한국카본,stock_code,True
018250,,00139454,애경산업,stock_code,True
018260,,00126186,삼성에스디에스,stock_code,True
018290,,00150165,브이티,stock_code,True
018670,,00144164,SK가스,stock_code,True
018880,,00161125,한온시스템,stock_code,True
019170,,00137359,신풍제약,stock_code,True
019680,,00108913,대교,stock_code,True
020000,,00188089,한섬,stock_code,True
020150,,00113997,롯데에너지머티리얼즈,stock_code,True
020560,,00138792,아시아나항공,stock_code,True
021240,,00170558,코웨이,stock_code,True
0220W0,,02042949,한화머시너리앤서비스홀딩스,stock_code,True
022100,,00155212,포스코DX,stock_code,True
023530,,00120526,롯데쇼핑,stock_code,True
023590,,00176914,다우기술,stock_code,True
024110,,00149646,기업은행,stock_code,True
024720,,00203290,콜마홀딩스,stock_code,True
025320,,00203023,시노펙스,stock_code,True
025540,,00157070,한국단자공업,stock_code,True
025860,,00107987,남해화학,stock_code,True
025900,,00173032,동화기업,stock_code,True
025980,,00161781,아난티,stock_code,True
026890,,00117498,스틱인베스트먼트,stock_code,True
026960,,00144395,동서,stock_code,True
027410,,00219097,BGF,stock_code,True
028050,,00126308,삼성E&A,stock_code,True
028150,,00207755,지에스홈쇼핑,stock_code,True
028260,,00149655,삼성물산,stock_code,True
028300,,00199252,HLB,stock_code,True
028670,,00122737,팬오션,stock_code,True
029460,,00209780,케이씨,stock_code,True
029780,,00126292,삼성카드,stock_code,True
029960,,00197476,코엔텍,stock_code,True
030000,,00148276,제일기획,stock_code,True
030190,,00158325,NICE평가정보,stock_code,True
030200,,00190321,케이티,stock_code,True
030530,,00216647,원익홀딩스,stock_code,True
030610,,00113359,교보증권,stock_code,True
031210,,00112998,서울보증보험,stock_code,True
031390,,00198378,녹십자셀,stock_code,True
031430,,00234412,신세계인터내셔날,stock_code,True
031440,,00274933,신세계푸드,stock_code,True
031980,,00208444,피에스케이홀딩스,stock_code,True
032190,,00238782,다우데이타,stock_code,True
032350,,00231372,롯데관광개발,stock_code,True
032500,,00226352,케이엠더블유,stock_code,True
032640,,00231363,LG유플러스,stock_code,True
032820,,00231044,우리기술,stock_code,True
032830,,00126256,삼성생명,stock_code,True
033100,,00185356,제룡전기,stock_code,True
033180,,00193009,케이에이치필룩스,stock_code,True
033270,,00158963,유나이티드,stock_code,True
033290,,00155948,로젠,stock_code,True
033640,,00227333,네패스,stock_code,True
033660,,00209443,우리금융캐피탈,stock_code,True
033780,,00244455,케이티앤지,stock_code,True
033920,,00121543,무학,stock_code,True
034020,,00159616,두산에너빌리티,stock_code,True
034120,,00130772,SBS,stock_code,True
034220,,00105873,LG디스플레이,stock_code,True
034230,,00171265,파라다이스,stock_code,True
034310,,00158316,NICE,stock_code,True
034730,,00181712,SK,stock_code,True
034830,,00233653,한국토지신탁,stock_code,True
035250,,00255619,강원랜드,stock_code,True
035420,,00266961,NAVER,stock_code,True
035600,,00264547,KG이니시스,stock_code,True
035720,,00258801,카카오,stock_code,True
035760,,00265324,CJ ENM,stock_code,True
035900,,00258689,JYP Ent.,stock_code,True
036420,,00203315,콘텐트리중앙,stock_code,True
036460,,00261285,한국가스공사,stock_code,True
036490,,00110051,에스케이머티리얼즈,stock_code,True
036540,,00301246,SFA반도체,stock_code,True
036570,,00261443,NC,stock_code,True
036580,,00260408,팜스코,stock_code,True
036830,,00247975,솔브레인홀딩스,stock_code,True
036930,,00252135,주성엔지니어링,stock_code,True
037560,,00222532,LG헬로비전,stock_code,True
038500,,00239639,삼표시멘트,stock_code,True
038540,,00306162,상상인,stock_code,True
039030,,00246417,이오테크닉스,stock_code,True
039130,,00269940,하나투어,stock_code,True
039200,,00263654,오스코텍,stock_code,True
039490,,00296290,키움증권,stock_code,True
039840,,00115931,디오,stock_code,True
041510,,00260930,에스엠,stock_code,True
041960,,00187415,코미팜,stock_code,True
042000,,00260879,카페24,stock_code,True
042660,,00111704,한화오션,stock_code,True
042670,,00344287,에이치디현대인프라코어,stock_code,True
042700,,00161383,한미반도체,stock_code,True
043150,,00264255,바텍,stock_code,True
043260,,00317210,성호전자,stock_code,True
044490,,00186799,태웅,stock_code,True
045390,,00318316,대아티아이,stock_code,True
046890,,00130763,서울반도체,stock_code,True
047040,,00124540,대우건설,stock_code,True
047050,,00124504,포스코인터내셔널,stock_code,True
047810,,00309503,한국항공우주,stock_code,True
048260,,00341916,오스템임플란트,stock_code,True
048410,,00313649,현대바이오,stock_code,True
048530,,00292434,인트론바이오,stock_code,True
049770,,00340917,동원F&B,stock_code,True
049950,,00447760,미래컴퍼니,stock_code,True
051370,,00369170,인터플렉스,stock_code,True
051500,,00127954,CJ프레시웨이,stock_code,True
051600,,00159218,한전KPS,stock_code,True
051900,,00356370,LG생활건강,stock_code,True
051910,,00356361,LG화학,stock_code,True
052020,,00273110,에스티큐브,stock_code,True
052690,,00159209,한전기술,stock_code,True
053030,,00216027,바이넥스,stock_code,True
053210,,00349097,케이티스카이라이프,stock_code,True
053800,,00298270,안랩,stock_code,True
055550,,00382199,신한지주,stock_code,True
056190,,00358271,SFA,stock_code,True
057050,,00412597,현대홈쇼핑,stock_code,True
058470,,00369657,리노공업,stock_code,True
058610,,00220686,에스피지,stock_code,True
058820,,00380429,CMG제약,stock_code,True
058970,,00396925,엠로,stock_code,True
060250,,00357740,NHN KCP,stock_code,True
060370,,00225742,LS마린솔루션,stock_code,True
060720,,00378628,KH바텍,stock_code,True
060980,,00299002,HL홀딩스,stock_code,True
062040,,00366438,산일전기,stock_code,True
064350,,00302926,현대로템,stock_code,True
064400,,00139834,LG씨엔에스,stock_code,True
064550,,00326731,바이오니아,stock_code,True
064760,,00245472,티씨케이,stock_code,True
064960,,00398792,SNT모티브,stock_code,True
065350,,00136226,신성델타테크,stock_code,True
065620,,00201788,제낙스,stock_code,True
065660,,00631837,안트로젠,stock_code,True
066570,,00401731,LG전자,stock_code,True
066970,,00398701,엘앤에프,stock_code,True
067160,,00399694,SOOP,stock_code,True
067310,,00445054,하나마이크론,stock_code,True
067630,,00365590,HLB생명과학,stock_code,True
068270,,00413046,셀트리온,stock_code,True
068760,,00541349,셀트리온제약,stock_code,True
069080,,00405320,웹젠,stock_code,True
069260,,00426086,티케이지휴켐스,stock_code,True
069620,,00427483,대웅제약,stock_code,True
069960,,00428251,현대백화점,stock_code,True
070960,,00365989,모나용평,stock_code,True
071050,,00432102,한국금융지주,stock_code,True
071320,,00159698,지역난방공사,stock_code,True
071840,,00158307,롯데하이마트,stock_code,True
071970,,00406046,HD현대마린엔진,stock_code,True
073070,,00235147,에이팸,stock_code,True
073240,,00481454,금호타이어,stock_code,True
074600,,00468374,원익QnC,stock_code,True
075580,,00415628,세진중공업,stock_code,True
077970,,00480455,STX엔진,stock_code,True
078070,,00411385,유비쿼스홀딩스,stock_code,True
078130,,00104573,국일제지,stock_code,True
078160,,00453929,메디포스트,stock_code,True
078340,,00476498,컴투스,stock_code,True
078600,,00177816,대주전자재료,stock_code,True
078930,,00500254,GS,stock_code,True
079160,,00303873,CJ CGV,stock_code,True
079440,,00176792,오렌지라이프생명보험,stock_code,True
079550,,00503668,LIG디펜스앤에어로스페이스,stock_code,True
080160,,00456218,모두투어,stock_code,True
080220,,00447487,제주반도체,stock_code,True
081000,,00508274,일진다이아,stock_code,True
081660,,00195229,미스토홀딩스,stock_code,True
082270,,00492894,젬백스,stock_code,True
082640,,00117267,동양생명보험,stock_code,True
082740,,00361008,한화엔진,stock_code,True
082920,,00154718,비츠로셀,stock_code,True
083650,,00409788,비에이치아이,stock_code,True
083790,,00407814,CG인바이츠,stock_code,True
084370,,00531014,유진테크,stock_code,True
084850,,00579980,아이티엠반도체,stock_code,True
084990,,00359395,헬릭스미스,stock_code,True
085620,,00112332,미래에셋생명,stock_code,True
085660,,00525679,차바이오텍,stock_code,True
086280,,00360595,현대글로비스,stock_code,True
086450,,00114808,동국제약,stock_code,True
086520,,00536541,에코프로,stock_code,True
086790,,00547583,하나금융지주,stock_code,True
086900,,00580199,메디톡스,stock_code,True
087010,,00415868,펩트론,stock_code,True
088350,,00113058,한화생명,stock_code,True
088800,,00556907,에이스테크,stock_code,True
089030,,00535676,테크윙,stock_code,True
089590,,00555874,제주항공,stock_code,True
089600,,00486097,KT나스미디어,stock_code,True
089860,,00545716,롯데렌탈,stock_code,True
089980,,00181299,상아프론테크,stock_code,True
090430,,00583424,아모레퍼시픽,stock_code,True
090460,,00447609,비에이치,stock_code,True
090710,,00540429,휴림로봇,stock_code,True
091700,,00490151,파트론,stock_code,True
091990,,00554024,셀트리온헬스케어,stock_code,True
092040,,00545734,아미코젠,stock_code,True
092190,,00488402,서울바이오시스,stock_code,True
093050,,00593032,LF,stock_code,True
093370,,00595191,후성,stock_code,True
095340,,00572905,ISC,stock_code,True
095610,,00524421,테스,stock_code,True
095660,,00628860,네오위즈,stock_code,True
095700,,00545929,제넥신,stock_code,True
096530,,00788773,씨젠,stock_code,True
096760,,00632304,JW홀딩스,stock_code,True
096770,,00631518,SK이노베이션,stock_code,True
097230,,00633835,HJ중공업,stock_code,True
097520,,00564562,엠씨넥스,stock_code,True
097950,,00635134,CJ제일제당,stock_code,True
098460,,00579999,고영,stock_code,True
099320,,00449254,쎄트렉아이,stock_code,True
100090,,00480367,SK오션플랜트,stock_code,True
100120,,00609324,뷰웍스,stock_code,True
100790,,00340096,미래에셋벤처투자,stock_code,True
100840,,00648721,SNT에너지,stock_code,True
101490,,00411048,에스앤에스텍,stock_code,True
101530,,00428321,해태제과식품,stock_code,True
102940,,00525642,코오롱생명과학,stock_code,True
103140,,00684714,풍산,stock_code,True
103590,,00683469,일진전기,stock_code,True
105560,,00688996,KB금융,stock_code,True
105630,,00728638,한세실업,stock_code,True
108230,,00531917,톱텍,stock_code,True
108320,,00525934,LX세미콘,stock_code,True
108490,,00946030,로보티즈,stock_code,True
108670,,00759513,LX하우시스,stock_code,True
111770,,00776820,영원무역,stock_code,True
112040,,00444329,위메이드,stock_code,True
112610,,00670340,씨에스윈드,stock_code,True
114090,,00557508,GKL,stock_code,True
115180,,01042650,큐리언트,stock_code,True
115390,,00561866,락앤락,stock_code,True
115450,,00552859,HLB테라퓨틱스,stock_code,True
120110,,00795135,코오롱인더,stock_code,True
121600,,00439965,나노신소재,stock_code,True
121800,,00693651,비덴트,stock_code,True
122870,,00613318,와이지엔터테인먼트,stock_code,True
123890,,00404701,한국자산신탁,stock_code,True
128940,,00828497,한미약품,stock_code,True
130960,,00838421,씨제이이앤엠,stock_code,True
131370,,00838962,알서포트,stock_code,True
131970,,00563545,두산테스나,stock_code,True
137310,,00854997,에스디바이오센서,stock_code,True
137400,,00612294,피엔티,stock_code,True
138040,,00860332,메리츠금융지주,stock_code,True
138250,,00406392,엔에스쇼핑,stock_code,True
138930,,00858364,BNK금융지주,stock_code,True
139130,,00878915,iM금융지주,stock_code,True
139480,,00872984,이마트,stock_code,True
140410,,00808022,메지온,stock_code,True
140860,,00244747,파크시스템스,stock_code,True
141080,,00842619,리가켐바이오,stock_code,True
144510,,01010642,지씨셀,stock_code,True
145020,,00888347,휴젤,stock_code,True
145720,,00526599,덴티움,stock_code,True
145990,,00896285,삼양사,stock_code,True
160190,,00650771,하이젠알앤엠,stock_code,True
161000,,00936787,애경케미칼,stock_code,True
161390,,00937324,한국타이어앤테크놀로지,stock_code,True
161580,,00938721,필옵틱스,stock_code,True
161890,,00939331,한국콜마,stock_code,True
166090,,00660750,하나머티리얼즈,stock_code,True
170900,,00956930,동아에스티,stock_code,True
174900,,00991191,앱클론,stock_code,True
175330,,00980122,JB금융지주,stock_code,True
178320,,00838005,서진시스템,stock_code,True
178920,,00767460,PI첨단소재,stock_code,True
180640,,00983040,한진칼,stock_code,True
181710,,00983271,NHN,stock_code,True
183300,,00997812,코미코,stock_code,True
183490,,00606886,엔지켐생명과학,stock_code,True
185750,,00992871,종근당,stock_code,True
189300,,00664181,인텔리안테크,stock_code,True
192080,,01010110,더블유게임즈,stock_code,True
192400,,00132354,쿠쿠홀딩스,stock_code,True
192530,,01028164,광주은행,stock_code,True
192650,,00415646,드림텍,stock_code,True
192820,,01009789,코스맥스,stock_code,True
194480,,01008762,데브시스터즈,stock_code,True
195870,,01032413,해성디에스,stock_code,True
195940,,01012066,HK이노엔,stock_code,True
196170,,00989619,알테오젠,stock_code,True
200130,,01032404,콜마비앤에이치,stock_code,True
200230,,00608802,텔콘RF제약,stock_code,True
204270,,00447575,제이앤티씨,stock_code,True
204320,,01042775,HL만도,stock_code,True
206640,,01046708,바디텍메드,stock_code,True
206650,,00927558,유바이오로직스,stock_code,True
207940,,00877059,삼성바이오로직스,stock_code,True
210980,,00508344,SK디앤디,stock_code,True
213420,,01061558,덕산네오룩스,stock_code,True
214150,,01061327,클래시스,stock_code,True
214320,,00565154,이노션,stock_code,True
214370,,00549891,케어젠,stock_code,True
214450,,00970453,파마리서치,stock_code,True
215000,,01067516,골프존,stock_code,True
215200,,01074862,메가스터디교육,stock_code,True
215600,,00919966,신라젠,stock_code,True
218410,,01078178,RFHIC,stock_code,True
222080,,01090471,SFA넥셀,stock_code,True
222800,,01095722,심텍,stock_code,True
225570,,01096341,넥슨게임즈,stock_code,True
226320,,00911955,잇츠한불,stock_code,True
226950,,01113718,올릭스,stock_code,True
229640,,01093007,LS에코에너지,stock_code,True
230360,,01029394,에코마케팅,stock_code,True
232140,,01109539,와이씨,stock_code,True
235980,,01336373,메드팩토,stock_code,True
237690,,00871833,에스티팜,stock_code,True
237880,,00957735,클리오,stock_code,True
240810,,01135941,원익IPS,stock_code,True
241560,,01032486,두산밥캣,stock_code,True
241590,,01128613,화승엔터프라이즈,stock_code,True
243070,,01159853,휴온스,stock_code,True
247540,,01160363,에코프로비엠,stock_code,True
248070,,01159233,솔루엠,stock_code,True
249420,,01168383,일동제약,stock_code,True
251270,,00904672,넷마블,stock_code,True
253450,,01168684,스튜디오드래곤,stock_code,True
256840,,01179617,한국비엔씨,stock_code,True
257720,,00982023,실리콘투,stock_code,True
259960,,00760971,크래프톤,stock_code,True
263050,,01110678,유틸렉스,stock_code,True
263750,,01152470,펄어비스,stock_code,True
265520,,01203808,AP시스템,stock_code,True
267250,,01205709,HD현대,stock_code,True
267260,,01205851,HD현대일렉트릭,stock_code,True
267270,,01205842,HD건설기계,stock_code,True
267980,,01234507,매일유업,stock_code,True
268600,,01182444,셀리버리,stock_code,True
271560,,01238169,오리온,stock_code,True
271940,,00972503,일진하이솔루스,stock_code,True
271980,,01236897,제일약품,stock_code,True
272210,,00339391,한화시스템,stock_code,True
272290,,01237540,이녹스첨단소재,stock_code,True
272450,,00653024,진에어,stock_code,True
277810,,01261644,레인보우로보틱스,stock_code,True
278280,,00897752,천보,stock_code,True
278470,,01190568,에이피알,stock_code,True
280360,,01258507,롯데웰푸드,stock_code,True
281740,,01255652,레이크머티리얼즈,stock_code,True
281820,,01261893,케이씨텍,stock_code,True
282330,,01263022,BGF리테일,stock_code,True
282690,,01262458,동아타이어공업,stock_code,True
284740,,01267684,쿠쿠홈시스,stock_code,True
285130,,01267170,SK케미칼,stock_code,True
286940,,01262032,롯데이노베이트,stock_code,True
287410,,01267602,제이시스메디칼,stock_code,True
289220,,01264438,자이언트스텝,stock_code,True
290650,,01181515,엘앤씨바이오,stock_code,True
293490,,01137383,카카오게임즈,stock_code,True
294870,,01310269,IPARK현대산업개발,stock_code,True
298000,,01316236,효성화학,stock_code,True
298020,,01316227,효성티앤씨,stock_code,True
298040,,01316245,효성중공업,stock_code,True
298050,,01316254,HS효성첨단소재,stock_code,True
298380,,01256864,에이비엘바이오,stock_code,True
299030,,00601191,하나기술,stock_code,True
299660,,01235296,셀리드,stock_code,True
299900,,01276327,위지윅스튜디오,stock_code,True
300720,,01319808,한일시멘트,stock_code,True
302440,,01319899,SK바이오사이언스,stock_code,True
306200,,01325979,세아제강,stock_code,True
307950,,00362441,현대오토에버,stock_code,True
310210,,01327746,보로노이,stock_code,True
316140,,01350869,우리금융지주,stock_code,True
317330,,01021666,덕산테코피아,stock_code,True
319400,,01358463,현대무벡스,stock_code,True
319660,,01365825,피에스케이,stock_code,True
322000,,01199550,HD현대에너지솔루션,stock_code,True
323280,,01366000,태성,stock_code,True
323410,,01133217,카카오뱅크,stock_code,True
323990,,01335851,박셀바이오,stock_code,True
326030,,00878696,에스케이바이오팜,stock_code,True
328130,,01397620,루닛,stock_code,True
329180,,01390344,HD현대중공업,stock_code,True
336260,,01412725,두산퓨얼셀,stock_code,True
336370,,01412822,솔루스첨단소재,stock_code,True
336570,,01407909,원텍,stock_code,True
344820,,01428203,케이씨씨글라스,stock_code,True
347700,,01336762,스피어,stock_code,True
347850,,01376715,디앤디파마텍,stock_code,True
348210,,01080252,넥스틴,stock_code,True
348370,,01011526,엔켐,stock_code,True
352480,,01226410,씨앤씨인터내셔널,stock_code,True
352820,,01204056,하이브,stock_code,True
353200,,01478712,대덕전자,stock_code,True
357780,,01489648,솔브레인,stock_code,True
358570,,01351080,지아이이노베이션,stock_code,True
361610,,01386916,SK아이이테크놀로지,stock_code,True
363280,,01497869,티와이홀딩스,stock_code,True
365340,,01274329,성일하이텍,stock_code,True
372170,,00925374,윤성에프앤씨,stock_code,True
373220,,01515323,LG에너지솔루션,stock_code,True
375500,,01524093,DL이앤씨,stock_code,True
376300,,01456011,디어유,stock_code,True
376900,,01335143,로킷헬스케어,stock_code,True
377300,,01244601,카카오페이,stock_code,True
381970,,01323032,케이카,stock_code,True
383220,,01568413,F&F,stock_code,True
383310,,01566248,에코프로에이치엔,stock_code,True
383800,,01562589,LX홀딩스,stock_code,True
388720,,01152586,유일로보틱스,stock_code,True
393890,,01291317,더블유씨피,stock_code,True
397030,,01375822,에이프릴바이오,stock_code,True
399720,,01364747,가온칩스,stock_code,True
402340,,01596425,SK스퀘어,stock_code,True
403870,,01288827,HPSP,stock_code,True
417200,,01528141,LS머트리얼즈,stock_code,True
418550,,00411808,제이오,stock_code,True
420770,,00765569,기가비스,stock_code,True
437730,,00262266,삼현,stock_code,True
439260,,00182696,대한조선,stock_code,True
443060,,01194689,HD현대마린솔루션,stock_code,True
445680,,01498974,큐리옥스바이오시스템즈,stock_code,True
446070,,01702017,유니드비티플러스,stock_code,True
450080,,01311408,에코프로머티,stock_code,True
452260,,01722437,한화갤러리아,stock_code,True
453340,,01721809,현대그린푸드,stock_code,True
454910,,01105153,두산로보틱스,stock_code,True
456040,,01760738,OCI,stock_code,True
456160,,01577952,지투지바이오,stock_code,True
457190,,01762569,이수스페셜티케미컬,stock_code,True
458870,,01514227,씨어스,stock_code,True
460850,,01765256,동국씨엠,stock_code,True
460860,,01765265,동국제강,stock_code,True
462870,,01384787,시프트업,stock_code,True
466100,,01784914,클로봇,stock_code,True
475150,,01817081,SK이터닉스,stock_code,True
475830,,01658831,오름테라퓨틱,stock_code,True
483650,,01649204,달바글로벌,stock_code,True
484870,,01519790,엠앤씨솔루션,stock_code,True
487570,,01854763,HS효성,stock_code,True
489790,,01867758,한화비전,stock_code,True
499790,,01882845,GS피앤엘,stock_code,True
