stock_code,period_key,rcept_no,rcept_dt,statement_type,table_selection_status,selected_table_index,selected_table_score,account_family,unit_hint,heading_context,columns_json,value_selection_status,matched_account_name,row_index,selected_column,selected_column_score,selected_column_reason,raw_numeric_value,unit_multiplier,selected_value_krw,row_text,candidate_rows_json
000030,반기보고서_(2018.06),20180814002502,2018-08-14,balance,selected,265,64.0,assets,백만원,(단위:백만원) || (주식회사 우리은행과 종속기업) || (1) 요약연결재무상태표 || (1) 요약연결재무상태표 || 가. 요약연결재무정보,"[""과 목 | 과 목"", ""2018년 반기말 | 제 185기 반기"", ""2017년말 | 제 184기"", ""2016년말 | 제 183기""]",selected,자산총계,20.0,2018년 반기말 | 제 185기 반기,19.0,year=2018 | H1 | 반기말,326561330.0,1000000.0,326561330000000.0,자산총계 | 326561330 | 316295461 | 310682727,
000030,반기보고서_(2018.06),20180814002502,2018-08-14,balance,selected,265,64.0,equity,백만원,(단위:백만원) || (주식회사 우리은행과 종속기업) || (1) 요약연결재무상태표 || (1) 요약연결재무상태표 || 가. 요약연결재무정보,"[""과 목 | 과 목"", ""2018년 반기말 | 제 185기 반기"", ""2017년말 | 제 184기"", ""2016년말 | 제 183기""]",ambiguous_rows,,,,,,,,,,"[{""family"": ""equity"", ""matched_account_name"": ""자본총계"", ""row_index"": 43, ""row_text"": ""자본총계 | 20996611 | 20564900 | 20545953"", ""column_status"": ""selected"", ""selected_column"": ""2018년 반기말 | 제 185기 반기"", ""selected_column_score"": 19.0, ""selected_column_reason"": ""year=2018 | H1 | 반기말"", ""raw_numeric_value"": 20996611.0, ""unit_hint"": ""백만원"", ""unit_multiplier"": 1000000.0, ""selected_value_krw"": 20996611000000.0, ""column_candidates"": ""[{\""column\"": \""2018년 반기말 | 제 185기 반기\"", \""raw\"": \""20996611\"", \""numeric\"": 20996611.0, \""score\"": 19.0, \""reasons\"": \""year=2018 | H1 | 반기말\""}, {\""column\"": \""2017년말 | 제 184기\"", \""raw\"": \""20564900\"", \""numeric\"": 20564900.0, \""score\"": 0.0, \""reasons\"": \""\""}, {\""column\"": \""2016년말 | 제 183기\"", \""raw\"": \""20545953\"", \""numeric\"": 20545953.0, \""score\"": 0.0, \""reasons\"": \""\""}]""}, {""family"": ""equity"", ""matched_account_name"": ""자본총계"", ""row_index"": 44, ""row_text"": ""부채와자본총계 | 326561330 | 316295461 | 310682727"", ""column_status"": ""selected"", ""selected_column"": ""2018년 반기말 | 제 185기 반기"", ""selected_column_score"": 19.0, ""selected_column_reason"": ""year=2018 | H1 | 반기말"", ""raw_numeric_value"": 326561330.0, ""unit_hint"": ""백만원"", ""unit_multiplier"": 1000000.0, ""selected_value_krw"": 326561330000000.0, ""column_candidates"": ""[{\""column\"": \""2018년 반기말 | 제 185기 반기\"", \""raw\"": \""326561330\"", \""numeric\"": 326561330.0, \""score\"": 19.0, \""reasons\"": \""year=2018 | H1 | 반기말\""}, {\""column\"": \""2017년말 | 제 184기\"", \""raw\"": \""316295461\"", \""numeric\"": 316295461.0, \""score\"": 0.0, \""reasons\"": \""\""}, {\""column\"": \""2016년말 | 제 183기\"", \""raw\"": \""310682727\"", \""numeric\"": 310682727.0, \""score\"": 0.0, \""reasons\"": \""\""}]""}]"
000030,반기보고서_(2018.06),20180814002502,2018-08-14,balance,selected,265,64.0,liabilities,백만원,(단위:백만원) || (주식회사 우리은행과 종속기업) || (1) 요약연결재무상태표 || (1) 요약연결재무상태표 || 가. 요약연결재무정보,"[""과 목 | 과 목"", ""2018년 반기말 | 제 185기 반기"", ""2017년말 | 제 184기"", ""2016년말 | 제 183기""]",selected,부채총계,34.0,2018년 반기말 | 제 185기 반기,19.0,year=2018 | H1 | 반기말,305564719.0,1000000.0,305564719000000.0,부채총계 | 305564719 | 295730561 | 290136774,
000060,반기보고서_(2020.06),20200814001271,2020-08-14,balance,selected,668,-25.0,assets,백만원,"(단위 : 백만원) || 주식회사메리츠금융지주 || 주식회사메리츠금융지주 || 주1) 상기 현황은 ㈜메리츠금융지주의 제11기 1분기보고서(공시일자: 2020.05.15) 상의 개별재무제표 기준임 주2) BS 기준일 : 2020.03.31, IS 기준일 : 2020.01.01 ~ 2020.03.31","[""구 분 | 구 분"", ""제10기 1분기 | (2019년 3월말)"", ""제10기 기말 | (2019년 12월말)"", ""제9기 기말 | (2018년 12월말)""]",missing_family,,,,,,,,,,
000060,반기보고서_(2020.06),20200814001271,2020-08-14,balance,selected,668,-25.0,equity,백만원,"(단위 : 백만원) || 주식회사메리츠금융지주 || 주식회사메리츠금융지주 || 주1) 상기 현황은 ㈜메리츠금융지주의 제11기 1분기보고서(공시일자: 2020.05.15) 상의 개별재무제표 기준임 주2) BS 기준일 : 2020.03.31, IS 기준일 : 2020.01.01 ~ 2020.03.31","[""구 분 | 구 분"", ""제10기 1분기 | (2019년 3월말)"", ""제10기 기말 | (2019년 12월말)"", ""제9기 기말 | (2018년 12월말)""]",missing_family,,,,,,,,,,
000060,반기보고서_(2020.06),20200814001271,2020-08-14,balance,selected,668,-25.0,liabilities,백만원,"(단위 : 백만원) || 주식회사메리츠금융지주 || 주식회사메리츠금융지주 || 주1) 상기 현황은 ㈜메리츠금융지주의 제11기 1분기보고서(공시일자: 2020.05.15) 상의 개별재무제표 기준임 주2) BS 기준일 : 2020.03.31, IS 기준일 : 2020.01.01 ~ 2020.03.31","[""구 분 | 구 분"", ""제10기 1분기 | (2019년 3월말)"", ""제10기 기말 | (2019년 12월말)"", ""제9기 기말 | (2018년 12월말)""]",missing_family,,,,,,,,,,
000060,반기보고서_(2020.06),20210115000067,2021-01-15,balance,selected,674,-25.0,assets,백만원,"(단위 : 백만원) || 주식회사메리츠금융지주 || 주식회사메리츠금융지주 || 주1) 상기 현황은 ㈜메리츠금융지주의 제11기 1분기보고서(공시일자: 2020.05.15) 상의 개별재무제표 기준임 주2) BS 기준일 : 2020.03.31, IS 기준일 : 2020.01.01 ~ 2020.03.31","[""구 분 | 구 분"", ""제10기 1분기 | (2019년 3월말)"", ""제10기 기말 | (2019년 12월말)"", ""제9기 기말 | (2018년 12월말)""]",missing_family,,,,,,,,,,
000060,반기보고서_(2020.06),20210115000067,2021-01-15,balance,selected,674,-25.0,equity,백만원,"(단위 : 백만원) || 주식회사메리츠금융지주 || 주식회사메리츠금융지주 || 주1) 상기 현황은 ㈜메리츠금융지주의 제11기 1분기보고서(공시일자: 2020.05.15) 상의 개별재무제표 기준임 주2) BS 기준일 : 2020.03.31, IS 기준일 : 2020.01.01 ~ 2020.03.31","[""구 분 | 구 분"", ""제10기 1분기 | (2019년 3월말)"", ""제10기 기말 | (2019년 12월말)"", ""제9기 기말 | (2018년 12월말)""]",missing_family,,,,,,,,,,
000060,반기보고서_(2020.06),20210115000067,2021-01-15,balance,selected,674,-25.0,liabilities,백만원,"(단위 : 백만원) || 주식회사메리츠금융지주 || 주식회사메리츠금융지주 || 주1) 상기 현황은 ㈜메리츠금융지주의 제11기 1분기보고서(공시일자: 2020.05.15) 상의 개별재무제표 기준임 주2) BS 기준일 : 2020.03.31, IS 기준일 : 2020.01.01 ~ 2020.03.31","[""구 분 | 구 분"", ""제10기 1분기 | (2019년 3월말)"", ""제10기 기말 | (2019년 12월말)"", ""제9기 기말 | (2018년 12월말)""]",missing_family,,,,,,,,,,
000030,반기보고서_(2018.06),20180814002502,2018-08-14,income,selected,164,38.0,net_income,백만원,(단위 : 백만원) || 가.영업실적 || 업 종류별 현황,"[""구 분"", ""2018년 6월 (제47기 반기)"", ""2017년 (제46기)"", ""2016년 (제45기)""]",selected,당기순이익(손실),4.0,2018년 6월 (제47기 반기),15.0,year=2018 | month=6 | H1,16178.0,1000000.0,16178000000.0,당기순이익(손실) | 16178 | 21742 | 23876,
000030,반기보고서_(2018.06),20180814002502,2018-08-14,income,selected,164,38.0,operating_income,백만원,(단위 : 백만원) || 가.영업실적 || 업 종류별 현황,"[""구 분"", ""2018년 6월 (제47기 반기)"", ""2017년 (제46기)"", ""2016년 (제45기)""]",selected,영업이익(손실),2.0,2018년 6월 (제47기 반기),15.0,year=2018 | month=6 | H1,17000.0,1000000.0,17000000000.0,영업이익(손실) | 17000 | 23254 | 21364,
000030,반기보고서_(2018.06),20180814002502,2018-08-14,income,selected,164,38.0,revenue,백만원,(단위 : 백만원) || 가.영업실적 || 업 종류별 현황,"[""구 분"", ""2018년 6월 (제47기 반기)"", ""2017년 (제46기)"", ""2016년 (제45기)""]",selected,영업수익,0.0,2018년 6월 (제47기 반기),15.0,year=2018 | month=6 | H1,108452.0,1000000.0,108452000000.0,영업수익 | 108452 | 183595 | 177379,
000060,반기보고서_(2020.06),20200814001271,2020-08-14,income,selected,82,59.0,net_income,원,(단위 : 원) || 메리츠화재해상보험주식회사와 그 종속기업 || 06월 30일까지 || 01일부터 2019년 || 01월 || 반기 2019년 || 제 99 기,"[""과목 | 과목"", ""주석 | 주석"", ""당반기 | 3개월"", ""당반기 | 누적"", ""전반기 | 3개월"", ""전반기 | 누적""]",ambiguous_rows,,,,,,,,,,"[{""family"": ""net_income"", ""matched_account_name"": ""반기순이익"", ""row_index"": 34, ""row_text"": ""Ⅷ. 연결반기순이익 대손준비금 반영후 조정이익 비상위험준비금 반영후 조정이익 | nan | 106213200111 | 209,833,392,097 208,113,220,193 203,304,920,079 | 85140355224 | 158,650,837,487 153,843,567,117 149,156,498,714"", ""column_status"": ""selected"", ""selected_column"": ""당반기 | 누적"", ""selected_column_score"": 24.0, ""selected_column_reason"": ""당반기 | H1 | 누적"", ""raw_numeric_value"": 2.0983339209720812e+35, ""unit_hint"": ""원"", ""unit_multiplier"": 1.0, ""selected_value_krw"": 2.0983339209720812e+35, ""column_candidates"": ""[{\""column\"": \""당반기 | 누적\"", \""raw\"": \""209,833,392,097 208,113,220,193 203,304,920,079\"", \""numeric\"": 2.0983339209720812e+35, \""score\"": 24.0, \""reasons\"": \""당반기 | H1 | 누적\""}, {\""column\"": \""당반기 | 3개월\"", \""raw\"": \""106213200111\"", \""numeric\"": 106213200111.0, \""score\"": 11.0, \""reasons\"": \""당반기 | H1 | 3개월_penalty\""}, {\""column\"": \""전반기 | 누적\"", \""raw\"": \""158,650,837,487 153,843,567,117 149,156,498,714\"", \""numeric\"": 1.5865083748715384e+35, \""score\"": 2.0, \""reasons\"": \""H1 | 누적 | 전반기_penalty\""}, {\""column\"": \""전반기 | 3개월\"", \""raw\"": \""85140355224\"", \""numeric\"": 85140355224.0, \""score\"": -11.0, \""reasons\"": \""H1 | 3개월_penalty | 전반기_penalty\""}]""}, {""family"": ""net_income"", ""matched_account_name"": ""반기순이익"", ""row_index"": 35, ""row_text"": ""1. 지배주주지분반기순이익 | nan | 106579537145 | 209309959857 | 85005647472 | 158127048835"", ""column_status"": ""selected"", ""selected_column"": ""당반기 | 누적"", ""selected_column_score"": 24.0, ""selected_column_reason"": ""당반기 | H1 | 누적"", ""raw_numeric_value"": 209309959857.0, ""unit_hint"": ""원"", ""unit_multiplier"": 1.0, ""selected_value_krw"": 209309959857.0, ""column_candidates"": ""[{\""column\"": \""당반기 | 누적\"", \""raw\"": \""209309959857\"", \""numeric\"": 209309959857.0, \""score\"": 24.0, \""reasons\"": \""당반기 | H1 | 누적\""}, {\""column\"": \""당반기 | 3개월\"", \""raw\"": \""106579537145\"", \""numeric\"": 106579537145.0, \""score\"": 11.0, \""reasons\"": \""당반기 | H1 | 3개월_penalty\""}, {\""column\"": \""전반기 | 누적\"", \""raw\"": \""158127048835\"", \""numeric\"": 158127048835.0, \""score\"": 2.0, \""reasons\"": \""H1 | 누적 | 전반기_penalty\""}, {\""column\"": \""과목 | 과목\"", \""raw\"": \""1. 지배주주지분반기순이익\"", \""numeric\"": 1.0, \""score\"": 0.0, \""reasons\"": \""\""}, {\""column\"": \""전반기 | 3개월\"", \""raw\"": \""85005647472\"", \""numeric\"": 85005647472.0, \""score\"": -11.0, \""reasons\"": \""H1 | 3개월_penalty | 전반기_penalty\""}]""}, {""family"": ""net_income"", ""matched_account_name"": ""반기순이익"", ""row_index"": 36, ""row_text"": ""2. 비지배주주지분반기순이익 | nan | (366,337,034) | 523432240 | 134707752 | 523788652"", ""column_status"": ""selected"", ""selected_column"": ""당반기 | 누적"", ""selected_column_score"": 24.0, ""selected_column_reason"": ""당반기 | H1 | 누적"", ""raw_numeric_value"": 523432240.0, ""unit_hint"": ""원"", ""unit_multiplier"": 1.0, ""selected_value_krw"": 523432240.0, ""column_candidates"": ""[{\""column\"": \""당반기 | 누적\"", \""raw\"": \""523432240\"", \""numeric\"": 523432240.0, \""score\"": 24.0, \""reasons\"": \""당반기 | H1 | 누적\""}, {\""column\"": \""당반기 | 3개월\"", \""raw\"": \""(366,337,034)\"", \""numeric\"": -366337034.0, \""score\"": 11.0, \""reasons\"": \""당반기 | H1 | 3개월_penalty\""}, {\""column\"": \""전반기 | 누적\"", \""raw\"": \""523788652\"", \""numeric\"": 523788652.0, \""score\"": 2.0, \""reasons\"": \""H1 | 누적 | 전반기_penalty\""}, {\""column\"": \""과목 | 과목\"", \""raw\"": \""2. 비지배주주지분반기순이익\"", \""numeric\"": 2.0, \""score\"": 0.0, \""reasons\"": \""\""}, {\""column\"": \""전반기 | 3개월\"", \""raw\"": \""134707752\"", \""numeric\"": 134707752.0, \""score\"": -11.0, \""reasons\"": \""H1 | 3개월_penalty | 전반기_penalty\""}]""}]"
000060,반기보고서_(2020.06),20200814001271,2020-08-14,income,selected,82,59.0,operating_income,원,(단위 : 원) || 메리츠화재해상보험주식회사와 그 종속기업 || 06월 30일까지 || 01일부터 2019년 || 01월 || 반기 2019년 || 제 99 기,"[""과목 | 과목"", ""주석 | 주석"", ""당반기 | 3개월"", ""당반기 | 누적"", ""전반기 | 3개월"", ""전반기 | 누적""]",selected,영업이익,24.0,당반기 | 누적,24.0,당반기 | H1 | 누적,292504882891.0,1.0,292504882891.0,Ⅲ. 영업이익 | nan | 146220101537 | 292504882891 | 117626192991 | 218350346531,
000060,반기보고서_(2020.06),20200814001271,2020-08-14,income,selected,82,59.0,revenue,원,(단위 : 원) || 메리츠화재해상보험주식회사와 그 종속기업 || 06월 30일까지 || 01일부터 2019년 || 01월 || 반기 2019년 || 제 99 기,"[""과목 | 과목"", ""주석 | 주석"", ""당반기 | 3개월"", ""당반기 | 누적"", ""전반기 | 3개월"", ""전반기 | 누적""]",ambiguous_rows,,,,,,,,,,"[{""family"": ""revenue"", ""matched_account_name"": ""영업수익"", ""row_index"": 0, ""row_text"": ""Ⅰ. 영업수익 | nan | 2711119012136 | 5592241326173 | 2451652402676 | 4785346415612"", ""column_status"": ""selected"", ""selected_column"": ""당반기 | 누적"", ""selected_column_score"": 24.0, ""selected_column_reason"": ""당반기 | H1 | 누적"", ""raw_numeric_value"": 5592241326173.0, ""unit_hint"": ""원"", ""unit_multiplier"": 1.0, ""selected_value_krw"": 5592241326173.0, ""column_candidates"": ""[{\""column\"": \""당반기 | 누적\"", \""raw\"": \""5592241326173\"", \""numeric\"": 5592241326173.0, \""score\"": 24.0, \""reasons\"": \""당반기 | H1 | 누적\""}, {\""column\"": \""당반기 | 3개월\"", \""raw\"": \""2711119012136\"", \""numeric\"": 2711119012136.0, \""score\"": 11.0, \""reasons\"": \""당반기 | H1 | 3개월_penalty\""}, {\""column\"": \""전반기 | 누적\"", \""raw\"": \""4785346415612\"", \""numeric\"": 4785346415612.0, \""score\"": 2.0, \""reasons\"": \""H1 | 누적 | 전반기_penalty\""}, {\""column\"": \""전반기 | 3개월\"", \""raw\"": \""2451652402676\"", \""numeric\"": 2451652402676.0, \""score\"": -11.0, \""reasons\"": \""H1 | 3개월_penalty | 전반기_penalty\""}]""}, {""family"": ""revenue"", ""matched_account_name"": ""영업수익"", ""row_index"": 9, ""row_text"": ""7. 기타영업수익 | 20.0 | 29047733469 | 248306434076 | 96392596283 | 201933423788"", ""column_status"": ""selected"", ""selected_column"": ""당반기 | 누적"", ""selected_column_score"": 24.0, ""selected_column_reason"": ""당반기 | H1 | 누적"", ""raw_numeric_value"": 248306434076.0, ""unit_hint"": ""원"", ""unit_multiplier"": 1.0, ""selected_value_krw"": 248306434076.0, ""column_candidates"": ""[{\""column\"": \""당반기 | 누적\"", \""raw\"": \""248306434076\"", \""numeric\"": 248306434076.0, \""score\"": 24.0, \""reasons\"": \""당반기 | H1 | 누적\""}, {\""column\"": \""당반기 | 3개월\"", \""raw\"": \""29047733469\"", \""numeric\"": 29047733469.0, \""score\"": 11.0, \""reasons\"": \""당반기 | H1 | 3개월_penalty\""}, {\""column\"": \""전반기 | 누적\"", \""raw\"": \""201933423788\"", \""numeric\"": 201933423788.0, \""score\"": 2.0, \""reasons\"": \""H1 | 누적 | 전반기_penalty\""}, {\""column\"": \""과목 | 과목\"", \""raw\"": \""7. 기타영업수익\"", \""numeric\"": 7.0, \""score\"": 0.0, \""reasons\"": \""\""}, {\""column\"": \""주석 | 주석\"", \""raw\"": \""20.0\"", \""numeric\"": 20.0, \""score\"": 0.0, \""reasons\"": \""\""}, {\""column\"": \""전반기 | 3개월\"", \""raw\"": \""96392596283\"", \""numeric\"": 96392596283.0, \""score\"": -11.0, \""reasons\"": \""H1 | 3개월_penalty | 전반기_penalty\""}]""}]"
000060,반기보고서_(2020.06),20210115000067,2021-01-15,income,selected,88,59.0,net_income,원,(단위 : 원) || 메리츠화재해상보험주식회사와 그 종속기업 || 06월 30일까지 || 01일부터 2019년 || 01월 || 반기 2019년 || 제 99 기,"[""과목 | 과목"", ""주석 | 주석"", ""당반기 | 3개월"", ""당반기 | 누적"", ""전반기 | 3개월"", ""전반기 | 누적""]",ambiguous_rows,,,,,,,,,,"[{""family"": ""net_income"", ""matched_account_name"": ""반기순이익"", ""row_index"": 34, ""row_text"": ""Ⅷ. 연결반기순이익 대손준비금 반영후 조정이익 비상위험준비금 반영후 조정이익 | nan | 106213200111 | 209,833,392,097 208,113,220,193 203,304,920,079 | 85140355224 | 158,650,837,487 153,843,567,117 149,156,498,714"", ""column_status"": ""selected"", ""selected_column"": ""당반기 | 누적"", ""selected_column_score"": 24.0, ""selected_column_reason"": ""당반기 | H1 | 누적"", ""raw_numeric_value"": 2.0983339209720812e+35, ""unit_hint"": ""원"", ""unit_multiplier"": 1.0, ""selected_value_krw"": 2.0983339209720812e+35, ""column_candidates"": ""[{\""column\"": \""당반기 | 누적\"", \""raw\"": \""209,833,392,097 208,113,220,193 203,304,920,079\"", \""numeric\"": 2.0983339209720812e+35, \""score\"": 24.0, \""reasons\"": \""당반기 | H1 | 누적\""}, {\""column\"": \""당반기 | 3개월\"", \""raw\"": \""106213200111\"", \""numeric\"": 106213200111.0, \""score\"": 11.0, \""reasons\"": \""당반기 | H1 | 3개월_penalty\""}, {\""column\"": \""전반기 | 누적\"", \""raw\"": \""158,650,837,487 153,843,567,117 149,156,498,714\"", \""numeric\"": 1.5865083748715384e+35, \""score\"": 2.0, \""reasons\"": \""H1 | 누적 | 전반기_penalty\""}, {\""column\"": \""전반기 | 3개월\"", \""raw\"": \""85140355224\"", \""numeric\"": 85140355224.0, \""score\"": -11.0, \""reasons\"": \""H1 | 3개월_penalty | 전반기_penalty\""}]""}, {""family"": ""net_income"", ""matched_account_name"": ""반기순이익"", ""row_index"": 35, ""row_text"": ""1. 지배주주지분반기순이익 | nan | 106579537145 | 209309959857 | 85005647472 | 158127048835"", ""column_status"": ""selected"", ""selected_column"": ""당반기 | 누적"", ""selected_column_score"": 24.0, ""selected_column_reason"": ""당반기 | H1 | 누적"", ""raw_numeric_value"": 209309959857.0, ""unit_hint"": ""원"", ""unit_multiplier"": 1.0, ""selected_value_krw"": 209309959857.0, ""column_candidates"": ""[{\""column\"": \""당반기 | 누적\"", \""raw\"": \""209309959857\"", \""numeric\"": 209309959857.0, \""score\"": 24.0, \""reasons\"": \""당반기 | H1 | 누적\""}, {\""column\"": \""당반기 | 3개월\"", \""raw\"": \""106579537145\"", \""numeric\"": 106579537145.0, \""score\"": 11.0, \""reasons\"": \""당반기 | H1 | 3개월_penalty\""}, {\""column\"": \""전반기 | 누적\"", \""raw\"": \""158127048835\"", \""numeric\"": 158127048835.0, \""score\"": 2.0, \""reasons\"": \""H1 | 누적 | 전반기_penalty\""}, {\""column\"": \""과목 | 과목\"", \""raw\"": \""1. 지배주주지분반기순이익\"", \""numeric\"": 1.0, \""score\"": 0.0, \""reasons\"": \""\""}, {\""column\"": \""전반기 | 3개월\"", \""raw\"": \""85005647472\"", \""numeric\"": 85005647472.0, \""score\"": -11.0, \""reasons\"": \""H1 | 3개월_penalty | 전반기_penalty\""}]""}, {""family"": ""net_income"", ""matched_account_name"": ""반기순이익"", ""row_index"": 36, ""row_text"": ""2. 비지배주주지분반기순이익 | nan | (366,337,034) | 523432240 | 134707752 | 523788652"", ""column_status"": ""selected"", ""selected_column"": ""당반기 | 누적"", ""selected_column_score"": 24.0, ""selected_column_reason"": ""당반기 | H1 | 누적"", ""raw_numeric_value"": 523432240.0, ""unit_hint"": ""원"", ""unit_multiplier"": 1.0, ""selected_value_krw"": 523432240.0, ""column_candidates"": ""[{\""column\"": \""당반기 | 누적\"", \""raw\"": \""523432240\"", \""numeric\"": 523432240.0, \""score\"": 24.0, \""reasons\"": \""당반기 | H1 | 누적\""}, {\""column\"": \""당반기 | 3개월\"", \""raw\"": \""(366,337,034)\"", \""numeric\"": -366337034.0, \""score\"": 11.0, \""reasons\"": \""당반기 | H1 | 3개월_penalty\""}, {\""column\"": \""전반기 | 누적\"", \""raw\"": \""523788652\"", \""numeric\"": 523788652.0, \""score\"": 2.0, \""reasons\"": \""H1 | 누적 | 전반기_penalty\""}, {\""column\"": \""과목 | 과목\"", \""raw\"": \""2. 비지배주주지분반기순이익\"", \""numeric\"": 2.0, \""score\"": 0.0, \""reasons\"": \""\""}, {\""column\"": \""전반기 | 3개월\"", \""raw\"": \""134707752\"", \""numeric\"": 134707752.0, \""score\"": -11.0, \""reasons\"": \""H1 | 3개월_penalty | 전반기_penalty\""}]""}]"
000060,반기보고서_(2020.06),20210115000067,2021-01-15,income,selected,88,59.0,operating_income,원,(단위 : 원) || 메리츠화재해상보험주식회사와 그 종속기업 || 06월 30일까지 || 01일부터 2019년 || 01월 || 반기 2019년 || 제 99 기,"[""과목 | 과목"", ""주석 | 주석"", ""당반기 | 3개월"", ""당반기 | 누적"", ""전반기 | 3개월"", ""전반기 | 누적""]",selected,영업이익,24.0,당반기 | 누적,24.0,당반기 | H1 | 누적,292504882891.0,1.0,292504882891.0,Ⅲ. 영업이익 | nan | 146220101537 | 292504882891 | 117626192991 | 218350346531,
000060,반기보고서_(2020.06),20210115000067,2021-01-15,income,selected,88,59.0,revenue,원,(단위 : 원) || 메리츠화재해상보험주식회사와 그 종속기업 || 06월 30일까지 || 01일부터 2019년 || 01월 || 반기 2019년 || 제 99 기,"[""과목 | 과목"", ""주석 | 주석"", ""당반기 | 3개월"", ""당반기 | 누적"", ""전반기 | 3개월"", ""전반기 | 누적""]",ambiguous_rows,,,,,,,,,,"[{""family"": ""revenue"", ""matched_account_name"": ""영업수익"", ""row_index"": 0, ""row_text"": ""Ⅰ. 영업수익 | nan | 2711119012136 | 5592241326173 | 2451652402676 | 4785346415612"", ""column_status"": ""selected"", ""selected_column"": ""당반기 | 누적"", ""selected_column_score"": 24.0, ""selected_column_reason"": ""당반기 | H1 | 누적"", ""raw_numeric_value"": 5592241326173.0, ""unit_hint"": ""원"", ""unit_multiplier"": 1.0, ""selected_value_krw"": 5592241326173.0, ""column_candidates"": ""[{\""column\"": \""당반기 | 누적\"", \""raw\"": \""5592241326173\"", \""numeric\"": 5592241326173.0, \""score\"": 24.0, \""reasons\"": \""당반기 | H1 | 누적\""}, {\""column\"": \""당반기 | 3개월\"", \""raw\"": \""2711119012136\"", \""numeric\"": 2711119012136.0, \""score\"": 11.0, \""reasons\"": \""당반기 | H1 | 3개월_penalty\""}, {\""column\"": \""전반기 | 누적\"", \""raw\"": \""4785346415612\"", \""numeric\"": 4785346415612.0, \""score\"": 2.0, \""reasons\"": \""H1 | 누적 | 전반기_penalty\""}, {\""column\"": \""전반기 | 3개월\"", \""raw\"": \""2451652402676\"", \""numeric\"": 2451652402676.0, \""score\"": -11.0, \""reasons\"": \""H1 | 3개월_penalty | 전반기_penalty\""}]""}, {""family"": ""revenue"", ""matched_account_name"": ""영업수익"", ""row_index"": 9, ""row_text"": ""7. 기타영업수익 | 20.0 | 29047733469 | 248306434076 | 96392596283 | 201933423788"", ""column_status"": ""selected"", ""selected_column"": ""당반기 | 누적"", ""selected_column_score"": 24.0, ""selected_column_reason"": ""당반기 | H1 | 누적"", ""raw_numeric_value"": 248306434076.0, ""unit_hint"": ""원"", ""unit_multiplier"": 1.0, ""selected_value_krw"": 248306434076.0, ""column_candidates"": ""[{\""column\"": \""당반기 | 누적\"", \""raw\"": \""248306434076\"", \""numeric\"": 248306434076.0, \""score\"": 24.0, \""reasons\"": \""당반기 | H1 | 누적\""}, {\""column\"": \""당반기 | 3개월\"", \""raw\"": \""29047733469\"", \""numeric\"": 29047733469.0, \""score\"": 11.0, \""reasons\"": \""당반기 | H1 | 3개월_penalty\""}, {\""column\"": \""전반기 | 누적\"", \""raw\"": \""201933423788\"", \""numeric\"": 201933423788.0, \""score\"": 2.0, \""reasons\"": \""H1 | 누적 | 전반기_penalty\""}, {\""column\"": \""과목 | 과목\"", \""raw\"": \""7. 기타영업수익\"", \""numeric\"": 7.0, \""score\"": 0.0, \""reasons\"": \""\""}, {\""column\"": \""주석 | 주석\"", \""raw\"": \""20.0\"", \""numeric\"": 20.0, \""score\"": 0.0, \""reasons\"": \""\""}, {\""column\"": \""전반기 | 3개월\"", \""raw\"": \""96392596283\"", \""numeric\"": 96392596283.0, \""score\"": -11.0, \""reasons\"": \""H1 | 3개월_penalty | 전반기_penalty\""}]""}]"
