fold,max_depth,min_samples_leaf,max_features,validation_rmse,test_start,test_end,test_rows,test_signals,rf_rmse,rf_mae,rf_r2,mean_ic,median_ic,ic_signals,dummy_rmse,dummy_mae,dummy_r2,rmse_improvement,rf_better
1,3.0,0.015,1.0,0.06513691810529619,2021-11-04,2022-05-04,1250,25,0.06577358419428721,0.04846750613005085,-0.06453840074769635,-0.03989400863623331,-0.05028355188131141,25,0.06454794662386591,0.04762054947226941,-0.025234418652478885,-0.0012256375704212952,False
2,,0.01,sqrt,0.06364448167346057,2022-05-04,2022-11-04,1250,25,0.06951510346257017,0.05148629323853746,-0.15671408016699306,-0.052400480192076826,-0.09042016806722687,25,0.06527584867779408,0.047684552894825094,-0.019935549119243667,-0.004239254784776089,False
3,1.0,0.03,1.0,0.06552628820304329,2022-11-04,2023-05-04,1248,25,0.07501946178587689,0.04945261094468577,-0.02352382710908607,,,0,0.0744695951104341,0.04908025718543993,-0.008574664315200042,-0.0005498666754427811,False
4,,0.005,sqrt,0.07395931724253725,2023-05-04,2023-11-04,1250,25,0.07769732478042513,0.05167495850109451,-0.02919374601960234,0.019593757503001196,0.05930372148859543,25,0.07692294378962171,0.050796123417500304,-0.008780779940881667,-0.0007743809908034166,False
5,2.0,0.02,1.0,0.076791841212266,2023-11-04,2024-05-04,1197,24,0.07643285992506875,0.051719573663393116,-0.014704515156609865,-0.012919694472471845,-0.010848373129692637,23,0.07606876959946429,0.051544166319605796,-0.005060386481996693,-0.00036409032560445753,False
6,1.0,0.005,1.0,0.07610904976173902,2024-05-04,2024-11-04,1249,25,0.08219801584555601,0.05739835104476676,-0.00940505787586332,0.031289729645871935,0.042434894699000324,21,0.08182784271667451,0.057120114311118804,-0.0003339565665045896,-0.0003701731288815041,False
7,12.0,0.005,1.0,0.08084331662973487,2024-11-04,2025-05-04,1198,24,0.08524559717539444,0.06305977570301817,-0.02899662129334102,-0.05905712284913966,-0.010132052821128452,24,0.08403649305143392,0.06200813842344528,-1.352704465662491e-05,-0.001209104123960525,False
8,2.0,0.005,0.5,0.08375276207950828,2025-05-04,2025-11-04,1249,25,0.08078122870432992,0.05773236256663578,-0.08485205786458039,-0.023419608370534795,-0.05826511808453013,21,0.07927550919480637,0.05628148685004839,-0.04478682725678951,-0.001505719509523551,False
9,1.0,0.03,sqrt,0.07938913783134724,2025-11-04,2026-05-04,1249,25,0.09921411679736591,0.06833514073166143,-0.022931903576290935,-0.047740186595623096,-0.03464794643376186,25,0.09964406365798913,0.06862530163402268,-0.031816915724609984,0.0004299468606232121,True
