fold,best_alpha,test_start,test_end,test_rows,test_signals,ridge_rmse,ridge_mae,ridge_r2,mean_ic,median_ic,dummy_rmse,dummy_mae,dummy_r2,rmse_improvement,ridge_better,alpha_upper_bound
1,100000.0,2021-11-04,2022-05-04,1250,25,0.06416200875265132,0.04719493397945572,-0.013011136071444884,-0.05793997599039617,-0.07812725090036014,0.06454794662386591,0.04762054947226941,-0.025234418652478885,0.00038593787121458945,True,False
2,10000.0,2022-05-04,2022-11-04,1250,25,0.06522213508850692,0.047432576442954066,-0.018257689388484488,-0.07234573829531814,-0.07178871548619448,0.06527584867779408,0.047684552894825094,-0.019935549119243667,5.371358928715764e-05,True,False
3,100000.0,2022-11-04,2023-05-04,1248,25,0.07475443378648156,0.0492585807572607,-0.016304811959671595,-0.04503193277310924,-0.0912845138055222,0.0744695951104341,0.04908025718543993,-0.008574664315200042,-0.0002848386760474497,False,False
4,100000000.0,2023-05-04,2023-11-04,1250,25,0.07692299905298634,0.05079616490562538,-0.008782229408033082,-0.09247923169267708,-0.05978391356542617,0.07692294378962171,0.050796123417500304,-0.008780779940881667,-5.5263364634461354e-08,False,True
5,100000000.0,2023-11-04,2024-05-04,1197,24,0.07606883875104346,0.05154420612435955,-0.005062213816521721,-0.09627250900360144,-0.11721488595438175,0.07606876959946429,0.051544166319605796,-0.005060386481996693,-6.915157917120052e-08,False,True
6,100000000.0,2024-05-04,2024-11-04,1249,25,0.08182782962500877,0.05712016229605292,-0.00033363647895723325,-0.100478031212485,-0.1140456182472989,0.08182784271667451,0.057120114311118804,-0.0003339565665045896,1.3091665737596792e-08,True,True
7,1000000.0,2024-11-04,2025-05-04,1198,24,0.08404147821783928,0.06201651542535927,-0.00013217506350038377,-0.06701305522208884,-0.08638655462184874,0.08403649305143392,0.06200813842344528,-1.352704465662491e-05,-4.98516640536073e-06,False,False
8,100000000.0,2025-05-04,2025-11-04,1249,25,0.07927584635401518,0.05628175206160314,-0.04479571424478124,-0.0746893157262905,-0.1057863145258103,0.07927550919480637,0.05628148685004839,-0.04478682725678951,-3.371592088019515e-07,False,True
9,100000000.0,2025-11-04,2026-05-04,1249,25,0.09964326850071474,0.06862470949567295,-0.031800448041084506,-0.013923649459783922,0.01205282112845138,0.09964406365798913,0.06862530163402268,-0.031816915724609984,7.951572743858382e-07,True,True
