fold,best_alpha,test_start,test_end,test_rows,test_signals,ridge_rmse,ridge_mae,ridge_r2,mean_ic,median_ic,dummy_rmse,dummy_mae,dummy_r2
1,100000.0,2021-11-04,2022-05-04,1250,25,0.06416200875265132,0.04719493397945572,-0.013011136071444884,-0.05793997599039617,-0.07812725090036014,0.06454794662386591,0.04762054947226941,-0.025234418652478885
2,10000.0,2022-05-04,2022-11-04,1250,25,0.06522213508850692,0.047432576442954066,-0.018257689388484488,-0.07234573829531814,-0.07178871548619448,0.06527584867779408,0.047684552894825094,-0.019935549119243667
3,100000.0,2022-11-04,2023-05-04,1248,25,0.07475443378648156,0.0492585807572607,-0.016304811959671595,-0.04503193277310924,-0.0912845138055222,0.0744695951104341,0.04908025718543993,-0.008574664315200042
4,1000000.0,2023-05-04,2023-11-04,1250,25,0.07692875990612137,0.05080013677393804,-0.008933332821924322,-0.09255222088835534,-0.062953181272509,0.07692294378962171,0.050796123417500304,-0.008780779940881667
5,1000000.0,2023-11-04,2024-05-04,1197,24,0.07607605956297371,0.05154978850597122,-0.0052530333372338145,-0.0979314225690276,-0.11663865546218485,0.07606876959946429,0.051544166319605796,-0.005060386481996693
6,1000000.0,2024-05-04,2024-11-04,1249,25,0.08182721230353135,0.057124961389561454,-0.0003185432005003985,-0.09955966386554621,-0.1065546218487395,0.08182784271667451,0.057120114311118804,-0.0003339565665045896
7,1000000.0,2024-11-04,2025-05-04,1198,24,0.08404147821783928,0.06201651542535927,-0.00013217506350038377,-0.06701305522208884,-0.08638655462184874,0.08403649305143392,0.06200813842344528,-1.352704465662491e-05
8,1000000.0,2025-05-04,2025-11-04,1249,25,0.07930920720898829,0.05630750648038364,-0.045675240955638685,-0.07431596638655462,-0.10703481392557021,0.07927550919480637,0.05628148685004839,-0.04478682725678951
9,1000000.0,2025-11-04,2026-05-04,1249,25,0.09956857412465311,0.06856756320800557,-0.03025411570099723,-0.012025210084033613,0.017430972388955582,0.09964406365798913,0.06862530163402268,-0.031816915724609984
