fold,ridge_rmse,ridge_mae,ridge_r2,ridge_mean_ic,dummy_rmse,rf_rmse,rf_mae,rf_r2,rf_mean_ic,xgb_rmse,xgb_mae,xgb_r2,xgb_mean_ic,best_rmse_model
1,0.0641620087526513,0.0471949339794557,-0.0130111360714448,-0.0579399759903961,0.0645479466238659,0.0657735841942872,0.0484675061300508,-0.0645384007476963,-0.0398940086362333,0.0649842140868927,0.0477292815735786,-0.0391399871798496,0.0544524003593453,ridge
2,0.0652221350885069,0.047432576442954,-0.0182576893884844,-0.0723457382953181,0.065275848677794,0.0695151034625701,0.0514862932385374,-0.156714080166993,-0.0524004801920768,0.0709489810538914,0.051634176527614,-0.2049249587196746,-0.0806707774765141,ridge
3,0.0747544337864815,0.0492585807572607,-0.0163048119596715,-0.0450319327731092,0.0744695951104341,0.0750194617858768,0.0494526109446857,-0.023523827109086,,0.074454206695748,0.0490344206680137,-0.0081578831688189,,xgb
4,0.0769229990529863,0.0507961649056253,-0.008782229408033,-0.092479231692677,0.0769229437896217,0.0776973247804251,0.0516749585010945,-0.0291937460196023,0.0195937575030011,0.0780701556212747,0.051970388805453,-0.0390946222723256,0.0283553449584926,ridge
5,0.0760688387510434,0.0515442061243595,-0.0050622138165217,-0.0962725090036014,0.0760687695994642,0.0764328599250687,0.0517195736633931,-0.0147045151566098,-0.0129196944724718,0.0761142601040665,0.0515191969455202,-0.0062628346163104,,ridge
6,0.0818278296250087,0.0571201622960529,-0.0003336364789572,-0.100478031212485,0.0818278427166745,0.082198015845556,0.0573983510447667,-0.0094050578758633,0.0312897296458719,0.0816014758748266,0.0569895409603115,0.0051929941194241,-0.0856233910036305,xgb
7,0.0840414782178392,0.0620165154253592,-0.0001321750635003,-0.0670130552220888,0.0840364930514339,0.0852455971753944,0.0630597757030181,-0.028996621293341,-0.0590571228491396,0.0854966848007027,0.0630578602183073,-0.0350672884863114,0.0262134327130155,ridge
8,0.0792758463540151,0.0562817520616031,-0.0447957142447812,-0.0746893157262905,0.0792755091948063,0.0807812287043299,0.0577323625666357,-0.0848520578645803,-0.0234196083705347,0.0796581706069581,0.056992915800922,-0.0548975037928045,-0.0388294320815693,ridge
9,0.0996432685007147,0.0686247094956729,-0.0318004480410845,-0.0139236494597839,0.0996440636579891,0.0992141167973659,0.0683351407316614,-0.0229319035762909,-0.047740186595623,0.0995525417418563,0.0689343265714095,-0.0299223624605746,-0.0411551413836407,rf
