date,Breadth_20D,Momentum_20D,Dispersion_20D,Leader,Leader_Momentum_20D,Leadership_Gap_20D,NAVER_Momentum_20D,Semiconductor_Momentum_20D,Auto_Momentum_20D,Finance_Momentum_20D,NAVER_Relative_Strength,Semiconductor_Relative_Strength,Auto_Relative_Strength,Finance_Relative_Strength
2025-04-16,0.45,-0.0882749375372112,0.0190667892578808,105560.KS,-0.014778235093479308,0.04462366743381685,-0.11346153247638324,-0.10634332667930663,-0.10931370778675864,-0.014778235093479308,-0.02341350673333635,-0.016295300936259735,-0.01926568204371175,0.07526979064956758
2025-04-17,0.45,-0.0963300467379255,0.0185482282207988,105560.KS,-0.024301321926639807,0.054978343519745954,-0.1173077041320233,-0.1229731598176213,-0.10271591981451222,-0.024301321926639807,-0.019253451030339708,-0.024918906715937716,-0.004661666712828638,0.07375293117504378
2025-04-18,0.45,-0.0922607475025475,0.0184493546029269,105560.KS,0.013530010388383973,0.1003592897698069,-0.10501196770937993,-0.14316887371823628,-0.08682927938142293,0.013530010388383973,-0.012082170881601642,-0.05023907689045799,0.006100517446355355,0.10645980721616226
2025-04-21,0.4699999999999999,-0.0884248254092596,0.0174084349975399,105560.KS,0.012224881039797575,0.0910820431046121,-0.09420291734336195,-0.12193453738103749,-0.12065722845920301,0.012224881039797575,-0.00490204943839348,-0.03263366947606902,-0.03135636055423455,0.10152574894476604
2025-04-22,0.4599999999999999,-0.0884651662371139,0.017420526571863,105560.KS,0.018314929206580288,0.08482096016043184,-0.06650603095385155,-0.11961318766923462,-0.15636361792090914,0.018314929206580288,0.022250188047478386,-0.03085696866790469,-0.0676073989195792,0.10707114820791022
2025-04-23,0.47,-0.0801002865821487,0.0172866739387381,105560.KS,0.039119799744729455,0.09353154623938742,-0.054411746494657964,-0.1208249485307275,-0.14414423603550464,0.039119799744729455,0.025805469474719664,-0.04060773256134988,-0.06392702006612701,0.11933701571410708
2025-04-24,0.4600000000000001,-0.0638414723478764,0.0166152900340881,105560.KS,0.05486295404723851,0.08671333566447503,-0.03185038161723652,-0.11599906074197508,-0.11105882665442723,0.05486295404723851,0.03215849352443856,-0.0519901856003,-0.04704995151275215,0.11887182918891359
2025-04-25,0.49,-0.025749157529456,0.0169036925168447,105560.KS,0.10419325644777988,0.11035661338425684,-0.00616335693647696,-0.0747562550715879,-0.07902438774503151,0.10419325644777988,0.019938042738903917,-0.04865485539620702,-0.05292298806965064,0.13029465612316077
2025-04-28,0.51,0.0008882848564379,0.0163417844623319,105560.KS,0.0962025390024388,0.07264234451010121,0.023560194492337594,-0.040111693446017616,-0.04158207887678622,0.0962025390024388,0.023968740947146606,-0.0397031469912086,-0.04117353242197721,0.09661108545724781
2025-04-29,0.49,-0.0113682515798652,0.0162681410422371,105560.KS,0.10301519106015844,0.10403197257061236,-0.0010167815104539235,-0.06662690129386778,-0.029204421531887625,0.10301519106015844,0.01107518140352981,-0.054534938379884046,-0.017112458617903892,0.11510715397414217
2025-04-30,0.4899999999999999,-0.0086093264359859,0.0168320946118547,105560.KS,0.12049680647687833,0.0954456855292205,0.025051120947657823,-0.07960243522116339,-0.029037207906187912,0.12049680647687833,0.033589951132453534,-0.07106360503636769,-0.0204983777213922,0.12903563666167403
2025-05-02,0.5,0.0144444239049743,0.0173549755875931,105560.KS,0.20881983465309073,0.21486207956558745,-0.006042244912496719,-0.050742383735215946,-0.022703815922914483,0.20881983465309073,-0.021760046181946248,-0.06646018500466547,-0.03842161719236401,0.1931020333836412
2025-05-07,0.53,0.0415572963844326,0.0166022468616752,105560.KS,0.20463350449165274,0.1574326963339332,0.006572285764118613,0.010231452175775313,-0.021897783991791986,0.20463350449165274,-0.035381896358987384,-0.031722729947330684,-0.06385196611489799,0.16267932236854674
2025-05-08,0.54,0.1005234862953006,0.016621077731303,105560.KS,0.3070540722504851,0.15232105119554373,-0.016162621805993593,0.09052446924073887,0.04466767634688651,0.3070540722504851,-0.11948423486056474,-0.012797143813832276,-0.05865393670768464,0.20373245919591393
2025-05-09,0.5399999999999999,0.1153386236661322,0.0154988019025663,105560.KS,0.3176812899430759,0.1961473271839962,0.06347441954061539,0.07291656233497978,0.05970991386308033,0.3176812899430759,-0.05386533006273084,-0.04442318726836644,-0.057629835740265895,0.20034154033972965
2025-05-12,0.5700000000000001,0.1509252839755936,0.0160328307440941,105560.KS,0.31309556712225484,0.13127763651018065,0.0751837595253586,0.13430525731467435,0.10000001843663253,0.31309556712225484,-0.07619421241736032,-0.017072714628044577,-0.0513779535060864,0.1617175951795359
2025-05-13,0.55,0.0795429817372059,0.0153032023289505,105560.KS,0.2319153080127463,0.14840013139684127,0.02338233945655155,0.04619024907710545,0.05187171246655331,0.2319153080127463,-0.05652763216146087,-0.033719722540906966,-0.028038259151459105,0.15200533639473388
2025-05-14,0.6,0.1175373460025246,0.0150794235895614,105560.KS,0.2541244784197625,0.11474399804365798,0.04480877937846217,0.0896177002783054,0.1104225968745447,0.2541244784197625,-0.07290947166741386,-0.028100550767570634,-0.007295654171331337,0.13640622737388647
2025-05-15,0.5800000000000001,0.0968222294821143,0.0152362057936777,105560.KS,0.24194623869423326,0.12929336321838414,0.03557739781117886,0.06611296708388159,0.07585047435774017,0.24194623869423326,-0.06154261119500423,-0.031007041922301498,-0.021269534648442917,0.14482622968805017
2025-05-16,0.55,0.0805705133798777,0.0149631967931847,105560.KS,0.21169376688212083,0.07935719578938083,0.021207234118399754,0.06793506341489419,0.0363635661664119,0.21169376688212083,-0.05981970468094441,-0.013091875384449975,-0.04466337263293227,0.13066682808277666
2025-05-19,0.54,0.0839200221158715,0.0143669070278659,105560.KS,0.1990718359649113,0.053094771710740396,0.00542293294242957,0.08304343073272202,0.051183279661460857,0.1990718359649113,-0.07893004906441958,-0.0013095512741271298,-0.0331697023453883,0.11471885395806214
2025-05-20,0.54,0.0852246361022164,0.0146052576601666,105560.KS,0.21093932192189513,0.05665355219192514,0.007625221744420374,0.08440238599366212,0.04292777505856349,0.21093932192189513,-0.07843419639802027,-0.00165703214877852,-0.04313164308387715,0.12487990377945449
2025-05-21,0.51,0.0673614637685249,0.0144496487568033,105560.KS,0.20091024468049645,0.055195771841847874,-0.014399940986540294,0.07647385954383568,0.0042734241124058325,0.20091024468049645,-0.08314623036534696,0.007727570165029007,-0.06447286526640084,0.13216395530168978
2025-05-22,0.4699999999999999,0.0452414270435173,0.0146536857764966,105560.KS,0.17925518515408512,0.0643059630746412,-0.022933314201115773,0.05115692669551125,-0.026161337813503494,0.17925518515408512,-0.06942819150721344,0.004662049389413579,-0.07265621511960116,0.13276030784798745
2025-05-23,0.47,0.0469058283434185,0.0144830877439234,105560.KS,0.19861791368139237,0.047869872943397285,-0.054723730128272585,0.06810131993343432,-0.03071113963756089,0.19861791368139237,-0.10460086688475809,0.018224183176948815,-0.0805882763940464,0.14874077692490686
2025-05-26,0.48,0.0468011857060306,0.0141290135457782,105560.KS,0.2116938690725203,0.09014686551525686,-0.025401757267277114,0.051796838402758116,-0.042631622036995,0.2116938690725203,-0.07485259058203,0.0023460050880052333,-0.09208245535174789,0.1622430357577674
2025-05-27,0.48,0.0451702735461634,0.0143540300726228,105560.KS,0.21622924466870885,0.08050298697610825,-0.040208858469686026,0.051705163348043814,-0.037056687595669824,0.21622924466870885,-0.08868366352957416,0.0032303582881556894,-0.08553149265555796,0.16775443960882072
2025-05-28,0.49,0.0508028020832722,0.0144216141175569,105560.KS,0.17358138055133288,0.045598594310642504,-0.029974137646146426,0.06578671865094088,-0.015360120144340073,0.17358138055133288,-0.08193824965869205,0.013822606638395254,-0.0673242321568857,0.12161726853878725
2025-05-29,0.51,0.0707225891819067,0.0147277383231153,105560.KS,0.19746882901033436,0.03052987734558621,-0.0317135407349497,0.08615761988508763,0.024357657508033537,0.19746882901033436,-0.10419917784566839,0.013671982774368943,-0.04812797960268515,0.12498319189961567
2025-05-30,0.5000000000000001,0.0516055617971933,0.0152611758529035,105560.KS,0.19950318741848894,0.06637630439349906,-0.04580157762748416,0.07014762169648903,-0.02579920874449171,0.19950318741848894,-0.09944110651538238,0.0165080928085908,-0.07943873763238993,0.14586365853059072
2025-06-02,0.5,0.0430290375705271,0.01535754506385,000660.KS,0.17112549606355576,0.05167435423005018,-0.06982536983581189,0.09727447027288594,-0.02146806546705371,0.11945114183350558,-0.11436669925109426,0.05273314085760357,-0.06600939488233608,0.07490981241822321
2025-06-04,0.52,0.0663290680966468,0.0154816908804333,000660.KS,0.17146676318533927,0.0024596668564529356,-0.060283687659625995,0.11796171251984078,-0.004564692950348115,0.16900709632888633,-0.12830011581134476,0.049945284368122025,-0.07258112110206687,0.10099066817716758
2025-06-05,0.52,0.0780197140884344,0.0158063516860968,000660.KS,0.17874996425872514,0.03199922547571821,-0.039678539311051475,0.1305837447046958,0.024437708015759174,0.14675073878300693,-0.11821401869047272,0.052048265325274554,-0.054097771363662076,0.06821525940358568
2025-06-09,0.56,0.1221269961919706,0.0152933333317434,000660.KS,0.20553655407411098,0.02269264557701378,0.05193427738449974,0.1503872899488813,0.07159965463880691,0.1828439084970972,-0.06949620669913355,0.028956805865248,-0.04983082944482638,0.06141342441346391
2025-06-10,0.56,0.1196730031214645,0.0150302857798514,000660.KS,0.2147096256839729,0.009274821873896277,0.04712038898467541,0.14750071926348118,0.051529054326292956,0.20543480381007662,-0.07269674814492606,0.02768358213387971,-0.06828808280330852,0.08561766668047514
2025-06-11,0.56,0.1063085596466384,0.0152727650025399,000660.KS,0.23299233973798206,0.07030251643523577,0.05678234931154158,0.13646142359753777,0.04055120502247389,0.16268982330274628,-0.04980689565482588,0.02987217863117031,-0.06603803994389357,0.056100578336378826
2025-06-12,0.54,0.0953142843855339,0.015042575769679,000660.KS,0.1885407634084053,0.044912260696588824,0.056854378908271386,0.11711743136160635,0.03836659432534373,0.14362850271181649,-0.03776248882545748,0.022500563627877487,-0.056250273408385135,0.04901163497808762
2025-06-13,0.51,0.0744213051555051,0.0149177821151436,000660.KS,0.14526858967049816,0.010364991485447783,0.04864010327016688,0.08047403928006025,0.023402696238892018,0.13490359818505038,-0.02493879198067908,0.00689514402921429,-0.05017619901195394,0.06132470293420442
2025-06-16,0.5399999999999999,0.1106658608790889,0.0157309876454164,000660.KS,0.23914160027601783,0.08743234333604777,0.10729391135353761,0.11869818572912366,0.05882181814964893,0.15170925693997006,-0.003750360226743174,0.00765391414884288,-0.05222245343063185,0.04066498535968928
2025-06-17,0.55,0.1124029111800517,0.0158410225628524,000660.KS,0.21980312929352985,0.07557236757001018,0.09957401293968915,0.1213452366715283,0.07221080431107652,0.14423076172351967,-0.012167197523779233,0.009604026208059918,-0.03953040615239187,0.03248955126005129
2025-06-18,0.5700000000000001,0.1702491474298348,0.0190246985447025,035420.KS,0.31337654593402586,0.0749351819264732,0.31337654593402586,0.1550629474090508,0.09323599624612422,0.12631575618458402,0.14476570729745872,-0.013547891227516345,-0.07537484239044293,-0.04229508245198313
2025-06-19,0.56,0.171739690046454,0.019428516579606,035420.KS,0.3621622405888236,0.14214093956049334,0.3621622405888236,0.13952762591717804,0.10723875748680456,0.10799582591263057,0.19087182542430065,-0.031762789247344936,-0.06405165767771842,-0.06329458925189241
2025-06-20,0.5900000000000001,0.2032022269959648,0.0203995276714956,035420.KS,0.45833335469308856,0.17422288483548876,0.45833335469308856,0.17616652717880354,0.1322480205812766,0.08673464906793349,0.2524035389531074,-0.029763288561177603,-0.07368179515870454,-0.11919516667204766
2025-06-23,0.62,0.2321179396541972,0.0222528964024492,035420.KS,0.5829693875282063,0.26266123237332173,0.5829693875282063,0.1903186278904938,0.11977380596826959,0.11271976891620694,0.3437493438894722,-0.04890141574824028,-0.1194462376704645,-0.12650027472252715
2025-06-24,0.65,0.2733646857827299,0.022784622341723,035420.KS,0.58656466537347,0.19154984106254336,0.58656466537347,0.2556254776221132,0.16068964284339637,0.13434342514741004,0.3079949276517694,-0.022944260099587388,-0.1178800948783042,-0.14422631257429053
2025-06-25,0.6300000000000001,0.2613909634285705,0.0239977515805038,035420.KS,0.507978592289781,0.09656713343246048,0.507978592289781,0.26603483005476336,0.20922511701616364,0.07352929586732748,0.24341805923322124,0.0014742969982035614,-0.05533541604039616,-0.19103123718923232
2025-06-26,0.65,0.2452829815951263,0.0254822778201815,000660.KS,0.44952689470379203,0.029505159306440598,0.42002173539735144,0.28320499093122287,0.16743161969422093,0.07850834299705967,0.17354739940713587,0.0367306549410073,-0.07904271629599463,-0.1679659929931559
2025-06-27,0.63,0.210670000115686,0.0255966094632405,035420.KS,0.37187005906161574,0.004019391827343233,0.37187005906161574,0.23108935569947298,0.11777536086565399,0.09504949364751059,0.1624953340668705,0.021714630704727733,-0.09159936412909125,-0.11432523134723466
2025-06-30,0.61,0.195235278894696,0.0257868355304989,035420.KS,0.38668775220488993,0.009329209959718643,0.38668775220488993,0.22492523759195704,0.06544511869699132,0.07984420658045499,0.19032224167163986,0.028559727058706963,-0.13092039183625875,-0.11652130395279509
2025-07-01,0.61,0.2123878057263808,0.0256975039244033,035420.KS,0.39733337981653793,0.0012451694341573116,0.39733337981653793,0.23691647053134923,0.13329739896626092,0.06232020838486085,0.1839765941704663,0.0235596848852776,-0.08005938667981072,-0.15103657726121078
2025-07-02,0.62,0.2168494835300243,0.0259467314055728,035420.KS,0.3512064039022267,0.0066281668282150985,0.3512064039022267,0.2107832628472477,0.160326127120356,0.134999898096003,0.13758661293961047,-0.002836528115368525,-0.053293663842260225,-0.07861989286661322
2025-07-03,0.62,0.2016933739512956,0.02535565871576,035420.KS,0.3638813447198932,0.08342164858448209,0.3638813447198932,0.19551819292526762,0.15322579030859518,0.08341048059975154,0.16557054442413816,-0.002792607370487421,-0.04508500998715986,-0.1149003196960035
2025-07-04,0.58,0.1540002691070943,0.025040658075867,035420.KS,0.30230124935629554,0.09740143315078353,0.30230124935629554,0.14126773443214968,0.11023216797546187,0.05456250669810525,0.15237497077746315,-0.008658544146682712,-0.039694110603370525,-0.09536377188072714
2025-07-07,0.5599999999999999,0.1228798179455359,0.0254232503005037,035420.KS,0.2896725795440147,0.10626653094715088,0.2896725795440147,0.11075362815222767,0.054095212904127665,0.033423597798092786,0.1699328502338766,-0.008986101157910431,-0.06564451640601043,-0.08631613151204531
2025-07-08,0.5700000000000001,0.1498480017892121,0.0264920200929773,035420.KS,0.2900000086840224,0.06657265139400836,0.2900000086840224,0.1334756279589615,0.0710660332280022,0.10009010900135995,0.1443785273177609,-0.012145853407300011,-0.07455544813825932,-0.04553137236490157
2025-07-09,0.53,0.1231964329316746,0.0256288127891307,035420.KS,0.2636815572576745,0.09284831301874763,0.2636815572576745,0.09268268620066233,0.042288610304242136,0.10447758480783809,0.14451893230345864,-0.026479938753553547,-0.07687401464997375,-0.014685040146377795
2025-07-10,0.55,0.1488974028196061,0.0266351389639124,035420.KS,0.3046757024317883,0.043529280321097596,0.3046757024317883,0.1463224543425795,0.03225818113458567,0.10292730625917068,0.15817448272964757,-0.0001787653595612393,-0.11424303856755508,-0.04357391344297007
2025-07-11,0.55,0.1536604782725064,0.0270041501502556,035420.KS,0.26184539281785857,0.011314572732647576,0.26184539281785857,0.16543668684385493,0.04522616539922186,0.10660379049521995,0.11293564833785652,0.01652694236385288,-0.10368357908078019,-0.042305953984782096
2025-07-14,0.54,0.1414941655229005,0.0266856693078539,000660.KS,0.20967744078873474,0.021133280849280567,0.18854415993945417,0.15451838908595628,0.07692315108045444,0.0992579910395508,0.05379174389317978,0.01976597303968189,-0.05782926496581994,-0.03549442500672359
2025-07-15,0.5399999999999999,0.1372884665932006,0.0268796811498485,035420.KS,0.20823241478819976,0.009437161166737651,0.20823241478819976,0.150952886835363,0.029268263407895567,0.11671335512220593,0.0770084533903943,0.019728925437557554,-0.10195569798990989,-0.014510606275599525
2025-07-16,0.53,0.0805002553568754,0.0241731172221509,000660.KS,0.2008113608343316,0.11223520150831234,0.026694006828296812,0.14469376008017543,0.007281585632026966,0.06168218682055615,-0.05031505305994935,0.06768470019192926,-0.0697274742562192,-0.015326873067690011
2025-07-17,0.5399999999999999,0.0618142558296486,0.0256854196427371,005930.KS,0.13360023973983548,0.03807189013279988,-0.033730158481526606,0.11456429467343554,0.014492738889366752,0.075913818881576,-0.09089115620878405,0.057403296946178094,-0.042668258837890695,0.018752821154318554
2025-07-18,0.52,0.0320861742077762,0.0245454803757045,005930.KS,0.13464832185534137,0.06985961308545541,-0.1020408462177328,0.09067045468773571,0.002381014232819334,0.06478870876988596,-0.13133480344982157,0.061376497455646925,-0.02691294299926945,0.03549475153779717
2025-07-21,0.52,0.0303885304903142,0.0228567316283254,005930.KS,0.17613566191666252,0.10736241972074656,-0.17241378371633054,0.11311596584887429,0.03722092879396244,0.06877324219591596,-0.20437624751058983,0.081153502054615,0.005258464999703151,0.036810778401656676
2025-07-22,0.47,-0.0215991638719532,0.0219603210044555,005930.KS,0.09760057999845939,0.0771197812895359,-0.19104990496084184,0.03084703884564438,0.0024271690166024484,0.020480798708923498,-0.16976033305203642,0.05213661075444981,0.023716740925407875,0.041770370617728925
2025-07-23,0.48,-0.0158433813928881,0.0220105044069199,005930.KS,0.08984130438226123,0.036873242796044536,-0.18342148885894305,0.01520041372157982,0.023041476029470598,0.0529680615862167,-0.16801926409892382,0.030602638481599043,0.03844370078948982,0.06837028634623592
2025-07-24,0.4800000000000001,-0.0004973066799922,0.020800619349066,005930.KS,0.10307036636072531,0.03664637383422975,-0.1302682010879619,0.011432757449301612,0.03818606715513284,0.06642399252649556,-0.12970967578641585,0.011991282750847664,0.0387445924566789,0.06698251782804161
2025-07-25,0.48,0.0137518412899697,0.020734963011191,005930.KS,0.08388157402553675,0.009740449129457485,-0.08932043395032352,0.010250686639435291,0.056097518026057225,0.07414112489607927,-0.10160435040046023,-0.00203322981070142,0.04381360157592051,0.06185720844594256
2025-07-28,0.4800000000000001,0.0077720173244304,0.0222965480838711,005930.KS,0.1772575958706455,0.10354759936278501,-0.1028571411385979,0.03725895332762802,0.07370999650786048,-0.003606995890950482,-0.11120989436531152,0.02890620010091439,0.06535724328114685,-0.01195974911766411
2025-07-29,0.49,0.0048617500767753,0.02165643425233,005930.KS,0.1727574425593985,0.1346622940300688,-0.11068705441278204,0.046098454468236516,0.038095148529329714,0.004512667721806363,-0.11551058856774746,0.0412749203132711,0.0332716143743643,-0.00031086643315905195
2025-07-30,0.51,0.0215305806838861,0.0208528550434746,005930.KS,0.1940788313843873,0.14958247602072472,-0.0714285893300809,0.06926163166443777,0.04449635536366259,-0.006167430694830944,-0.09251330906360615,0.04817691193091252,0.023411635630137328,-0.027252150428356204
2025-07-31,0.49,-0.0030025064780807,0.0213009512347841,005930.KS,0.11912224753057576,0.1261152101925882,-0.07114620361864443,0.050584554539292004,-0.006992962662012436,-0.051325871460758066,-0.06548701788607825,0.05624374027185819,-0.001333776929446251,-0.04566668572819188
2025-08-01,0.49,-0.0194074500217124,0.0214452692276706,005930.KS,0.08846757110081338,0.09084292957130646,-0.09638554446060843,0.021128403176009336,-0.002375358470493083,-0.05441568721529855,-0.07420158770173216,0.043312359934885615,0.019808598288383196,-0.03223173045642227
2025-08-04,0.5,-0.0083326572330297,0.021034600187851,005930.KS,0.12965963782550682,0.11766930741925252,-0.09179689873091779,0.040844610366117085,0.011990330406254301,-0.05244757503134545,-0.08168391420616283,0.05095759489087204,0.022103314931009255,-0.0423345905065905
2025-08-05,0.4899999999999999,-0.0209942372891958,0.0204594032901635,005930.KS,0.13843644316106452,0.14080601959793382,-0.10077517292465021,0.036416785774421756,-0.002369576436869303,-0.07868851782544795,-0.07897523379702542,0.058216724902046546,0.019430362690755487,-0.056888578697823156
2025-08-06,0.5,-0.0109370335892334,0.0209426974643744,005930.KS,0.13907291880446593,0.13429960245803452,-0.10039370262289182,0.029500838624451242,0.004773316346431411,-0.023648694522933944,-0.08834022191279345,0.041554319334549616,0.016826797056529785,-0.01159521381283557
2025-08-07,0.51,-0.0098946715018515,0.0202430148133641,005930.KS,0.15573765070713086,0.13410317507367076,-0.09248555370507339,0.018946314379074625,0.021634475633460104,-0.015410943905106889,-0.0828116750613592,0.028620193022788808,0.03130835427717429,-0.005737065261392704
2025-08-08,0.5,-0.0158703496078121,0.0201856995688036,005930.KS,0.1469648106089183,0.1253303349754582,-0.09288534219355349,0.008966291743284283,0.021634475633460104,-0.024592251400811116,-0.0773032352986863,0.024548398638151468,0.03721658252832729,-0.009010144505943929
2025-08-11,0.48,-0.0276190251007347,0.0203596130250489,005930.KS,0.1360000880917709,0.1567375060368369,-0.1044177101549224,0.013000080141382209,-0.020737417945066006,-0.04127524405605332,-0.07633166778026694,0.041086122516037674,0.007348624429589456,-0.013189201681397856
2025-08-12,0.49,-0.0225929341525203,0.019733846462695,005930.KS,0.11616937172126307,0.10669068237337842,-0.10621244425313259,0.008670946554293901,0.00947868934788465,-0.03829299483100135,-0.08267547292760029,0.0322079178798262,0.03301566067341695,-0.014756023505469052
2025-08-13,0.52,0.0030303118942496,0.0190563862937581,005930.KS,0.1112828253756406,0.07031899796385455,-0.0999999621060833,0.025236045613891644,0.04096382741178606,0.01693844788076415,-0.10167484298893334,0.023561164731041605,0.03928894652893602,0.015263566997914113
2025-08-14,0.5,0.0121589150727585,0.0170122570422369,005930.KS,0.07346316737015512,0.0377489559882318,-0.07802878498062604,0.04971862692281226,0.03571421138192332,-0.00598519982164647,-0.0882562810656811,0.039491130837757196,0.025486715296868256,-0.016212695906701536
2025-08-18,0.49,-0.0069113477218972,0.0178265766895899,005930.KS,0.04321925258012094,0.01471579685958524,-0.06611574777293328,0.01882151601974502,0.028503455720535698,-0.047050041565854794,-0.05671188745718081,0.028225376335497487,0.03790731603628816,-0.03764618125010233
2025-08-19,0.4800000000000001,-0.0087162254786402,0.0179794731317071,005380.KS,0.04784681472147967,0.015398318400697164,-0.060416652823764516,-0.00120695585995928,0.04784681472147967,-0.04102383709932733,-0.049215135439458366,0.009994561524346867,0.05904833210578582,-0.029822319715021185
2025-08-20,0.51,0.0005776540897575,0.0183429340549188,005930.KS,0.06818159072659546,0.0003850190887400018,-0.05744683967433806,0.009882204710847997,0.06779657163785546,-0.03679691100256943,-0.05611028575086685,0.011218758634319204,0.06913312556132667,-0.035460357079098226
2025-08-21,0.51,-0.0192874752886214,0.0176112023822438,005930.KS,0.06325310965247954,0.06550534745239023,-0.03671706366614502,-0.01298312198749918,-0.0022522377999106835,-0.040896112159444664,-0.015550732146045278,0.008183209532600565,0.01891409372018906,-0.01972978063934492
2025-08-22,0.51,-0.0113769040800612,0.0175916054082933,005930.KS,0.08181804071422327,0.0703237861296877,-0.02202639525496941,0.006586265953268278,0.011494254584535568,-0.06762629054897606,-0.00902921539239474,0.019583445815842947,0.024491434447110237,-0.054629110686401396
2025-08-25,0.54,-0.0015335996138859,0.0172868137522179,005930.KS,0.08497725599963069,0.05957303609969822,-0.03837950852101413,0.030270527436989936,0.025404219899932468,-0.06406137341910012,-0.035080387087773744,0.03356964887023032,0.02870334133317285,-0.06076225198585974
2025-08-26,0.52,-0.0134856109766563,0.0153755032349842,005380.KS,0.0,0.001420526050843196,-0.061571110461369205,-0.001664493563278635,0.0,-0.012005535601319117,-0.04618998382352009,0.013716633074570484,0.01538112663784912,0.003375591036530002
2025-08-27,0.52,-0.0145545120221814,0.0154550964666305,005380.KS,0.009174328276681853,0.009174328276681853,-0.0643776445949058,-0.004761885402789601,0.009174328276681853,-0.017295626046669788,-0.04797310196081121,0.011642657231304986,0.02557887091077644,-0.0008910834125752005
2025-08-28,0.5,-0.0201680077619721,0.0158572147111589,000660.KS,0.020447187528997546,0.013488696599179839,-0.07051284516711886,-0.010437515983999446,0.006958490929817707,-0.02500133711040331,-0.048626700503978194,0.011448628679141225,0.028844635592958377,-0.0031151924472626394
2025-08-29,0.5,-0.0185417347744523,0.0146682315154187,005380.KS,0.04473585770909838,0.05976863773308594,-0.08723407743366285,-0.019421142684099835,0.04473585770909838,-0.016478078662588214,-0.06767036068259238,0.00014257406697063685,0.06429957446016885,0.003085638088482258
2025-09-01,0.52,0.0040825040835794,0.0150115830329914,005380.KS,0.06206894318905287,0.04354329498440346,-0.04222224233874505,-0.012593307898844552,0.06206894318905287,0.018525648204649414,-0.04485938899019868,-0.015230454550298178,0.059431796537599245,0.015888501553195787
2025-09-02,0.52,0.0090528211814744,0.0151640944808036,005380.KS,0.05463858435491886,0.042854177237443114,-0.03225804480025185,0.0012699741713345092,0.05463858435491886,0.011784407117475748,-0.03959902380321421,-0.006071004831627846,0.047297605351956505,0.004443428114513393
2025-09-03,0.53,0.0016989830434006,0.0149184601037817,005380.KS,0.06435131250321557,0.0657817735371854,-0.047413808357513854,-0.0018932999387458183,0.06435131250321557,-0.011666203724941093,-0.04771074846616765,-0.0021902400473996163,0.06405437239456177,-0.011963143833594892
2025-09-04,0.55,0.0115129960122313,0.0147126788338252,005380.KS,0.06435131250321557,0.03578830015868184,-0.006564547491082817,0.02372913897791662,0.06435131250321557,-0.05384944057733476,-0.016843667969209063,0.013450018499790373,0.054072192025089325,-0.06412856105546101
2025-09-05,0.5399999999999999,0.0018106745514492,0.0148000034605627,005380.KS,0.047194123770916585,0.0017932837509413435,-0.02760081025399186,0.015608256045247293,0.047194123770916585,-0.04803648477540412,-0.028155478420394897,0.015053587878844255,0.04663945560451355,-0.04859115294180716
2025-09-08,0.55,0.0070274238242649,0.0145330397176068,000660.KS,0.0814817833225161,0.0414276447638231,-0.006535943665479604,0.02890246014284642,0.040054138558693,-0.05991192997603478,-0.012818180706053894,0.02262022310227213,0.03377190151811871,-0.06619416701660907
2025-09-09,0.5900000000000001,0.0293472341818279,0.0139733070369364,000660.KS,0.08020946554217545,0.03777535730558501,0.03587446549717099,0.043625869731711564,0.04243410823659044,-0.024844771992168058,0.007731357256167692,0.015482761490708263,0.01429099999558714,-0.05298788023317136
2025-09-10,0.6,0.0570089517627561,0.0151653409884466,000660.KS,0.1317437234848029,0.0846334830262998,0.04708524481544729,0.07642041710639313,0.047110240458503094,0.03067491375592546,-0.008457001833085134,0.02087817045786071,-0.008432006190029331,-0.024867332892606966
2025-09-11,0.58,0.0482438494187991,0.0149314786846916,000660.KS,0.10591165624804888,0.06163757318789331,0.035555509708596444,0.06338701303260763,0.04427408306015557,0.02617801599112024,-0.011000817256421061,0.016830686067590125,-0.0022822439048619386,-0.020378310973897265
2025-09-12,0.62,0.0785190376413587,0.0159110980797306,000660.KS,0.1897812191021504,0.1358942686664324,0.05122493774194026,0.12142687826900211,0.03939749611675558,0.053886950435718006,-0.026247690424543363,0.043954250102518494,-0.03807513204972804,-0.023585677730765614
2025-09-15,0.6399999999999999,0.0970351183846938,0.0157708000894927,000660.KS,0.2391703826011311,0.1234988207151797,0.03539825605542912,0.1660137243872407,0.004486189633200022,0.1156715618859514,-0.062118435214383275,0.06849703311742832,-0.09303050163661238,0.018154870616139004
2025-09-16,0.65,0.1113594022743993,0.0164491003128884,000660.KS,0.32510518207641437,0.19081960824311994,0.04212862421838537,0.2296953779548544,-0.006980549047528428,0.07678246480130624,-0.07213563495798903,0.11543111877848,-0.12124480822390282,-0.037481794375068156
2025-09-17,0.6399999999999999,0.1062332695753978,0.0166006435961601,000660.KS,0.3071691073383045,0.19794912026446387,0.054176111335691335,0.20819454720607256,-0.009148424157454538,0.08036528706275603,-0.05418030239493625,0.09983813347544497,-0.11750483788808212,-0.027991126667871555
2025-09-18,0.64,0.1337617351053255,0.0170780683940197,000660.KS,0.4531162393551109,0.31572249101201044,0.061659180045595896,0.2952549938491057,-0.011338717472571314,0.06563356129556297,-0.07963362226776388,0.15396219153574592,-0.1526315197859311,-0.07565924101779681
2025-09-22,0.64,0.1340654874409539,0.0174888530923722,000660.KS,0.40042610567858494,0.23095830661559602,0.04504503991911979,0.28494695237078693,0.0022988343360288432,0.07841323580585269,-0.09408516304139525,0.1458167494102719,-0.1368313686244862,-0.06071696715466235
2025-09-23,0.62,0.1234917389961116,0.0176918556988005,000660.KS,0.393146167324542,0.20853078270915737,0.02439025244125892,0.2888807759699633,-0.002174652375003583,0.046237508177202846,-0.10485267959541805,0.15963784393328634,-0.13141758441168055,-0.08300542385947413
2025-09-24,0.6199999999999999,0.1327754297277756,0.0175380574117869,000660.KS,0.36908739269923285,0.15429362597935659,0.03167421234738654,0.29194057970955456,0.006864944818396834,0.06463534360808199,-0.10573691969120835,0.15452944767095966,-0.13054618722019806,-0.07277578843051291
2025-09-25,0.61,0.1588156470358108,0.0197201741206419,000660.KS,0.3731342310609107,0.15358751170511997,0.16513758344881846,0.2963404752083507,-0.0022988343360289543,0.053456283257477644,0.0033423868914247423,0.134545278650957,-0.16409403089342267,-0.10833891329991607
2025-09-26,0.5900000000000001,0.1247576463356372,0.0200079035969372,000660.KS,0.25325890912851756,0.05641991962714399,0.17931038588058135,0.22504894931494557,-0.03378376137742689,0.03299725550757171,0.053586030152457886,0.09932459358682211,-0.15950811710555035,-0.09272710022055175
2025-09-29,0.62,0.1653254381851963,0.0209511667850298,000660.KS,0.29739767206123946,0.01767740984240196,0.2797202622188375,0.2554109343891544,-0.022727328939609603,0.06931598342480938,0.11229410512236829,0.0879847772926852,-0.19015348603607882,-0.09811017367165983
2025-09-30,0.6,0.1772292579251186,0.0202653965899431,000660.KS,0.35742183171903075,0.11076008534567983,0.24593964712499705,0.30204178904619083,-0.024943350980053403,0.07843138729587906,0.06523739481835616,0.12133953673954995,-0.2056456032866943,-0.10227086501076182
2025-10-01,0.6,0.1589049608935442,0.0211359271588987,000660.KS,0.38195773217576434,0.13183183323903935,0.13111112187111162,0.31604181555624467,-0.02045454512388467,0.0689337260878089,-0.0312236649183934,0.15370702876673964,-0.1827893319133897,-0.09340106070169613
2025-10-02,0.6,0.1926320097329792,0.0225595781349407,000660.KS,0.5066667972090828,0.21511334871281051,0.14479633806459535,0.39911012285267755,-0.0067719610783115725,0.06442831096580814,-0.055338248666894074,0.19897553612118812,-0.206906547809801,-0.13570627576568128
2025-10-10,0.6,0.2191650956128887,0.0243411354998001,000660.KS,0.6120524894847499,0.2593965624197012,0.17841412847679106,0.4823542082748993,-0.020316027740431175,0.03963135809550211,-0.05407344659954108,0.24986663319856714,-0.2528036028167633,-0.19285621698083003
2025-10-13,0.5800000000000001,0.197575605882285,0.0242356522908873,000660.KS,0.517367660614906,0.16893206373281955,0.14628816143359247,0.43290162874849625,-0.0068182059564205755,0.02762424136877817,-0.060291329434996044,0.22632213787990774,-0.2133976968250091,-0.17895524949981034
2025-10-14,0.5700000000000001,0.1922447570017338,0.0244088824347142,000660.KS,0.48555959885253897,0.17302477865369204,0.13157893461173598,0.39904720952569295,0.02059489259789027,0.03936278405728122,-0.0663472714519227,0.20112100346203426,-0.17733131346576841,-0.15856342200637746
2025-10-15,0.5700000000000001,0.1936908374165207,0.0246498304377442,000660.KS,0.4670141579329523,0.13241495396551284,0.11904759138164955,0.4008066809501959,0.02054787262846003,0.05277516346317124,-0.07974920649308498,0.20200988307546136,-0.1782489252462745,-0.1460216344115633
2025-10-16,0.56,0.1969248875642864,0.0253068411412449,000660.KS,0.48848697657495976,0.13675277594427393,0.1156316862913962,0.4201105886028228,0.09750562861178325,-0.03316330636751452,-0.08840735085686591,0.2160715514545607,-0.10653340853647886,-0.23720234351577663
2025-10-17,0.5700000000000001,0.1941334060118487,0.0258294855587443,000660.KS,0.5162864146631279,0.17654827505591086,0.09656653465687359,0.4280122771351724,0.08968611378043545,-0.030612182694318424,-0.1057664693457935,0.22567927313250533,-0.11264689022223165,-0.23294518669698552
2025-10-20,0.5700000000000001,0.1907227359719492,0.0253736613730645,000660.KS,0.4779299966873718,0.17106409911963194,0.0932203741355282,0.3923979471275558,0.10961970522307052,-0.00922044335881711,-0.10246273191545047,0.19671484107657716,-0.08606340082790814,-0.20490354940979577
2025-10-21,0.55,0.1927829635793003,0.0253878811754067,000660.KS,0.44713000863186614,0.16693385207847045,0.0876068743720193,0.3636630825926309,0.19302323071305927,-0.025919682718444692,-0.10880044313835985,0.16725576508225176,-0.003384086797319885,-0.22232700022882385
2025-10-22,0.5599999999999999,0.1818554913783046,0.0244385725818628,000660.KS,0.3836207156649092,0.13626661181845412,0.08723401024586974,0.3154874097556821,0.21395346413674687,-0.01697795458099538,-0.09580285761672735,0.13245054189308503,0.030916596274149777,-0.20001482244359248
2025-10-23,0.54,0.1657826334368766,0.02441709683963,000660.KS,0.4347826863307851,0.19526167251930726,0.0385438728906633,0.33715185007113146,0.16666659257415173,-0.0295858612646982,-0.13144178797781264,0.16716618920265552,-0.0033190682943242122,-0.19957152213317414
2025-10-24,0.54,0.1667603222685718,0.0243621755601923,000660.KS,0.43459917881001164,0.19872353131312126,0.04329463400925038,0.335237413153451,0.16628177021959312,-0.026518409058070014,-0.12741193028628472,0.1645308488579159,-0.004424794075941985,-0.19722497335360512
2025-10-27,0.5700000000000001,0.1966323866917667,0.0240227246567315,000660.KS,0.5242166099487391,0.29720970608462527,0.08189652238939638,0.37561175690642645,0.16743126068522884,0.009409742493886597,-0.12009568548687657,0.1736195490301535,-0.034560947191044106,-0.19258246538238635
2025-10-28,0.55,0.1722984720316396,0.0238986347298341,000660.KS,0.4432133329547969,0.2632378304090883,0.0952380594350759,0.31159441775025276,0.14383561994207428,0.008665560016065,-0.07894755554366822,0.13740880277150863,-0.030349995036669852,-0.16552005496267913
2025-10-29,0.5800000000000001,0.214014346158422,0.0249582576213669,000660.KS,0.5608392675148766,0.3746323618288929,0.16228062369562202,0.3714523889482898,0.18620690568598364,0.006071132089667808,-0.05721206417794861,0.15195970107471918,-0.03328578218758699,-0.21342155578390282
2025-10-30,0.5900000000000001,0.1985286993609814,0.0237853803950936,000660.KS,0.5932679061090318,0.37206984051128367,0.005905508262409098,0.403860768626758,0.22119806559774813,0.013123326656402368,-0.20368417929160604,0.19427108107274288,0.011608378043732992,-0.19646636089761277
2025-10-31,0.62,0.2644636319260265,0.0246420088747697,000660.KS,0.6612182611002322,0.3092369418153871,0.042885004892476264,0.4787461889594329,0.3519813192848451,0.03460504455736202,-0.23450774443823358,0.20135343962872304,0.07458856995413526,-0.24278770477334782
2025-11-03,0.62,0.2729003919361261,0.0254402802897862,000660.KS,0.7765042758645464,0.42069038209899134,0.0,0.5479908822096288,0.35581389376555506,0.019879061189123526,-0.2943349438747872,0.25365593833484157,0.06147894989076785,-0.2744558826856637
2025-11-04,0.63,0.2404558545180244,0.0268993831706338,000660.KS,0.686330967176279,0.40261018235579704,-0.00558658889357766,0.4683144497796663,0.2837207848204819,0.05541124182568957,-0.2596214563559629,0.21427958231728106,0.02968591735809667,-0.19862362563669567
2025-11-05,0.6,0.2262144577439029,0.0268016824206934,000660.KS,0.6083333819426384,0.3623938263498516,0.09430255561201872,0.3890504408646349,0.2459395555927868,0.04557193720349573,-0.1384804304154955,0.1562674548371207,0.013156569565272586,-0.18721104882401848
2025-11-06,0.5900000000000001,0.1845998607413159,0.0264179586417661,000660.KS,0.4993678877465637,0.27664089343568876,0.043478277149818334,0.30233010518748327,0.22272699431087495,0.06820115944978777,-0.14433505110727118,0.11451677693039375,0.03491366605378543,-0.11961216880730174
2025-11-07,0.56,0.1336981852162251,0.0240513904211954,000660.KS,0.3551401260055749,0.1385503227114977,-0.02803742455008651,0.19610816806249154,0.21658980329407718,0.09663116686752704,-0.16351740089738667,0.060628191715191376,0.08110982694677701,-0.03884880947977312
2025-11-10,0.59,0.1806299430536551,0.0242732933547744,000660.KS,0.46024071199018746,0.2222544481688069,-0.009523823845017487,0.26924143747604745,0.23798626382138055,0.155914095684214,-0.19409570596755188,0.08466955535351306,0.05341438169884616,-0.0286577864383204
2025-11-11,0.62,0.2041273289177114,0.0241322249205355,000660.KS,0.5042526648608832,0.2979747969360975,0.01937987389991669,0.3170826669362584,0.20627786792478564,0.1785391799912377,-0.18829257723777468,0.10941021579856705,-0.0013945832129057256,-0.02913327114645367
2025-11-12,0.6,0.1895830040149531,0.0239783224191249,000660.KS,0.4603547823692473,0.22769250411215358,0.01934238906729968,0.2728089777674242,0.23266227825709374,0.1642178987156604,-0.17302571524768076,0.08044087345244375,0.04029417394211329,-0.02815020559932005
2025-11-13,0.58,0.1511301730795882,0.0222661362472876,000660.KS,0.35248635821265006,0.17018084537166533,0.019193825740478454,0.20234352882417683,0.150826503258497,0.18230551284098473,-0.1322087541571843,0.050940948926514074,-0.0005760766391657568,0.03090293294332197
2025-11-14,0.54,0.0927519572120008,0.0226512084729251,000660.KS,0.20300752385939935,0.059145216551247604,-0.007827763374615215,0.09792869904311913,0.12139917763230468,0.14386230730815175,-0.09848598730503111,0.007270475112703234,0.030740953701888785,0.053204083377735856
2025-11-17,0.52,0.0898255955672753,0.0237997442518611,000660.KS,0.24819755385582942,0.1534395750790487,-0.01162789986067625,0.13684087330710804,0.09475797877678072,0.08021606437908924,-0.0990334778425582,0.049435295325226086,0.007352400794898767,-0.007189513602792713
2025-11-18,0.51,0.0554525956088285,0.0234880644316678,000660.KS,0.1899791067810277,0.1311667130760874,-0.021611008790234254,0.09652800312363863,0.031189175890899312,0.05881239370494029,-0.07390032220081078,0.04423868971306211,-0.02110013751967721,0.00652308029436377
2025-11-19,0.47,0.0416845234886156,0.0233649508589217,000660.KS,0.16718603022786405,0.10458178801769336,-0.02739726450664337,0.07294392939145372,0.011494233139051513,0.06260424221017069,-0.06591507843174063,0.03442611546635647,-0.02702358078604574,0.024086428285073437
2025-11-20,0.5,0.0840642393147863,0.0235975706265981,000660.KS,0.193312423740728,0.13022346745495517,0.05979379980006083,0.1178997224163032,0.039682577484845494,0.06308895628577282,-0.019879155880596272,0.038226766735646095,-0.03999037819581161,-0.01658399939488428
2025-11-21,0.47,0.0329302390835752,0.0243629933131253,105560.KS,0.0662367567787181,0.0034837151654703025,0.0627530416132478,-0.00945856076994328,0.027722830764487894,0.0662367567787181,0.03519394008993435,-0.037017662293256724,0.0001637292411744498,0.038677655255404654
2025-11-24,0.43,0.0049320242462387,0.0240988151403336,035420.KS,0.039840634192176205,0.01326143353686371,0.039840634192176205,-0.039999051710069955,0.011787798374460534,0.026579200655312496,0.04019872823181434,-0.03964095767043182,0.012145892414098669,0.026937294694950632
2025-11-25,0.44,0.0208250461132539,0.02447618111248,105560.KS,0.05280141400551641,0.024857308732654237,0.0,-0.0029244628122197525,0.027944105272862174,0.05280141400551641,-0.014979318730787816,-0.01790378154300757,0.012964786542074358,0.037822095274728594
2025-11-26,0.45,0.0151943196352521,0.0236604411281586,105560.KS,0.08247373500672128,0.059588129651197086,-0.005660314629149621,-0.0190231142269755,0.013565919603180543,0.08247373500672128,-0.01612693693450986,-0.02948973653233574,0.0030992972978203023,0.07200711270136104
2025-11-27,0.45,0.0068430662245333,0.0237737689416922,105560.KS,0.07564758679761674,0.07933001314184274,-0.015655588546223842,-0.023665620338986337,-0.0036824263442259975,0.07564758679761674,-0.017451254792062686,-0.02546128658482518,-0.005478092590064843,0.07385192055177789
2025-11-28,0.42,-0.040073817074157,0.0225889340513695,105560.KS,0.07776712850756984,0.1289664720163084,-0.08785049067898221,-0.0581578286671004,-0.08957192543600367,0.07776712850756984,-0.04465630169065884,-0.014963639678777028,-0.046377736447680305,0.1209613174958932
2025-12-01,0.4,-0.0746372537350933,0.0213365205746791,105560.KS,0.07778026553807305,0.17048948612419013,-0.11475408987415625,-0.11217286258965248,-0.11850234108372726,0.07778026553807305,-0.03878971175433317,-0.0362084844698294,-0.04253796296390418,0.15374464365789614
2025-12-02,0.43,-0.0151288576629251,0.0203785725503598,105560.KS,0.09038304565598354,0.10468234428719503,-0.08988764642941494,-0.030699506762455475,-0.026929025338716217,0.09038304565598354,-0.07232111850200322,-0.013132978835043763,-0.009362497411304505,0.10794957358339526
2025-12-03,0.45,-0.0045273962538828,0.0192796750478417,105560.KS,0.09058880457538487,0.05182139120677132,-0.11490127739456768,-0.0035909862062398212,0.0021318380227490774,0.09058880457538487,-0.10902875595278501,0.002281535235542853,0.008004359464531752,0.09646132601716755
2025-12-04,0.45,0.0036383216455881,0.0193391952653232,005380.KS,0.06407639268000254,0.004600508679923454,-0.0643939407531966,-0.012936490887344276,0.06407639268000254,0.03507942994576352,-0.06617172077277278,-0.014714270906920457,0.062298612660426356,0.03330164992618734
2025-12-05,0.5,0.0551843709266266,0.021353842089097,005380.KS,0.20469908508130397,0.09744671582385234,-0.0403845916775607,0.022927603324452595,0.20469908508130397,0.06393421433476076,-0.09520537455504255,-0.03189317955302925,0.14987830220382212,0.009113431457278921
2025-12-08,0.49,0.036522308598113,0.0219874930568388,005380.KS,0.17761688203117698,0.0891476927827457,-0.04230764722925329,0.020648199339643125,0.17761688203117698,-0.0016342044511403753,-0.0773019330352672,-0.01434608646637079,0.14262259622516307,-0.03662849025715429
2025-12-09,0.45,0.0070031533903847,0.0217793727760941,005380.KS,0.15228025277017698,0.10493729171331778,-0.05703424404401558,-0.01881203068030285,0.15228025277017698,-0.02925795738542103,-0.06270704204004252,-0.024484828676329784,0.14660745477415005,-0.034930755381447964
2025-12-10,0.43,-0.0043314502348532,0.0220660318413195,005380.KS,0.10860216153114033,0.061075519219404795,-0.07210629710711358,-0.00020715365136547703,0.10860216153114033,-0.06929805976603054,-0.06546299657816664,0.006436146877581472,0.11524546206008728,-0.0626547592370836
2025-12-11,0.42,-0.019096811136222,0.022485337595906,005380.KS,0.07128294708663718,0.027508735779796956,-0.08286249408576585,-0.016181017561244404,0.07128294708663718,-0.06516857635481998,-0.061040462390478355,0.005641014134043089,0.09310497878192467,-0.04334654465953249
2025-12-12,0.47,0.0419552837638232,0.0215509072173302,005930.KS,0.12037042588589775,0.0032685976729585065,-0.03550299875156859,0.07037179370235724,0.11710182821293924,-0.02625483832271558,-0.0747205144602425,0.03115427799368333,0.07788431250426534,-0.06547235403138948
2025-12-15,0.44,-0.0026680122189352,0.0200890960105689,005380.KS,0.09146616786890105,0.04971659158278752,-0.05686273052905977,-0.021702088756154314,0.09146616786890105,-0.014984247179453125,-0.05210573305867568,-0.01694509128577022,0.09622316533928514,-0.01022724970906903
2025-12-16,0.44,0.0046575333707066,0.0200367994938914,005380.KS,0.09172248597700161,0.04059767638981837,-0.07028116447950206,-0.009192376116748502,0.09172248597700161,0.009795938303885698,-0.07285166599307971,-0.011762877630326152,0.08915198446342396,0.007225436790308048
2025-12-17,0.47,0.030065449095975,0.020937009246344,005930.KS,0.11813470969797457,0.02434444967444871,-0.07042251462861482,0.049631927862287484,0.09379026002352586,0.017184812438745478,-0.09838579734026112,0.021668645150641187,0.06582697731187956,-0.010778470272900818
2025-12-18,0.45,0.0108459345241771,0.0200318321480709,005380.KS,0.08865205164961987,0.019069424506097388,-0.10311279970859533,0.018499998511340654,0.08865205164961987,0.023102313498378324,-0.11224111220101216,0.00937168601892382,0.07952373915720304,0.01397400100596149
2025-12-19,0.4699999999999999,0.0463242559515462,0.0186460168799398,005380.KS,0.12248462245369374,0.001176684356013702,-0.1028571411385979,0.08598191979948377,0.12248462245369374,0.03900417389283972,-0.1489762400999785,0.03986282083810315,0.07636552349231311,-0.007114925068540903
2025-12-22,0.51,0.0713225832724868,0.0193176273447403,005930.KS,0.142709372901352,0.009546036057707985,-0.08812259238426656,0.1294464021737881,0.133163336843644,0.05153790789628365,-0.15921688372491402,0.05835211083314065,0.06206904550299655,-0.019556383444363806
2025-12-23,0.51,0.0702356916495137,0.0186212926615261,000660.KS,0.12604677548763576,0.0007254527866655813,-0.06324109068578498,0.12445343239727202,0.12532132270097018,0.03533284619074051,-0.13250507928587893,0.05518944379717808,0.05605733410087624,-0.03393114240935344
2025-12-24,0.49,0.0456741113987175,0.0182054942913598,000660.KS,0.12294107257153764,0.0071110337739650475,-0.10246678964412737,0.10184016842942101,0.11583003879757259,0.011226881342163209,-0.14812088311501745,0.05618607495853092,0.0701759453266825,-0.03442721212872688
2025-12-26,0.48,0.0512313329525795,0.0181879047542559,005930.KS,0.13043469328466362,0.02933162997732519,-0.07952285808024995,0.11576887829600102,0.09369021217342044,0.007275649266498707,-0.13011901007058418,0.06517272630566677,0.04309406018308619,-0.043320502723835544
2025-12-29,0.5199999999999999,0.1046079089127902,0.0184246413894231,000660.KS,0.20754731252831338,0.012712447958196371,-0.00819669479116547,0.2011910885492152,0.12237097225193239,0.006410247781853284,-0.11279003525937559,0.09659774808100507,0.01777763178372227,-0.09818309268635683
2025-12-30,0.53,0.1104466515921209,0.0180476650624031,000660.KS,0.2100371563261052,0.01477086656929183,-0.0020575903068503765,0.2026517230414593,0.16502953109679397,-0.01266823324830757,-0.11317902103176129,0.09153029231654837,0.05390810037188305,-0.12378966397321849
