date,Breadth_20D,Momentum_20D,Dispersion_20D
2025-04-16,0.45,-0.08827493753721127,0.01906678925788089
2025-04-17,0.45,-0.09633004673792556,0.018548228220798837
2025-04-18,0.45,-0.09226074750254754,0.018449354602926914
2025-04-21,0.4699999999999999,-0.08842482540925967,0.01740843499753999
2025-04-22,0.45999999999999996,-0.08846516623711398,0.017420526571863
2025-04-23,0.47000000000000003,-0.08010028658214874,0.017286673938738173
2025-04-24,0.4600000000000001,-0.0638414723478764,0.016615290034088143
2025-04-25,0.49000000000000005,-0.025749157529456057,0.016903692516844794
2025-04-28,0.51,0.000888284856437993,0.01634178446233198
2025-04-29,0.49000000000000005,-0.011368251579865207,0.016268141042237182
2025-04-30,0.48999999999999994,-0.008609326435985998,0.01683209461185472
2025-05-02,0.5,0.014444423904974357,0.017354975587593118
2025-05-07,0.53,0.04155729638443262,0.01660224686167526
2025-05-08,0.54,0.10052348629530061,0.016621077731303037
2025-05-09,0.5399999999999999,0.11533862366613223,0.015498801902566315
2025-05-12,0.5700000000000001,0.15092528397559368,0.016032830744094194
2025-05-13,0.55,0.07954298173720598,0.01530320232895056
2025-05-14,0.6,0.11753734600252463,0.015079423589561491
2025-05-15,0.5800000000000001,0.09682222948211439,0.01523620579367779
2025-05-16,0.55,0.08057051337987775,0.01496319679318478
2025-05-19,0.54,0.08392002211587157,0.014366907027865975
2025-05-20,0.54,0.08522463610221642,0.014605257660166692
2025-05-21,0.51,0.06736146376852492,0.014449648756803301
2025-05-22,0.4699999999999999,0.0452414270435173,0.014653685776496634
2025-05-23,0.47000000000000003,0.0469058283434185,0.014483087743923448
2025-05-26,0.48,0.046801185706030646,0.014129013545778274
2025-05-27,0.48,0.04517027354616343,0.014354030072622828
2025-05-28,0.49000000000000005,0.05080280208327226,0.014421614117556996
2025-05-29,0.51,0.07072258918190677,0.01472773832311539
2025-05-30,0.5000000000000001,0.05160556179719333,0.015261175852903597
2025-06-02,0.5,0.04302903757052712,0.015357545063850047
2025-06-04,0.52,0.06632906809664685,0.015481690880433358
2025-06-05,0.52,0.07801971408843444,0.015806351686096825
2025-06-09,0.56,0.12212699619197065,0.015293333331743434
2025-06-10,0.56,0.11967300312146456,0.01503028577985146
2025-06-11,0.56,0.10630855964663843,0.015272765002539912
2025-06-12,0.54,0.09531428438553391,0.015042575769679063
2025-06-13,0.51,0.07442130515550516,0.01491778211514369
2025-06-16,0.5399999999999999,0.11066586087908892,0.01573098764541643
2025-06-17,0.55,0.11240291118005175,0.015841022562852403
2025-06-18,0.5700000000000001,0.17024914742983488,0.019024698544702505
2025-06-19,0.56,0.17173969004645406,0.019428516579606085
2025-06-20,0.5900000000000001,0.2032022269959648,0.02039952767149566
2025-06-23,0.62,0.23211793965419725,0.0222528964024492
2025-06-24,0.65,0.2733646857827299,0.02278462234172301
2025-06-25,0.6300000000000001,0.2613909634285705,0.023997751580503858
2025-06-26,0.65,0.2452829815951263,0.025482277820181514
2025-06-27,0.63,0.21067000011568604,0.025596609463240542
2025-06-30,0.61,0.19523527889469605,0.02578683553049895
2025-07-01,0.61,0.21238780572638083,0.02569750392440339
2025-07-02,0.62,0.2168494835300243,0.025946731405572836
2025-07-03,0.62,0.2016933739512956,0.025355658715760083
2025-07-04,0.58,0.1540002691070943,0.02504065807586702
2025-07-07,0.5599999999999999,0.12287981794553593,0.02542325030050379
2025-07-08,0.5700000000000001,0.1498480017892121,0.026492020092977315
2025-07-09,0.53,0.1231964329316746,0.025628812789130796
2025-07-10,0.55,0.14889740281960617,0.026635138963912487
2025-07-11,0.55,0.1536604782725064,0.02700415015025568
2025-07-14,0.54,0.1414941655229005,0.026685669307853994
2025-07-15,0.5399999999999999,0.1372884665932006,0.0268796811498485
2025-07-16,0.53,0.08050025535687544,0.024173117222150986
2025-07-17,0.5399999999999999,0.06181425582964861,0.02568541964273714
2025-07-18,0.52,0.032086174207776264,0.024545480375704594
2025-07-21,0.52,0.030388530490314203,0.022856731628325456
2025-07-22,0.47000000000000003,-0.021599163871953264,0.021960321004455514
2025-07-23,0.48,-0.0158433813928881,0.02201050440691995
2025-07-24,0.4800000000000001,-0.0004973066799922599,0.020800619349066067
2025-07-25,0.48,0.013751841289969757,0.020734963011191057
2025-07-28,0.4800000000000001,0.007772017324430447,0.022296548083871152
2025-07-29,0.49000000000000005,0.004861750076775362,0.021656434252330006
2025-07-30,0.51,0.021530580683886136,0.02085285504347463
2025-07-31,0.49000000000000005,-0.0030025064780807575,0.021300951234784114
2025-08-01,0.49000000000000005,-0.019407450021712402,0.02144526922767064
2025-08-04,0.5,-0.008332657233029783,0.021034600187851044
2025-08-05,0.48999999999999994,-0.020994237289195805,0.02045940329016352
2025-08-06,0.5,-0.01093703358923348,0.020942697464374445
2025-08-07,0.51,-0.009894671501851526,0.02024301481336411
2025-08-08,0.5,-0.015870349607812195,0.020185699568803603
2025-08-11,0.48,-0.027619025100734773,0.020359613025048955
2025-08-12,0.49000000000000005,-0.022592934152520394,0.019733846462695073
2025-08-13,0.52,0.0030303118942496265,0.019056386293758137
2025-08-14,0.5,0.01215891507275857,0.017012257042236967
2025-08-18,0.49000000000000005,-0.006911347721897276,0.017826576689589944
2025-08-19,0.4800000000000001,-0.00871622547864026,0.017979473131707197
2025-08-20,0.51,0.0005776540897575178,0.018342934054918866
2025-08-21,0.51,-0.019287475288621403,0.01761120238224382
2025-08-22,0.51,-0.011376904080061201,0.01759160540829332
2025-08-25,0.54,-0.0015335996138859942,0.017286813752217994
2025-08-26,0.52,-0.013485610976656348,0.015375503234984217
2025-08-27,0.52,-0.014554512022181498,0.015455096466630564
2025-08-28,0.5,-0.02016800776197214,0.015857214711158914
2025-08-29,0.5,-0.018541734774452312,0.014668231515418706
2025-09-01,0.52,0.0040825040835794635,0.01501158303299146
2025-09-02,0.52,0.009052821181474435,0.015164094480803619
2025-09-03,0.53,0.0016989830434006592,0.014918460103781745
2025-09-04,0.55,0.011512996012231325,0.014712678833825262
2025-09-05,0.5399999999999999,0.0018106745514492317,0.01480000346056271
2025-09-08,0.55,0.007027423824264911,0.014533039717606878
2025-09-09,0.5900000000000001,0.02934723418182794,0.013973307036936477
2025-09-10,0.6,0.05700895176275611,0.015165340988446694
2025-09-11,0.58,0.04824384941879911,0.014931478684691668
2025-09-12,0.62,0.0785190376413587,0.015911098079730644
2025-09-15,0.6399999999999999,0.09703511838469381,0.01577080008949274
2025-09-16,0.65,0.11135940227439933,0.016449100312888494
2025-09-17,0.6399999999999999,0.1062332695753978,0.016600643596160144
2025-09-18,0.64,0.13376173510532552,0.017078068394019753
2025-09-22,0.64,0.13406548744095392,0.01748885309237225
2025-09-23,0.62,0.12349173899611166,0.017691855698800597
2025-09-24,0.6199999999999999,0.13277542972777567,0.01753805741178698
2025-09-25,0.61,0.15881564703581086,0.01972017412064192
2025-09-26,0.5900000000000001,0.12475764633563724,0.020007903596937278
2025-09-29,0.62,0.1653254381851963,0.020951166785029878
2025-09-30,0.6,0.17722925792511868,0.020265396589943106
2025-10-01,0.6,0.15890496089354422,0.021135927158898712
2025-10-02,0.6,0.19263200973297923,0.022559578134940705
2025-10-10,0.6,0.21916509561288877,0.02434113549980012
2025-10-13,0.5800000000000001,0.19757560588228507,0.024235652290887387
2025-10-14,0.5700000000000001,0.19224475700173382,0.024408882434714292
2025-10-15,0.5700000000000001,0.1936908374165207,0.02464983043774428
2025-10-16,0.56,0.1969248875642864,0.025306841141244946
2025-10-17,0.5700000000000001,0.1941334060118487,0.025829485558744307
2025-10-20,0.5700000000000001,0.19072273597194922,0.025373661373064505
2025-10-21,0.55,0.19278296357930036,0.02538788117540673
2025-10-22,0.5599999999999999,0.1818554913783046,0.02443857258186285
2025-10-23,0.54,0.1657826334368766,0.024417096839630018
2025-10-24,0.54,0.16676032226857185,0.024362175560192375
2025-10-27,0.5700000000000001,0.19663238669176675,0.024022724656731588
2025-10-28,0.55,0.17229847203163962,0.023898634729834164
2025-10-29,0.5800000000000001,0.21401434615842208,0.024958257621366924
2025-10-30,0.5900000000000001,0.1985286993609814,0.02378538039509365
2025-10-31,0.62,0.2644636319260265,0.024642008874769757
2025-11-03,0.62,0.27290039193612614,0.02544028028978624
2025-11-04,0.63,0.24045585451802443,0.02689938317063383
2025-11-05,0.6,0.22621445774390292,0.026801682420693466
2025-11-06,0.5900000000000001,0.18459986074131596,0.026417958641766125
2025-11-07,0.56,0.13369818521622512,0.02405139042119544
2025-11-10,0.59,0.1806299430536551,0.024273293354774426
2025-11-11,0.62,0.20412732891771146,0.02413222492053558
2025-11-12,0.6,0.1895830040149531,0.02397832241912497
2025-11-13,0.58,0.1511301730795882,0.022266136247287606
2025-11-14,0.54,0.0927519572120008,0.022651208472925143
2025-11-17,0.52,0.08982559556727532,0.023799744251861144
2025-11-18,0.51,0.05545259560882854,0.02348806443166781
2025-11-19,0.47000000000000003,0.04168452348861562,0.023364950858921783
2025-11-20,0.5,0.08406423931478635,0.023597570626598122
2025-11-21,0.47000000000000003,0.032930239083575286,0.02436299331312531
2025-11-24,0.43,0.004932024246238731,0.02409881514033365
2025-11-25,0.44000000000000006,0.020825046113253975,0.02447618111248002
2025-11-26,0.45,0.015194319635252196,0.023660441128158675
2025-11-27,0.45,0.006843066224533345,0.02377376894169222
2025-11-28,0.42000000000000004,-0.040073817074157025,0.02258893405136956
2025-12-01,0.4,-0.07463725373509333,0.02133652057467916
2025-12-02,0.43,-0.015128857662925155,0.020378572550359807
2025-12-03,0.45,-0.004527396253882876,0.01927967504784175
2025-12-04,0.45,0.003638321645588194,0.019339195265323204
2025-12-05,0.5,0.05518437092662665,0.021353842089097092
2025-12-08,0.49000000000000005,0.03652230859811301,0.021987493056838815
2025-12-09,0.45,0.007003153390384709,0.021779372776094198
2025-12-10,0.43,-0.004331450234853262,0.022066031841319507
2025-12-11,0.42000000000000004,-0.01909681113622208,0.022485337595906027
2025-12-12,0.47000000000000003,0.04195528376382329,0.021550907217330256
2025-12-15,0.44000000000000006,-0.0026680122189352007,0.020089096010568956
2025-12-16,0.44000000000000006,0.0046575333707066235,0.020036799493891446
2025-12-17,0.47000000000000003,0.030065449095975083,0.020937009246344097
2025-12-18,0.45,0.010845934524177148,0.02003183214807091
2025-12-19,0.4699999999999999,0.04632425595154621,0.01864601687993985
2025-12-22,0.51,0.07132258327248686,0.01931762734474035
2025-12-23,0.51,0.07023569164951371,0.018621292661526196
2025-12-24,0.49000000000000005,0.045674111398717576,0.0182054942913598
2025-12-26,0.48,0.051231332952579534,0.01818790475425595
2025-12-29,0.5199999999999999,0.10460790891279026,0.018424641389423197
2025-12-30,0.53,0.11044665159212097,0.018047665062403174
