date,000660.KS,005380.KS,005930.KS,035420.KS,105560.KS
2025-03-19,204231.625,194257.859375,57083.609375,205837.796875,77372.546875
2025-03-20,208703.828125,192829.46875,58742.453125,205837.796875,78420.6953125
2025-03-21,214169.875,195210.109375,60206.13671875,207322.203125,77467.8359375
2025-03-24,210194.578125,202828.0625,59035.19140625,204848.1875,77944.265625
2025-03-25,206716.1875,209493.765625,58352.140625,205342.984375,78039.5625
2025-03-26,212679.171875,211398.28125,59913.3984375,201879.375,77944.265625
2025-03-27,205722.375,202351.9375,60303.71484375,195743.828125,76419.6796875
2025-03-28,198069.859375,195210.109375,59091.45703125,192676.046875,74990.3828125
2025-03-31,189522.953125,187782.59375,56735.65234375,189014.515625,75276.2421875
2025-04-01,195784.078125,189115.734375,57717.23828125,194655.265625,75847.9609375
2025-04-02,196678.53125,186925.578125,57717.23828125,193566.6875,76705.546875
2025-04-03,193398.859375,184544.96875,56539.33984375,196535.5,73465.8046875
2025-04-04,181075.421875,182640.484375,55066.95703125,195743.828125,74037.5078125
2025-04-07,163782.8125,170546.984375,52220.35546875,189806.1875,68892.0546875
2025-04-08,168453.8125,170642.203125,52514.83203125,177733.015625,67176.8984375
2025-04-09,163981.609375,169499.5,52024.0390625,175061.078125,67558.046875
2025-04-10,182069.265625,178069.71875,55361.4296875,181988.3125,72322.3671875
2025-04-11,179684.078125,169023.375,54183.53515625,181097.671875,71655.3671875
2025-04-14,179087.75,170737.4375,55165.11328125,180800.796875,72512.9453125
2025-04-15,179485.296875,178069.71875,55557.75,181988.3125,74323.3828125
2025-04-16,172926.03125,173022.8125,53692.734375,182483.125,76229.1171875
2025-04-17,173919.859375,173022.8125,54085.37109375,181691.4375,76514.96875
2025-04-18,173919.859375,178260.15625,54281.6875,185550.890625,78515.9765625
2025-04-21,175509.96875,178355.390625,54379.84375,185550.890625,78897.125
2025-04-22,172727.265625,176736.5625,53987.2109375,191686.4375,79468.8515625
2025-04-23,179882.828125,180926.4375,54674.3203125,190894.765625,80993.4296875
2025-04-24,177199.5,179878.96875,54674.3203125,189509.3125,80612.2890625
2025-04-25,183261.828125,179783.75,54674.3203125,191488.515625,82803.875
2025-04-28,180876.65625,179974.203125,54772.484375,193467.734375,82518.0078125
2025-04-29,179684.078125,183592.71875,54772.484375,194457.34375,83661.453125
2025-04-30,176404.4375,181497.78125,54478.00390625,198415.75,85948.3203125
2025-05-02,184851.96875,180355.09375,53300.10546875,195347.984375,88806.921875
2025-05-07,189622.328125,178641.0625,53594.58203125,197030.3125,89188.0625
2025-05-08,189125.421875,178164.921875,53594.58203125,186738.421875,90045.640625
2025-05-09,188926.671875,180831.234375,53790.8984375,189014.515625,88517.7421875
2025-05-12,193796.40625,186449.453125,56539.33984375,188222.828125,88710.171875
2025-05-13,197274.8125,187306.5,55852.2265625,186243.625,89095.03125
2025-05-14,204728.53125,187687.375,56343.015625,189212.4375,89864.75
2025-05-15,199262.5,183687.953125,56244.86328125,187233.21875,90057.1796875
2025-05-16,203237.765625,184544.96875,55754.06640625,185847.78125,90057.1796875
2025-05-19,198169.265625,181878.6875,54772.484375,183472.71875,91404.1875
2025-05-20,200753.21875,180450.296875,54870.63671875,183076.875,92654.984375
2025-05-21,199262.5,179021.9375,54674.3203125,182878.96875,94290.640625
2025-05-22,195684.703125,173689.375,53692.734375,181295.59375,93039.84375
2025-05-23,198765.5625,171308.78125,53201.9453125,181196.640625,95252.7890625
2025-05-26,201747.046875,173213.25,53692.734375,186045.703125,98139.2421875
2025-05-27,201250.125,173213.25,52907.46875,181889.359375,98043.0234375
2025-05-28,206716.1875,177022.25,54870.63671875,185748.8125,97177.0859375
2025-05-29,211072.015625,184357.953125,55066.95703125,187332.1875,98812.7421875
2025-05-30,203604.859375,178856.171875,55165.11328125,185550.890625,100352.1796875
2025-06-02,206591.734375,177601.375,55754.06640625,184561.296875,96214.9453125
2025-06-04,216547.9375,179531.828125,56735.65234375,183571.6875,103815.921875
2025-06-05,223517.3125,183006.640625,58011.71484375,189212.4375,102276.4765625
2025-06-09,227997.609375,190921.46875,58698.82421875,196436.546875,106509.9375
2025-06-10,229491.046875,190149.296875,58109.8671875,197920.953125,106702.3671875
2025-06-11,238949.484375,194010.203125,58796.984375,198910.5625,103142.4140625
2025-06-12,234469.15625,194492.8125,58404.34375,196832.390625,101891.6171875
2025-06-13,234469.15625,192079.765625,57226.4453125,198415.75,101987.828125
2025-06-16,246914.453125,194492.8125,56146.703125,207322.203125,103719.6875
2025-06-17,247910.0625,197871.109375,57030.12890625,204353.390625,103046.1953125
2025-06-18,245421.015625,198836.328125,58698.82421875,240968.765625,102949.9765625
2025-06-19,244923.203125,199801.5625,58109.8671875,249380.40625,102661.3359375
2025-06-20,255875.0625,202697.234375,58404.34375,266698.5,102468.90625
2025-06-23,258364.109375,194492.8125,56931.96875,286985.375,103527.2734375
2025-06-24,277280.90625,198836.328125,59385.93359375,287480.1875,108049.375
2025-06-25,284748.09375,209453.8125,60171.203125,280552.9375,105355.3515625
2025-06-26,291717.46875,202214.625,59091.45703125,258286.84375,105740.21875
2025-06-27,282756.875,197871.109375,60046.4765625,254823.234375,106413.71875
2025-06-30,290721.84375,196423.28125,59058.8671875,259771.25,106702.3671875
2025-07-01,284250.34375,202697.234375,59453.91015625,259276.453125,106606.1484375
2025-07-02,277778.75,206075.515625,60046.4765625,249380.40625,109203.953125
2025-07-03,277280.90625,207040.734375,63009.29296875,250370.0,112475.2578125
2025-07-04,269315.96875,203179.859375,62515.4921875,246411.59375,107856.9375
2025-07-07,269813.75,201249.40625,60935.3203125,253338.828125,110069.8828125
2025-07-08,280765.625,203662.453125,60639.03515625,255318.03125,117382.21875
2025-07-09,279770.0,202214.625,59651.4296875,251359.609375,113918.484375
2025-07-10,295699.9375,200766.796875,60243.9921875,256802.4375,112379.046875
2025-07-11,293210.90625,200766.796875,61824.1640625,250370.0,112860.1171875
2025-07-14,298686.84375,209453.8125,61725.40234375,246411.59375,114014.6953125
2025-07-15,297193.40625,203662.453125,62910.53515625,246906.390625,115073.0625
2025-07-16,294704.34375,200284.171875,63898.140625,247401.1875,109300.15625
2025-07-17,268320.3125,202697.234375,65873.359375,240968.765625,110454.75
2025-07-18,267822.53125,203179.859375,66268.390625,239484.359375,109107.734375
2025-07-21,271307.1875,201732.015625,66959.71875,237505.140625,110647.1796875
2025-07-22,267324.71875,199318.9375,65182.03515625,232557.125,110262.3125
2025-07-23,267822.53125,214279.9375,65577.0625,229093.5,110935.8203125
2025-07-24,268320.3125,209936.40625,65182.03515625,224640.28125,112763.90625
2025-07-25,264835.6875,208971.1875,65083.26953125,232062.3125,114303.3515625
2025-07-28,260853.171875,210901.640625,69527.5,233051.921875,106317.4921875
2025-07-29,261350.984375,210419.015625,69725.015625,230577.90625,107087.2265625
2025-07-30,262346.59375,215245.125,71700.2265625,231567.515625,108530.4453125
2025-07-31,272302.84375,205592.90625,70515.1015625,232557.125,106702.3671875
2025-08-01,256870.671875,202697.234375,68046.0859375,222661.078125,101987.828125
2025-08-04,256870.671875,203662.453125,68836.171875,230083.109375,104296.984375
2025-08-05,262346.59375,203179.859375,69033.6875,229588.3125,108145.5859375
2025-08-06,257368.46875,203179.859375,67947.328125,226124.6875,111224.4609375
2025-08-07,260853.171875,205110.28125,69626.25,233051.921875,110647.1796875
2025-08-08,255377.25,205110.28125,70910.140625,227114.296875,110084.6328125
2025-08-11,265831.3125,205110.28125,70120.0625,220681.859375,109308.7109375
2025-08-12,267822.53125,205592.90625,70218.8125,220681.859375,110666.5703125
2025-08-13,276783.15625,208488.578125,71008.90625,222661.078125,111151.53125
2025-08-14,275289.6875,209936.40625,70712.625,222166.265625,109793.65625
2025-08-18,266329.09375,208971.1875,69132.4609375,223650.671875,103974.2109375
2025-08-19,261848.765625,211384.25,69132.4609375,223155.875,106108.0078125
2025-08-20,254381.609375,212832.078125,69626.25,219197.453125,106205.0
2025-08-21,243927.578125,213797.328125,69725.015625,220681.859375,106398.9765625
2025-08-22,249901.328125,212349.46875,70515.1015625,219692.265625,105138.1015625
2025-08-25,258364.109375,214279.9375,70613.8671875,223155.875,106980.921875
2025-08-26,260355.34375,210901.640625,69428.734375,218702.65625,105041.09375
2025-08-27,258861.9375,212349.46875,69725.015625,215733.84375,105235.0859375
2025-08-28,267710.84375,216742.90625,68737.4140625,215239.03125,105817.0390625
2025-08-29,268209.375,214790.28125,68836.171875,212270.21875,104944.1171875
2025-09-01,255247.59375,215278.4375,66762.1953125,213259.828125,103877.21875
2025-09-02,259734.359375,214790.28125,68243.6015625,222661.078125,105526.0625
2025-09-03,261728.46875,216254.75,68934.9375,218702.65625,106883.9375
2025-09-04,264719.6875,216254.75,69231.2109375,224640.28125,105235.0859375
2025-09-05,272696.125,214790.28125,68638.6484375,226619.5,105332.078125
2025-09-08,276185.84375,213325.796875,69231.2109375,225629.890625,103489.25
2025-09-09,287153.5,213813.953125,70613.8671875,228598.703125,106592.9609375
2025-09-10,303106.46875,215278.4375,71700.2265625,231072.71875,114061.2578125
2025-09-11,306097.71875,217719.21875,72490.3203125,230577.90625,114061.2578125
2025-09-12,327534.5,218207.375,74465.5234375,233546.71875,115710.1015625
2025-09-15,330027.125,209908.671875,75551.8984375,231567.515625,116001.0703125
2025-09-16,346977.15625,209908.671875,78415.953125,232557.125,114255.2421875
2025-09-17,332519.78125,210885.0,77230.828125,231072.71875,114740.1953125
2025-09-18,354455.125,211373.140625,79304.796875,234288.921875,113382.3203125
2025-09-22,349968.34375,212837.625,82465.140625,229588.3125,113382.3203125
2025-09-23,359938.96875,213813.953125,83650.2734375,228598.703125,111927.453125
2025-09-24,356449.21875,212349.46875,84341.59375,225629.890625,111830.4609375
2025-09-25,355452.1875,211861.3125,85032.9140625,251359.609375,110860.5625
2025-09-26,335511.0,209420.515625,82267.6171875,253833.625,109308.7109375
2025-09-29,347974.21875,209908.671875,83527.4765625,271646.5,112218.421875
2025-09-30,346478.65625,209908.671875,83229.875,265708.875,112024.453125
2025-10-01,358941.90625,210396.84375,85313.09375,251854.421875,112800.3671875
2025-10-02,394337.59375,214790.28125,89033.15625,250370.0,113770.2890625
2025-10-10,426742.03125,211861.3125,93646.0078125,264719.28125,109405.6953125
2025-10-13,413780.28125,213325.796875,92554.796875,259771.25,108241.796875
2025-10-14,410290.53125,217719.21875,90868.375,255318.03125,107562.875
2025-10-15,421258.25,218207.375,94241.2109375,255812.828125,112218.421875
2025-10-16,451170.03125,236269.296875,96919.6484375,257792.046875,110278.609375
2025-10-17,464131.8125,237245.609375,97118.046875,252844.015625,110569.59375
2025-10-20,484073.0625,242127.203125,97316.453125,255318.03125,114643.203125
2025-10-21,477592.15625,250425.921875,96721.25,251854.421875,112994.359375
2025-10-22,480084.78125,254819.359375,97812.4609375,252844.015625,112315.421875
2025-10-23,477093.625,246032.484375,95729.234375,239979.15625,111345.5078125
2025-10-24,508501.03125,246520.640625,98010.8671875,244432.375,110375.6015625
2025-10-27,533427.5625,248473.296875,101185.296875,248390.796875,114449.21875
2025-10-28,519468.71875,244568.015625,98705.2734375,250370.0,112897.3671875
2025-10-29,556359.9375,251890.40625,99697.2890625,262245.25,112509.3984375
2025-10-30,566330.5625,258724.625,103268.53125,252844.015625,112315.421875
2025-10-31,557357.0,283132.625,106641.3828125,264719.28125,113091.34375
2025-11-03,618177.6875,284597.09375,110212.625,271646.5,114449.21875
2025-11-04,584277.6875,269464.125,104062.140625,264224.46875,118231.8671875
2025-11-05,577298.25,262141.75,99796.484375,275604.9375,117940.8984375
2025-11-06,591257.125,262629.875,98407.6640625,261255.65625,121529.5546875
2025-11-07,578295.25,257748.3125,97118.046875,257297.234375,119977.6953125
2025-11-10,604218.8125,264094.40625,99796.484375,257297.234375,125118.21875
2025-11-11,617180.625,262629.875,102673.328125,260266.0625,126767.0625
2025-11-12,615186.5,268976.0,102276.515625,260760.859375,130646.6953125
2025-11-13,610201.3125,271904.96875,101978.921875,262740.0625,130383.0078125
2025-11-14,558354.0625,266047.03125,96423.640625,250864.8125,126476.390625
2025-11-17,604218.8125,265070.6875,99796.484375,252349.21875,123839.4296875
2025-11-18,568324.6875,258236.5,97018.8515625,246411.59375,119639.828125
2025-11-19,560348.25,257748.3125,95729.234375,245916.78125,119346.84375
2025-11-20,569321.75,255795.6875,99796.484375,254328.421875,118370.1796875
2025-11-21,519468.71875,253354.890625,94042.8203125,259771.25,117686.5234375
2025-11-24,518471.625,251402.25,95927.640625,258286.84375,117491.1875
2025-11-25,517474.5625,251402.25,98506.8671875,250370.0,118858.5078125
2025-11-26,522459.90625,255307.53125,101978.921875,260760.859375,121788.46875
2025-11-27,542789.5625,257771.890625,102673.328125,248885.59375,120811.8125
2025-11-28,528820.6875,257771.890625,99697.2890625,241463.5625,121886.1328125
2025-12-01,536802.9375,250871.671875,99994.8984375,240473.953125,123351.109375
2025-12-02,556758.375,262207.71875,102574.125,240473.953125,128918.0234375
2025-12-03,550771.75,262700.59375,103665.3359375,243937.578125,128625.0234375
2025-12-04,540794.0,279458.25,104260.546875,244432.375,125792.7421875
2025-12-05,542789.5625,310509.15625,107534.1875,246906.390625,127648.375
2025-12-08,575716.125,311002.03125,108625.3984375,246411.59375,124913.75
2025-12-09,564740.625,302623.21875,107534.1875,245421.984375,123058.1171875
2025-12-10,585693.875,298187.375,107137.375,241958.359375,121593.1328125
2025-12-11,563742.875,291287.15625,106442.96875,240968.765625,121886.1328125
2025-12-12,569729.5,297201.625,108030.1953125,241958.359375,123155.7734375
2025-12-15,552767.3125,289315.6875,103962.9453125,237999.953125,121983.7890625
2025-12-16,528820.6875,281922.59375,101978.921875,229093.5,120811.8125
2025-12-17,549774.0,281922.59375,107038.1796875,228598.703125,121397.796875
2025-12-18,550771.75,278472.5,106740.5859375,228103.90625,121104.8046875
2025-12-19,545782.875,284386.96875,105450.9609375,233051.921875,122276.7890625
2025-12-22,578709.4375,284879.8125,109617.4140625,235525.9375,123546.4375
2025-12-23,582700.5625,282908.3125,110609.4296875,234536.328125,123058.1171875
2025-12-24,586691.6875,284879.8125,110212.625,234041.53125,123155.7734375
2025-12-26,597667.25,281922.59375,116065.4921875,229093.5,121690.796875
2025-12-29,638576.0,289315.6875,119121.796875,239484.359375,122667.453125
2025-12-30,649551.5,292272.90625,119520.53125,239979.15625,121788.46875
