fold,max_depth,min_samples_leaf,test_start,test_end,test_rows,test_signals,rf_rmse,rf_mae,rf_r2,mean_ic,median_ic
1,8.0,100,2021-11-04,2022-05-04,1250,25,0.06402979754678921,0.04707430952573367,-0.008840648333260148,-0.026254895194565395,-0.022136854741896757
2,,100,2022-05-04,2022-11-04,1250,25,0.07034466060384927,0.05227152215549593,-0.18448605562038023,0.0012849939975990376,0.023865546218487393
3,5.0,200,2022-11-04,2023-05-04,1248,25,0.07449421046395326,0.04891353980584491,-0.009241527750335932,-0.00919635063331738,-0.004273709483793517
4,,50,2023-05-04,2023-11-04,1250,25,0.07803709394010021,0.051982894301577855,-0.03821472289054828,0.01654357743097239,0.03683073229291716
5,5.0,50,2023-11-04,2024-05-04,1197,24,0.0761721742528059,0.05163230887616101,-0.00779471645733576,-0.09160678676918345,-0.10309654698998404
6,,50,2024-05-04,2024-11-04,1249,25,0.08109767484611652,0.05645038569712816,0.01743879359861933,0.07777695078031213,0.05008403361344538
7,,50,2024-11-04,2025-05-04,1198,24,0.08408412055622216,0.062163979890413494,-0.0011473593571227347,-0.018259053621448574,0.02957983193277311
8,5.0,50,2025-05-04,2025-11-04,1249,25,0.08015676506725018,0.057289412064857145,-0.06814440877259931,-0.047188250085430906,-0.037818136070611574
9,5.0,200,2025-11-04,2026-05-04,1249,25,0.09818244400949473,0.06790184261706628,-0.0017687034069484575,0.02494429453518877,0.05027611044417767
